Date,Open,High,Low,Close,Adj Close,Volume
2018-10-04,22.25,22.25,22.25,22.25,21.60455894470215,144000
2018-10-05,20.049999237060547,24.0,20.049999237060547,23.299999237060547,22.624099731445312,678000
2018-10-08,22.149999618530273,23.75,21.600000381469727,21.899999618530273,21.264713287353516,72000
2018-10-09,22.0,22.0,20.100000381469727,20.25,19.66257667541504,63000
2018-10-10,20.0,20.0,18.25,18.5,17.963340759277344,63000
2018-10-11,17.649999618530273,18.299999237060547,17.600000381469727,17.600000381469727,17.089448928833008,78000
2018-10-12,18.149999618530273,18.25,18.149999618530273,18.25,17.72059440612793,15000
2018-10-15,18.25,18.25,17.350000381469727,17.700000762939453,17.186548233032227,36000
2018-10-16,16.899999618530273,17.0,16.850000381469727,16.950000762939453,16.45830535888672,12000
2018-10-17,17.399999618530273,17.75,17.399999618530273,17.75,17.235095977783203,15000
2018-10-19,18.600000381469727,18.600000381469727,18.600000381469727,18.600000381469727,18.060440063476562,6000
2018-10-22,19.149999618530273,19.5,19.149999618530273,19.200000762939453,18.643035888671875,18000
2018-10-23,19.0,20.149999618530273,19.0,20.149999618530273,19.56547737121582,30000
2018-10-24,21.149999618530273,21.149999618530273,21.149999618530273,21.149999618530273,20.536466598510742,9000
2018-10-25,20.100000381469727,21.0,20.100000381469727,20.100000381469727,19.51692771911621,9000
2018-10-26,20.200000762939453,20.200000762939453,19.100000381469727,19.25,18.691585540771484,24000
2018-10-29,18.399999618530273,19.899999618530273,18.399999618530273,19.600000381469727,19.031431198120117,12000
2018-10-30,20.200000762939453,20.200000762939453,20.200000762939453,20.200000762939453,19.61402702331543,3000
2018-10-31,20.149999618530273,20.149999618530273,20.149999618530273,20.149999618530273,19.56547737121582,3000
2018-11-01,20.5,21.149999618530273,20.5,21.149999618530273,20.536466598510742,66000
2018-11-02,21.0,21.5,21.0,21.5,20.87631607055664,6000
2018-11-05,22.0,22.0,22.0,22.0,21.3618106842041,3000
2018-11-06,22.0,22.0,22.0,22.0,21.3618106842041,3000
2018-11-07,22.0,22.0,22.0,22.0,21.3618106842041,3000
2018-11-09,21.200000762939453,21.200000762939453,20.899999618530273,20.899999618530273,20.293720245361328,12000
2018-11-12,20.049999237060547,20.049999237060547,19.899999618530273,19.899999618530273,19.322729110717773,12000
2018-11-13,19.899999618530273,19.899999618530273,19.899999618530273,19.899999618530273,19.322729110717773,0
2018-11-14,19.899999618530273,19.899999618530273,19.899999618530273,19.899999618530273,19.322729110717773,9000
2018-11-15,19.899999618530273,19.899999618530273,19.899999618530273,19.899999618530273,19.322729110717773,0
2018-11-16,18.950000762939453,18.950000762939453,18.950000762939453,18.950000762939453,18.40028953552246,3000
2018-11-19,18.25,18.25,18.049999237060547,18.049999237060547,17.526391983032227,12000
2018-11-20,17.149999618530273,17.200000762939453,17.149999618530273,17.149999618530273,16.652502059936523,12000
2018-11-21,17.149999618530273,17.149999618530273,17.149999618530273,17.149999618530273,16.652502059936523,0
2018-11-22,17.399999618530273,17.399999618530273,17.399999618530273,17.399999618530273,16.89525032043457,3000
2018-11-26,17.5,17.5,17.5,17.5,16.99234962463379,3000
2018-11-27,17.0,17.0,17.0,17.0,16.506853103637695,6000
2018-11-28,17.0,17.5,17.0,17.5,16.99234962463379,6000
2018-11-29,17.5,17.5,17.5,17.5,16.99234962463379,3000
2018-11-30,17.5,17.5,17.5,17.5,16.99234962463379,0
2018-12-03,17.5,17.5,17.5,17.5,16.99234962463379,3000
2018-12-04,17.5,17.5,17.5,17.5,16.99234962463379,3000
2018-12-05,17.5,17.5,17.5,17.5,16.99234962463379,0
2018-12-06,16.700000762939453,16.700000762939453,16.700000762939453,16.700000762939453,16.215557098388672,3000
2018-12-07,16.700000762939453,16.700000762939453,16.700000762939453,16.700000762939453,16.215557098388672,0
2018-12-10,16.700000762939453,16.700000762939453,16.700000762939453,16.700000762939453,16.215557098388672,0
2018-12-11,16.700000762939453,16.700000762939453,16.700000762939453,16.700000762939453,16.215557098388672,0
2018-12-12,16.700000762939453,16.700000762939453,16.700000762939453,16.700000762939453,16.215557098388672,0
2018-12-13,16.700000762939453,16.700000762939453,16.700000762939453,16.700000762939453,16.215557098388672,0
2018-12-14,16.700000762939453,16.700000762939453,16.700000762939453,16.700000762939453,16.215557098388672,0
2018-12-17,16.899999618530273,16.899999618530273,16.700000762939453,16.700000762939453,16.215557098388672,6000
2018-12-18,16.700000762939453,16.700000762939453,16.700000762939453,16.700000762939453,16.215557098388672,3000
2018-12-19,17.0,17.0,16.799999237060547,16.799999237060547,16.312654495239258,12000
2018-12-20,16.799999237060547,16.799999237060547,16.799999237060547,16.799999237060547,16.312654495239258,3000
2018-12-21,16.799999237060547,16.799999237060547,16.799999237060547,16.799999237060547,16.312654495239258,0
2018-12-24,17.0,17.100000381469727,14.5,14.5,14.079376220703125,18000
2018-12-26,14.5,14.5,14.5,14.5,14.079376220703125,0
2018-12-27,15.75,16.100000381469727,15.75,16.100000381469727,15.632962226867676,6000
2018-12-28,15.699999809265137,15.699999809265137,15.699999809265137,15.699999809265137,15.2445650100708,3000
2018-12-31,15.699999809265137,15.699999809265137,15.699999809265137,15.699999809265137,15.2445650100708,0
2019-01-01,16.0,16.0,16.0,16.0,15.535862922668457,3000
2019-01-02,15.300000190734863,15.300000190734863,15.300000190734863,15.300000190734863,14.856168746948242,3000
2019-01-03,15.300000190734863,15.300000190734863,15.300000190734863,15.300000190734863,14.856168746948242,0
2019-01-04,15.050000190734863,15.050000190734863,15.0,15.0,14.56486988067627,6000
2019-01-07,15.0,15.0,14.100000381469727,14.100000381469727,13.69097900390625,9000
2019-01-08,13.300000190734863,13.300000190734863,13.300000190734863,13.300000190734863,12.914185523986816,3000
2019-01-09,13.300000190734863,13.300000190734863,13.300000190734863,13.300000190734863,12.914185523986816,0
2019-01-10,13.399999618530273,13.699999809265137,13.399999618530273,13.699999809265137,13.302581787109375,9000
2019-01-11,14.350000381469727,14.350000381469727,14.350000381469727,14.350000381469727,13.933727264404297,3000
2019-01-14,14.449999809265137,14.5,14.449999809265137,14.5,14.079376220703125,6000
2019-01-15,14.649999618530273,14.649999618530273,14.649999618530273,14.649999618530273,14.225024223327637,3000
2019-01-16,15.0,15.899999618530273,14.350000381469727,15.899999618530273,15.438763618469238,9000
2019-01-17,15.899999618530273,15.899999618530273,15.899999618530273,15.899999618530273,15.438763618469238,0
2019-01-18,16.0,16.0,15.5,15.5,15.050366401672363,6000
2019-01-21,15.5,16.649999618530273,15.5,16.649999618530273,16.16700553894043,6000
2019-01-22,15.149999618530273,16.549999237060547,15.149999618530273,16.549999237060547,16.06990623474121,6000
2019-01-23,16.600000381469727,16.600000381469727,16.600000381469727,16.600000381469727,16.118459701538086,3000
2019-01-24,16.5,16.5,16.5,16.5,16.021358489990234,3000
2019-01-25,16.5,16.5,16.5,16.5,16.021358489990234,0
2019-01-28,19.350000381469727,19.350000381469727,16.799999237060547,16.799999237060547,16.312654495239258,12000
2019-01-29,16.950000762939453,16.950000762939453,15.75,15.75,15.293115615844727,6000
2019-01-30,16.100000381469727,16.100000381469727,15.5,15.5,15.050366401672363,6000
2019-01-31,15.050000190734863,15.050000190734863,15.0,15.0,14.56486988067627,6000
2019-02-01,15.0,15.0,15.0,15.0,14.56486988067627,3000
2019-02-04,15.0,15.0,15.0,15.0,14.56486988067627,0
2019-02-05,15.149999618530273,15.149999618530273,14.800000190734863,14.800000190734863,14.370673179626465,6000
2019-02-06,14.800000190734863,14.800000190734863,14.800000190734863,14.800000190734863,14.370673179626465,0
2019-02-07,14.800000190734863,14.800000190734863,14.800000190734863,14.800000190734863,14.370673179626465,0
2019-02-08,15.0,15.399999618530273,15.0,15.399999618530273,14.953268051147461,6000
2019-02-11,14.649999618530273,16.0,14.649999618530273,16.0,15.535862922668457,9000
2019-02-12,16.0,16.0,16.0,16.0,15.535862922668457,0
2019-02-14,16.200000762939453,16.200000762939453,16.200000762939453,16.200000762939453,15.730061531066895,6000
2019-02-15,16.200000762939453,16.200000762939453,16.200000762939453,16.200000762939453,15.730061531066895,0
2019-02-18,16.200000762939453,16.299999237060547,16.0,16.0,15.535862922668457,9000
2019-02-19,16.0,16.0,16.0,16.0,15.535862922668457,0
2019-02-20,16.0,16.0,16.0,16.0,15.535862922668457,0
2019-02-21,15.800000190734863,15.800000190734863,15.300000190734863,15.300000190734863,14.856168746948242,9000
2019-02-22,15.25,15.5,15.25,15.5,15.050366401672363,6000
2019-02-25,15.0,15.0,15.0,15.0,14.56486988067627,3000
2019-02-26,15.5,15.5,15.5,15.5,15.050366401672363,3000
2019-02-27,15.050000190734863,15.050000190734863,15.050000190734863,15.050000190734863,14.613421440124512,3000
2019-02-28,15.699999809265137,15.699999809265137,15.699999809265137,15.699999809265137,15.2445650100708,3000
2019-03-01,15.199999809265137,15.199999809265137,15.199999809265137,15.199999809265137,14.759069442749023,3000
2019-03-05,15.25,15.949999809265137,15.199999809265137,15.199999809265137,14.759069442749023,24000
2019-03-06,15.199999809265137,15.199999809265137,15.199999809265137,15.199999809265137,14.759069442749023,0
2019-03-07,15.199999809265137,15.199999809265137,15.199999809265137,15.199999809265137,14.759069442749023,0
2019-03-08,15.199999809265137,15.199999809265137,15.199999809265137,15.199999809265137,14.759069442749023,0
2019-03-11,15.199999809265137,15.199999809265137,15.199999809265137,15.199999809265137,14.759069442749023,0
2019-03-12,15.300000190734863,15.300000190734863,15.300000190734863,15.300000190734863,14.856168746948242,3000
2019-03-13,16.049999237060547,16.049999237060547,16.0,16.049999237060547,15.58441162109375,15000
2019-03-14,16.100000381469727,16.450000762939453,16.100000381469727,16.450000762939453,15.972810745239258,18000
2019-03-15,16.450000762939453,16.450000762939453,16.450000762939453,16.450000762939453,15.972810745239258,0
2019-03-18,15.649999618530273,16.100000381469727,15.649999618530273,16.0,15.535862922668457,18000
2019-03-19,16.0,16.0,16.0,16.0,15.535862922668457,3000
2019-03-20,16.0,16.0,16.0,16.0,15.535862922668457,6000
2019-03-22,15.199999809265137,16.200000762939453,15.199999809265137,15.25,14.807619094848633,429000
2019-03-25,16.0,16.0,15.600000381469727,15.600000381469727,15.147466659545898,21000
2019-03-26,16.0,16.0,16.0,16.0,15.535862922668457,3000
2019-03-27,15.600000381469727,15.800000190734863,15.399999618530273,15.5,15.050366401672363,15000
2019-03-28,15.949999809265137,16.0,15.949999809265137,16.0,15.535862922668457,6000
2019-04-01,15.699999809265137,15.699999809265137,15.5,15.5,15.050366401672363,6000
2019-04-02,15.699999809265137,15.699999809265137,15.5,15.5,15.050366401672363,6000
2019-04-03,15.5,15.5,15.5,15.5,15.050366401672363,3000
2019-04-04,14.850000381469727,14.850000381469727,14.850000381469727,14.850000381469727,14.419222831726074,3000
2019-04-05,14.949999809265137,15.0,14.800000190734863,14.800000190734863,14.370673179626465,12000
2019-04-08,15.0,15.0,15.0,15.0,14.56486988067627,3000
2019-04-09,15.0,15.699999809265137,14.350000381469727,14.350000381469727,13.933727264404297,9000
2019-04-10,14.5,14.5,14.5,14.5,14.079376220703125,12000
2019-04-11,14.5,14.5,14.5,14.5,14.079376220703125,0
2019-04-12,14.949999809265137,15.0,14.949999809265137,15.0,14.56486988067627,9000
2019-04-15,15.0,15.0,15.0,15.0,14.56486988067627,0
2019-04-16,15.5,15.5,15.199999809265137,15.199999809265137,14.759069442749023,6000
2019-04-18,15.25,15.25,15.199999809265137,15.199999809265137,14.759069442749023,6000
2019-04-22,15.5,15.5,15.199999809265137,15.199999809265137,14.759069442749023,15000
2019-04-23,15.199999809265137,15.199999809265137,15.199999809265137,15.199999809265137,14.759069442749023,0
2019-04-24,15.199999809265137,15.199999809265137,15.199999809265137,15.199999809265137,14.759069442749023,3000
2019-04-25,15.800000190734863,15.800000190734863,15.800000190734863,15.800000190734863,15.34166431427002,3000
2019-04-26,15.050000190734863,15.050000190734863,15.050000190734863,15.050000190734863,14.613421440124512,3000
2019-04-30,14.399999618530273,14.399999618530273,14.399999618530273,14.399999618530273,13.98227596282959,3000
2019-05-02,15.100000381469727,15.100000381469727,14.800000190734863,15.100000381469727,14.661971092224121,39000
2019-05-03,15.699999809265137,15.850000381469727,15.699999809265137,15.850000381469727,15.390213966369629,6000
2019-05-06,15.199999809265137,15.5,15.199999809265137,15.5,15.050366401672363,18000
2019-05-07,15.5,15.5,15.5,15.5,15.050366401672363,0
2019-05-08,15.100000381469727,15.100000381469727,15.100000381469727,15.100000381469727,14.661971092224121,3000
2019-05-09,15.100000381469727,15.100000381469727,15.100000381469727,15.100000381469727,14.661971092224121,0
2019-05-10,15.100000381469727,15.100000381469727,15.100000381469727,15.100000381469727,14.661971092224121,0
2019-05-13,15.100000381469727,15.100000381469727,15.100000381469727,15.100000381469727,14.661971092224121,0
2019-05-14,14.5,15.5,14.5,15.449999809265137,15.00181770324707,24000
2019-05-15,15.449999809265137,15.449999809265137,15.449999809265137,15.449999809265137,15.00181770324707,0
2019-05-16,15.050000190734863,15.050000190734863,15.050000190734863,15.050000190734863,14.613421440124512,3000
2019-05-17,15.0,15.0,15.0,15.0,14.56486988067627,9000
2019-05-20,15.0,15.0,14.899999618530273,15.0,14.56486988067627,33000
2019-05-21,15.0,15.0,15.0,15.0,14.56486988067627,3000
2019-05-22,14.899999618530273,15.75,14.899999618530273,15.649999618530273,15.196014404296875,27000
2019-05-23,15.649999618530273,15.649999618530273,15.649999618530273,15.649999618530273,15.196014404296875,0
2019-05-24,14.899999618530273,14.899999618530273,14.899999618530273,14.899999618530273,14.467771530151367,3000
2019-05-27,14.899999618530273,14.899999618530273,14.899999618530273,14.899999618530273,14.467771530151367,0
2019-05-28,15.0,15.0,15.0,15.0,14.56486988067627,3000
2019-05-29,15.0,15.0,15.0,15.0,14.56486988067627,0
2019-05-30,14.300000190734863,14.300000190734863,14.300000190734863,14.300000190734863,13.885177612304688,3000
2019-05-31,14.5,14.5,14.5,14.5,14.079376220703125,15000
2019-06-03,14.5,14.5,14.5,14.5,14.079376220703125,0
2019-06-04,14.5,14.5,14.5,14.5,14.079376220703125,3000
2019-06-06,14.5,14.5,14.5,14.5,14.079376220703125,0
2019-06-07,14.5,14.5,14.5,14.5,14.079376220703125,0
2019-06-10,14.5,14.5,14.5,14.5,14.079376220703125,6000
2019-06-11,14.649999618530273,14.649999618530273,14.649999618530273,14.649999618530273,14.225024223327637,3000
2019-06-12,14.5,14.699999809265137,14.449999809265137,14.699999809265137,14.273573875427246,9000
2019-06-13,14.949999809265137,14.949999809265137,14.949999809265137,14.949999809265137,14.516321182250977,3000
2019-06-14,14.949999809265137,14.949999809265137,14.949999809265137,14.949999809265137,14.516321182250977,0
2019-06-17,14.300000190734863,14.600000381469727,14.300000190734863,14.449999809265137,14.0308256149292,15000
2019-06-18,14.449999809265137,14.449999809265137,14.449999809265137,14.449999809265137,14.0308256149292,0
2019-06-19,14.5,14.5,14.399999618530273,14.399999618530273,13.98227596282959,6000
2019-06-20,15.0,15.0,14.399999618530273,14.5,14.079376220703125,18000
2019-06-21,14.5,14.5,14.5,14.5,14.079376220703125,0
2019-06-24,14.5,14.5,14.5,14.5,14.079376220703125,0
2019-06-25,14.5,14.5,14.5,14.5,14.079376220703125,0
2019-06-26,14.5,14.5,14.5,14.5,14.079376220703125,3000
2019-06-27,14.5,14.5,14.5,14.5,14.079376220703125,0
2019-06-28,14.5,14.5,14.5,14.5,14.079376220703125,0
2019-07-01,13.800000190734863,13.800000190734863,13.800000190734863,13.800000190734863,13.39968204498291,3000
2019-07-02,13.800000190734863,13.800000190734863,13.800000190734863,13.800000190734863,13.39968204498291,0
2019-07-03,14.199999809265137,14.199999809265137,14.199999809265137,14.199999809265137,13.788078308105469,6000
2019-07-04,14.199999809265137,14.199999809265137,14.199999809265137,14.199999809265137,13.788078308105469,0
2019-07-05,14.199999809265137,14.199999809265137,14.199999809265137,14.199999809265137,13.788078308105469,0
2019-07-08,14.199999809265137,14.199999809265137,14.199999809265137,14.199999809265137,13.788078308105469,0
2019-07-09,13.5,13.5,13.5,13.5,13.108384132385254,6000
2019-07-10,13.5,13.5,13.5,13.5,13.108384132385254,3000
2019-07-11,13.5,13.5,13.5,13.5,13.108384132385254,0
2019-07-12,12.850000381469727,14.149999618530273,12.850000381469727,14.100000381469727,13.69097900390625,27000
2019-07-15,14.100000381469727,14.100000381469727,14.100000381469727,14.100000381469727,13.69097900390625,0
2019-07-16,14.100000381469727,14.100000381469727,14.100000381469727,14.100000381469727,13.69097900390625,0
2019-07-17,14.100000381469727,14.100000381469727,14.100000381469727,14.100000381469727,13.69097900390625,0
2019-07-18,13.600000381469727,13.600000381469727,13.600000381469727,13.600000381469727,13.205483436584473,3000
2019-07-19,13.600000381469727,13.600000381469727,13.5,13.5,13.108384132385254,6000
2019-07-22,13.5,13.5,13.5,13.5,13.108384132385254,0
2019-07-23,13.5,13.5,13.5,13.5,13.108384132385254,15000
2019-07-24,13.350000381469727,13.350000381469727,13.350000381469727,13.350000381469727,12.962735176086426,6000
2019-07-25,13.350000381469727,13.350000381469727,13.350000381469727,13.350000381469727,12.962735176086426,0
2019-07-26,13.399999618530273,13.5,13.399999618530273,13.5,13.108384132385254,15000
2019-07-29,13.5,13.5,13.399999618530273,13.399999618530273,13.011284828186035,30000
2019-07-30,13.300000190734863,13.300000190734863,13.300000190734863,13.300000190734863,12.914185523986816,3000
2019-07-31,13.0,13.0,13.0,13.0,12.62288761138916,3000
2019-08-01,12.699999809265137,12.699999809265137,12.399999618530273,12.449999809265137,12.08884334564209,24000
2019-08-02,12.199999809265137,12.199999809265137,11.899999618530273,11.899999618530273,11.554797172546387,42000
2019-08-05,11.600000381469727,11.600000381469727,11.399999618530273,11.5,11.166401863098145,21000
2019-08-06,11.050000190734863,12.050000190734863,11.050000190734863,12.050000190734863,11.700446128845215,6000
2019-08-07,11.5,11.5,11.5,11.5,11.166401863098145,6000
2019-08-08,11.5,11.5,11.5,11.5,11.166401863098145,0
2019-08-09,11.5,11.5,11.5,11.5,11.166401863098145,0
2019-08-13,11.5,11.5,11.449999809265137,11.449999809265137,11.117850303649902,12000
2019-08-14,11.600000381469727,11.600000381469727,11.600000381469727,11.600000381469727,11.263500213623047,3000
2019-08-16,11.800000190734863,12.149999618530273,11.800000190734863,12.100000381469727,11.748995780944824,15000
2019-08-19,12.0,12.0,12.0,12.0,11.651897430419922,51000
2019-08-20,12.600000381469727,12.600000381469727,12.600000381469727,12.600000381469727,12.234492301940918,3000
2019-08-21,12.600000381469727,12.600000381469727,12.600000381469727,12.600000381469727,12.234492301940918,0
2019-08-22,12.0,12.0,12.0,12.0,11.651897430419922,9000
2019-08-23,12.0,12.0,12.0,12.0,11.651897430419922,0
2019-08-26,12.0,12.0,12.0,12.0,11.651897430419922,0
2019-08-27,12.0,12.0,12.0,12.0,11.651897430419922,0
2019-08-28,12.0,12.0,12.0,12.0,11.651897430419922,0
2019-08-29,12.0,12.0,12.0,12.0,11.651897430419922,0
2019-08-30,12.0,12.0,12.0,12.0,11.651897430419922,0
2019-09-03,12.0,12.0,12.0,12.0,11.651897430419922,0
2019-09-04,11.5,11.5,11.399999618530273,11.449999809265137,11.117850303649902,12000
2019-09-05,10.899999618530273,10.899999618530273,10.899999618530273,10.899999618530273,10.583806037902832,15000
2019-09-06,10.449999809265137,10.449999809265137,10.399999618530273,10.399999618530273,10.098310470581055,15000
2019-09-09,10.899999618530273,10.899999618530273,10.899999618530273,10.899999618530273,10.583806037902832,6000
2019-09-11,11.0,11.0,11.0,11.0,10.68090534210205,12000
2019-09-12,11.0,11.0,10.75,10.75,10.43815803527832,6000
2019-09-13,10.75,10.75,10.75,10.75,10.43815803527832,0
2019-09-16,10.75,10.75,10.75,10.75,10.43815803527832,0
2019-09-17,10.699999809265137,10.699999809265137,10.699999809265137,10.699999809265137,10.389607429504395,3000
2019-09-18,10.699999809265137,10.699999809265137,10.699999809265137,10.699999809265137,10.389607429504395,0
2019-09-19,11.199999809265137,11.199999809265137,11.199999809265137,11.199999809265137,10.875103950500488,9000
2019-09-20,11.199999809265137,11.199999809265137,11.199999809265137,11.199999809265137,10.875103950500488,0
2019-09-23,11.0,11.0,11.0,11.0,10.68090534210205,3000
2019-09-24,11.0,11.0,11.0,11.0,10.68090534210205,0
2019-09-25,10.699999809265137,10.699999809265137,10.699999809265137,10.699999809265137,10.389607429504395,3000
2019-09-26,10.699999809265137,10.699999809265137,10.699999809265137,10.699999809265137,10.389607429504395,0
2019-09-27,10.699999809265137,10.699999809265137,10.699999809265137,10.699999809265137,10.389607429504395,0
2019-09-30,10.699999809265137,10.699999809265137,10.699999809265137,10.699999809265137,10.389607429504395,0
2019-10-01,10.699999809265137,10.699999809265137,10.699999809265137,10.699999809265137,10.389607429504395,0
2019-10-03,10.699999809265137,10.699999809265137,10.699999809265137,10.699999809265137,10.389607429504395,0
2019-10-04,10.699999809265137,10.699999809265137,10.699999809265137,10.699999809265137,10.389607429504395,0
2019-10-07,10.699999809265137,10.699999809265137,10.199999809265137,10.199999809265137,9.904111862182617,9000
2019-10-09,10.199999809265137,10.199999809265137,10.199999809265137,10.199999809265137,9.904111862182617,0
2019-10-10,10.199999809265137,10.199999809265137,10.199999809265137,10.199999809265137,9.904111862182617,0
2019-10-11,10.5,10.699999809265137,10.5,10.699999809265137,10.389607429504395,6000
2019-10-14,10.699999809265137,10.699999809265137,10.699999809265137,10.699999809265137,10.389607429504395,0
2019-10-15,10.600000381469727,10.600000381469727,10.600000381469727,10.600000381469727,10.292510032653809,3000
2019-10-16,10.600000381469727,10.600000381469727,10.600000381469727,10.600000381469727,10.292510032653809,0
2019-10-17,10.600000381469727,10.600000381469727,10.600000381469727,10.600000381469727,10.292510032653809,3000
2019-10-18,10.649999618530273,10.649999618530273,10.649999618530273,10.649999618530273,10.341057777404785,3000
2019-10-22,10.649999618530273,10.649999618530273,10.649999618530273,10.649999618530273,10.341057777404785,0
2019-10-23,10.649999618530273,10.649999618530273,10.649999618530273,10.649999618530273,10.341057777404785,0
2019-10-24,11.149999618530273,11.149999618530273,11.149999618530273,11.149999618530273,10.826554298400879,3000
2019-10-25,11.149999618530273,11.149999618530273,11.149999618530273,11.149999618530273,10.826554298400879,0
2019-10-29,11.149999618530273,11.149999618530273,11.149999618530273,11.149999618530273,10.826554298400879,0
2019-10-30,10.699999809265137,10.699999809265137,10.699999809265137,10.699999809265137,10.389607429504395,3000
2019-10-31,10.699999809265137,10.699999809265137,10.699999809265137,10.699999809265137,10.389607429504395,0
2019-11-01,10.699999809265137,10.699999809265137,10.699999809265137,10.699999809265137,10.389607429504395,0
2019-11-04,10.5,11.199999809265137,10.5,11.199999809265137,10.875103950500488,9000
2019-11-05,11.199999809265137,11.199999809265137,11.199999809265137,11.199999809265137,10.875103950500488,0
2019-11-06,11.199999809265137,11.199999809265137,11.199999809265137,11.199999809265137,10.875103950500488,0
2019-11-07,11.199999809265137,11.199999809265137,11.199999809265137,11.199999809265137,10.875103950500488,0
2019-11-08,11.199999809265137,11.199999809265137,11.199999809265137,11.199999809265137,10.875103950500488,0
2019-11-11,11.199999809265137,11.199999809265137,11.199999809265137,11.199999809265137,10.875103950500488,0
2019-11-13,11.199999809265137,11.199999809265137,11.199999809265137,11.199999809265137,10.875103950500488,0
2019-11-14,11.199999809265137,11.199999809265137,11.199999809265137,11.199999809265137,10.875103950500488,0
2019-11-15,10.25,10.25,10.25,10.25,9.952662467956543,3000
2019-11-18,10.25,10.25,10.25,10.25,9.952662467956543,0
2019-11-19,10.75,10.75,10.75,10.75,10.43815803527832,9000
2019-11-20,10.75,10.75,10.75,10.75,10.43815803527832,0
2019-11-21,10.75,10.75,10.75,10.75,10.43815803527832,0
2019-11-22,10.75,10.75,10.75,10.75,10.43815803527832,0
2019-11-25,10.75,10.75,10.75,10.75,10.43815803527832,0
2019-11-26,10.75,10.75,10.75,10.75,10.43815803527832,0
2019-11-27,10.75,10.75,10.75,10.75,10.43815803527832,0
2019-11-28,10.75,10.75,10.75,10.75,10.43815803527832,0
2019-11-29,10.5,10.5,10.5,10.5,10.195409774780273,3000
2019-12-02,10.5,10.5,10.5,10.5,10.195409774780273,0
2019-12-03,10.5,10.5,10.5,10.5,10.195409774780273,0
2019-12-04,10.5,10.5,10.5,10.5,10.195409774780273,0
2019-12-05,10.5,10.5,10.5,10.5,10.195409774780273,0
2019-12-06,10.5,10.5,10.5,10.5,10.195409774780273,0
2019-12-09,10.5,10.5,10.0,10.300000190734863,10.001212120056152,24000
2019-12-10,10.300000190734863,10.300000190734863,10.300000190734863,10.300000190734863,10.001212120056152,0
2019-12-11,10.5,10.5,10.5,10.5,10.195409774780273,3000
2019-12-12,10.600000381469727,10.600000381469727,10.050000190734863,10.050000190734863,9.758463859558105,6000
2019-12-13,10.399999618530273,10.399999618530273,10.399999618530273,10.399999618530273,10.098310470581055,3000
2019-12-16,10.399999618530273,10.399999618530273,10.399999618530273,10.399999618530273,10.098310470581055,0
2019-12-17,10.5,10.5,10.5,10.5,10.195409774780273,3000
2019-12-18,10.149999618530273,10.5,10.149999618530273,10.5,10.195409774780273,6000
2019-12-19,10.5,10.5,10.5,10.5,10.195409774780273,3000
2019-12-20,10.5,10.5,10.5,10.5,10.195409774780273,0
2019-12-23,10.5,10.5,10.5,10.5,10.195409774780273,0
2019-12-24,10.5,10.5,10.5,10.5,10.195409774780273,0
2019-12-26,10.5,10.5,10.5,10.5,10.195409774780273,3000
2019-12-27,10.0,10.5,10.0,10.5,10.195409774780273,6000
2019-12-30,10.0,10.5,10.0,10.5,10.195409774780273,6000
2019-12-31,10.5,10.5,10.5,10.5,10.195409774780273,0
2020-01-01,10.5,10.5,10.5,10.5,10.195409774780273,0
2020-01-02,10.5,10.5,10.5,10.5,10.195409774780273,0
2020-01-03,10.5,10.5,10.5,10.5,10.195409774780273,0
2020-01-06,10.5,10.5,10.5,10.5,10.195409774780273,0
2020-01-07,10.5,10.5,10.5,10.5,10.195409774780273,0
2020-01-08,10.0,10.0,10.0,10.0,9.709914207458496,3000
2020-01-09,10.0,10.0,10.0,10.0,9.709914207458496,0
2020-01-10,10.5,10.5,10.5,10.5,10.195409774780273,3000
2020-01-13,10.5,10.5,10.5,10.5,10.195409774780273,0
2020-01-14,10.5,10.5,10.5,10.5,10.195409774780273,12000
2020-01-15,10.300000190734863,10.300000190734863,10.0,10.300000190734863,10.001212120056152,12000
2020-01-16,10.300000190734863,10.300000190734863,10.300000190734863,10.300000190734863,10.001212120056152,0
2020-01-17,10.300000190734863,10.300000190734863,10.300000190734863,10.300000190734863,10.001212120056152,0
2020-01-20,10.350000381469727,10.350000381469727,10.350000381469727,10.350000381469727,10.049760818481445,3000
2020-01-21,10.350000381469727,10.350000381469727,10.350000381469727,10.350000381469727,10.049760818481445,0
2020-01-22,10.350000381469727,10.350000381469727,10.350000381469727,10.350000381469727,10.049760818481445,0
2020-01-23,10.199999809265137,10.199999809265137,10.100000381469727,10.100000381469727,9.807013511657715,6000
2020-01-24,10.449999809265137,10.600000381469727,10.25,10.600000381469727,10.292510032653809,12000
2020-01-27,10.600000381469727,10.600000381469727,10.600000381469727,10.600000381469727,10.292510032653809,0
2020-01-28,10.600000381469727,10.600000381469727,10.600000381469727,10.600000381469727,10.292510032653809,0
2020-01-29,10.600000381469727,10.600000381469727,10.600000381469727,10.600000381469727,10.292510032653809,0
2020-01-30,10.600000381469727,10.600000381469727,10.600000381469727,10.600000381469727,10.292510032653809,0
2020-01-31,10.600000381469727,10.600000381469727,10.600000381469727,10.600000381469727,10.292510032653809,0
2020-02-03,10.600000381469727,10.600000381469727,10.600000381469727,10.600000381469727,10.292510032653809,0
2020-02-04,10.300000190734863,10.300000190734863,10.25,10.25,9.952662467956543,6000
2020-02-05,10.25,10.25,10.25,10.25,9.952662467956543,0
2020-02-06,10.75,10.75,10.699999809265137,10.699999809265137,10.389607429504395,6000
2020-02-07,10.699999809265137,10.699999809265137,10.699999809265137,10.699999809265137,10.389607429504395,0
2020-02-10,10.699999809265137,10.699999809265137,10.699999809265137,10.699999809265137,10.389607429504395,0
2020-02-11,10.5,11.199999809265137,10.5,10.5,10.195409774780273,18000
2020-02-12,11.0,11.0,11.0,11.0,10.68090534210205,15000
2020-02-13,11.0,11.0,11.0,11.0,10.68090534210205,0
2020-02-14,11.550000190734863,11.550000190734863,11.550000190734863,11.550000190734863,11.214951515197754,3000
2020-02-17,11.550000190734863,11.550000190734863,11.550000190734863,11.550000190734863,11.214951515197754,0
2020-02-18,11.550000190734863,11.550000190734863,11.550000190734863,11.550000190734863,11.214951515197754,0
2020-02-19,12.100000381469727,12.100000381469727,12.100000381469727,12.100000381469727,11.748995780944824,6000
2020-02-20,12.100000381469727,12.100000381469727,12.100000381469727,12.100000381469727,11.748995780944824,0
2020-02-24,12.100000381469727,12.100000381469727,12.100000381469727,12.100000381469727,11.748995780944824,0
2020-02-25,11.600000381469727,12.5,11.600000381469727,12.5,12.1373929977417,6000
2020-02-26,12.5,12.5,12.5,12.5,12.1373929977417,0
2020-02-27,12.5,12.5,12.5,12.5,12.1373929977417,0
2020-02-28,11.899999618530273,11.899999618530273,11.899999618530273,11.899999618530273,11.554797172546387,6000
2020-03-02,11.350000381469727,11.350000381469727,11.350000381469727,11.350000381469727,11.020752906799316,3000
2020-03-03,11.350000381469727,11.350000381469727,11.350000381469727,11.350000381469727,11.020752906799316,0
2020-03-04,11.350000381469727,11.350000381469727,11.350000381469727,11.350000381469727,11.020752906799316,0
2020-03-05,11.350000381469727,11.350000381469727,11.350000381469727,11.350000381469727,11.020752906799316,0
2020-03-06,11.350000381469727,11.350000381469727,11.350000381469727,11.350000381469727,11.020752906799316,0
2020-03-09,10.300000190734863,10.300000190734863,10.300000190734863,10.300000190734863,10.001212120056152,3000
2020-03-11,10.800000190734863,10.800000190734863,9.800000190734863,9.850000381469727,9.564265251159668,24000
2020-03-12,9.399999618530273,9.399999618530273,9.399999618530273,9.399999618530273,9.127318382263184,3000
2020-03-13,8.949999809265137,9.100000381469727,8.949999809265137,9.100000381469727,8.836021423339844,42000
2020-03-16,8.649999618530273,8.649999618530273,8.649999618530273,8.649999618530273,8.399075508117676,6000
2020-03-17,8.699999809265137,8.699999809265137,8.25,8.5,8.253426551818848,9000
2020-03-18,8.5,8.5,8.100000381469727,8.100000381469727,7.865030765533447,9000
2020-03-19,7.900000095367432,7.900000095367432,7.900000095367432,7.900000095367432,7.67083215713501,3000
2020-03-20,7.699999809265137,7.699999809265137,7.699999809265137,7.699999809265137,7.4766340255737305,3000
2020-03-23,7.400000095367432,7.400000095367432,7.400000095367432,7.400000095367432,7.185336589813232,3000
2020-03-24,7.400000095367432,7.400000095367432,7.400000095367432,7.400000095367432,7.185336589813232,0
2020-03-25,7.400000095367432,7.400000095367432,7.400000095367432,7.400000095367432,7.185336589813232,0
2020-03-26,7.099999904632568,7.099999904632568,7.050000190734863,7.050000190734863,6.845489501953125,9000
2020-03-27,7.050000190734863,7.050000190734863,7.050000190734863,7.050000190734863,6.845489501953125,0
2020-03-30,7.400000095367432,7.400000095367432,7.150000095367432,7.400000095367432,7.185336589813232,144000
2020-03-31,7.599999904632568,7.599999904632568,7.599999904632568,7.599999904632568,7.379534721374512,132000
2020-04-01,7.599999904632568,7.599999904632568,7.599999904632568,7.599999904632568,7.379534721374512,0
2020-04-03,7.900000095367432,7.949999809265137,7.900000095367432,7.900000095367432,7.67083215713501,6000
2020-04-07,7.900000095367432,7.900000095367432,7.900000095367432,7.900000095367432,7.67083215713501,0
2020-04-08,7.900000095367432,7.900000095367432,7.900000095367432,7.900000095367432,7.67083215713501,0
2020-04-09,7.900000095367432,7.900000095367432,7.900000095367432,7.900000095367432,7.67083215713501,0
2020-04-13,7.900000095367432,7.900000095367432,7.900000095367432,7.900000095367432,7.67083215713501,0
2020-04-15,7.900000095367432,7.900000095367432,7.900000095367432,7.900000095367432,7.67083215713501,0
2020-04-16,7.900000095367432,7.900000095367432,7.900000095367432,7.900000095367432,7.67083215713501,0
2020-04-17,7.900000095367432,7.900000095367432,7.900000095367432,7.900000095367432,7.67083215713501,0
2020-04-20,7.900000095367432,7.900000095367432,7.900000095367432,7.900000095367432,7.67083215713501,0
2020-04-21,7.900000095367432,7.900000095367432,7.900000095367432,7.900000095367432,7.67083215713501,0
2020-04-22,7.900000095367432,7.900000095367432,7.900000095367432,7.900000095367432,7.67083215713501,0
2020-04-23,7.650000095367432,7.650000095367432,7.650000095367432,7.650000095367432,7.428084373474121,3000
2020-04-24,7.650000095367432,7.650000095367432,7.650000095367432,7.650000095367432,7.428084373474121,0
2020-04-27,7.599999904632568,7.599999904632568,7.599999904632568,7.599999904632568,7.379534721374512,3000
2020-04-28,7.599999904632568,7.599999904632568,7.599999904632568,7.599999904632568,7.379534721374512,0
2020-04-29,7.599999904632568,7.599999904632568,7.599999904632568,7.599999904632568,7.379534721374512,0
2020-04-30,7.599999904632568,7.599999904632568,7.599999904632568,7.599999904632568,7.379534721374512,0
2020-05-04,7.599999904632568,7.599999904632568,7.599999904632568,7.599999904632568,7.379534721374512,0
2020-05-05,7.599999904632568,7.599999904632568,7.599999904632568,7.599999904632568,7.379534721374512,0
2020-05-06,7.599999904632568,7.599999904632568,7.599999904632568,7.599999904632568,7.379534721374512,0
2020-05-07,7.599999904632568,7.599999904632568,7.599999904632568,7.599999904632568,7.379534721374512,0
2020-05-08,7.949999809265137,7.949999809265137,7.949999809265137,7.949999809265137,7.719381809234619,6000
2020-05-11,7.949999809265137,7.949999809265137,7.949999809265137,7.949999809265137,7.719381809234619,0
2020-05-12,7.949999809265137,7.949999809265137,7.949999809265137,7.949999809265137,7.719381809234619,0
2020-05-13,7.949999809265137,7.949999809265137,7.949999809265137,7.949999809265137,7.719381809234619,0
2020-05-14,7.949999809265137,7.949999809265137,7.949999809265137,7.949999809265137,7.719381809234619,0
2020-05-15,7.949999809265137,7.949999809265137,7.949999809265137,7.949999809265137,7.719381809234619,0
2020-05-18,7.949999809265137,7.949999809265137,7.949999809265137,7.949999809265137,7.719381809234619,0
2020-05-19,7.949999809265137,7.949999809265137,7.949999809265137,7.949999809265137,7.719381809234619,0
2020-05-20,7.949999809265137,7.949999809265137,7.949999809265137,7.949999809265137,7.719381809234619,0
2020-05-21,7.949999809265137,7.949999809265137,7.949999809265137,7.949999809265137,7.719381809234619,0
2020-05-22,7.949999809265137,7.949999809265137,7.949999809265137,7.949999809265137,7.719381809234619,0
2020-05-26,7.949999809265137,7.949999809265137,7.949999809265137,7.949999809265137,7.719381809234619,0
2020-05-27,7.949999809265137,7.949999809265137,7.949999809265137,7.949999809265137,7.719381809234619,0
2020-05-28,7.599999904632568,7.599999904632568,7.599999904632568,7.599999904632568,7.379534721374512,3000
2020-05-29,7.599999904632568,7.599999904632568,7.599999904632568,7.599999904632568,7.379534721374512,0
2020-06-01,7.599999904632568,7.599999904632568,7.599999904632568,7.599999904632568,7.379534721374512,0
2020-06-02,7.400000095367432,7.400000095367432,7.400000095367432,7.400000095367432,7.185336589813232,153000
2020-06-03,7.400000095367432,7.400000095367432,7.400000095367432,7.400000095367432,7.185336589813232,0
2020-06-04,7.400000095367432,7.400000095367432,7.400000095367432,7.400000095367432,7.185336589813232,0
2020-06-05,7.400000095367432,7.400000095367432,7.400000095367432,7.400000095367432,7.185336589813232,0
2020-06-08,7.400000095367432,7.400000095367432,7.400000095367432,7.400000095367432,7.185336589813232,0
2020-06-09,7.75,7.75,7.75,7.75,7.525183200836182,6000
2020-06-10,7.400000095367432,7.400000095367432,7.400000095367432,7.400000095367432,7.185336589813232,3000
2020-06-11,7.75,7.75,7.75,7.75,7.525183200836182,3000
2020-06-12,7.75,7.75,7.75,7.75,7.525183200836182,0
2020-06-15,7.75,7.75,7.75,7.75,7.525183200836182,0
2020-06-16,7.75,7.75,7.75,7.75,7.525183200836182,0
2020-06-17,7.75,7.75,7.75,7.75,7.525183200836182,0
2020-06-18,7.75,7.75,7.75,7.75,7.525183200836182,0
2020-06-19,7.400000095367432,7.400000095367432,7.400000095367432,7.400000095367432,7.185336589813232,3000
2020-06-22,7.050000190734863,7.75,7.050000190734863,7.199999809265137,6.991137981414795,9000
2020-06-23,7.300000190734863,7.300000190734863,7.300000190734863,7.300000190734863,7.088237285614014,3000
2020-06-24,7.650000095367432,7.650000095367432,7.650000095367432,7.650000095367432,7.428084373474121,3000
2020-06-25,8.0,8.0,8.0,8.0,7.7679314613342285,6000
2020-06-26,8.0,8.0,8.0,8.0,7.7679314613342285,0
2020-06-29,8.0,8.0,8.0,8.0,7.7679314613342285,0
2020-06-30,8.199999809265137,8.399999618530273,8.199999809265137,8.399999618530273,8.156327247619629,435000
2020-07-01,8.800000190734863,8.800000190734863,8.800000190734863,8.800000190734863,8.544724464416504,6000
2020-07-02,8.899999618530273,9.199999809265137,8.899999618530273,9.199999809265137,8.933120727539062,6000
2020-07-03,8.949999809265137,9.649999618530273,8.949999809265137,9.649999618530273,9.37006664276123,138000
2020-07-06,10.100000381469727,10.100000381469727,10.100000381469727,10.100000381469727,9.807013511657715,3000
2020-07-07,9.75,9.75,9.75,9.75,9.46716594696045,120000
2020-07-08,9.75,9.75,9.75,9.75,9.46716594696045,0
2020-07-09,9.75,9.75,9.75,9.75,9.46716594696045,0
2020-07-10,9.75,9.75,9.75,9.75,9.46716594696045,0
2020-07-13,9.75,9.75,9.75,9.75,9.46716594696045,0
2020-07-14,9.75,9.75,9.75,9.75,9.46716594696045,3000
2020-07-15,9.75,9.75,9.75,9.75,9.46716594696045,3000
2020-07-16,9.75,9.75,9.75,9.75,9.46716594696045,0
2020-07-17,9.75,9.75,9.75,9.75,9.46716594696045,0
2020-07-20,10.050000190734863,10.050000190734863,10.050000190734863,10.050000190734863,9.758463859558105,3000
2020-07-21,10.050000190734863,10.050000190734863,10.050000190734863,10.050000190734863,9.758463859558105,0
2020-07-22,9.550000190734863,9.550000190734863,9.550000190734863,9.550000190734863,9.272969245910645,3000
2020-07-23,9.100000381469727,9.100000381469727,9.100000381469727,9.100000381469727,8.836021423339844,3000
2020-07-24,9.100000381469727,9.100000381469727,9.100000381469727,9.100000381469727,8.836021423339844,0
2020-07-27,8.649999618530273,8.649999618530273,8.649999618530273,8.649999618530273,8.399075508117676,3000
2020-07-28,8.649999618530273,8.649999618530273,8.649999618530273,8.649999618530273,8.399075508117676,0
2020-07-29,8.649999618530273,8.649999618530273,8.649999618530273,8.649999618530273,8.399075508117676,0
2020-07-30,8.649999618530273,8.649999618530273,8.649999618530273,8.649999618530273,8.399075508117676,0
2020-07-31,8.649999618530273,8.649999618530273,8.649999618530273,8.649999618530273,8.399075508117676,0
2020-08-03,8.949999809265137,8.949999809265137,8.699999809265137,8.699999809265137,8.447625160217285,6000
2020-08-04,8.699999809265137,8.699999809265137,8.699999809265137,8.699999809265137,8.447625160217285,0
2020-08-05,9.0,9.0,9.0,9.0,8.738923072814941,3000
2020-08-06,9.0,9.0,9.0,9.0,8.738923072814941,0
2020-08-07,9.25,9.25,8.550000190734863,8.550000190734863,8.301976203918457,6000
2020-08-10,8.550000190734863,8.550000190734863,8.550000190734863,8.550000190734863,8.301976203918457,0
2020-08-11,8.550000190734863,8.550000190734863,8.550000190734863,8.550000190734863,8.301976203918457,0
2020-08-12,8.550000190734863,8.550000190734863,8.550000190734863,8.550000190734863,8.301976203918457,0
2020-08-13,8.550000190734863,8.550000190734863,8.550000190734863,8.550000190734863,8.301976203918457,0
2020-08-14,8.550000190734863,8.550000190734863,8.550000190734863,8.550000190734863,8.301976203918457,0
2020-08-17,8.550000190734863,8.75,8.550000190734863,8.75,8.496174812316895,6000
2020-08-18,8.399999618530273,8.399999618530273,8.399999618530273,8.399999618530273,8.156327247619629,147000
2020-08-19,8.800000190734863,8.800000190734863,8.800000190734863,8.800000190734863,8.544724464416504,3000
2020-08-20,8.800000190734863,8.800000190734863,8.800000190734863,8.800000190734863,8.544724464416504,0
2020-08-21,8.800000190734863,8.800000190734863,8.800000190734863,8.800000190734863,8.544724464416504,0
2020-08-24,9.199999809265137,9.199999809265137,9.199999809265137,9.199999809265137,8.933120727539062,3000
2020-08-25,9.199999809265137,9.199999809265137,9.199999809265137,9.199999809265137,8.933120727539062,0
2020-08-26,9.199999809265137,9.199999809265137,9.199999809265137,9.199999809265137,8.933120727539062,0
2020-08-27,9.199999809265137,9.199999809265137,9.199999809265137,9.199999809265137,8.933120727539062,0
2020-08-28,8.75,8.75,8.75,8.75,8.496174812316895,3000
2020-08-31,8.75,8.75,8.75,8.75,8.496174812316895,0
2020-09-01,8.75,8.75,8.75,8.75,8.496174812316895,3000
2020-09-02,8.350000381469727,8.350000381469727,8.350000381469727,8.350000381469727,8.107778549194336,3000
2020-09-03,8.350000381469727,8.350000381469727,8.350000381469727,8.350000381469727,8.107778549194336,0
2020-09-04,8.75,8.75,8.75,8.75,8.496174812316895,3000
2020-09-07,8.75,8.75,8.75,8.75,8.496174812316895,0
2020-09-08,8.75,8.75,8.75,8.75,8.496174812316895,0
2020-09-09,8.75,8.75,8.75,8.75,8.496174812316895,0
2020-09-10,8.75,8.75,8.75,8.75,8.496174812316895,0
2020-09-11,8.75,8.75,8.75,8.75,8.496174812316895,0
2020-09-14,9.149999618530273,9.149999618530273,9.149999618530273,9.149999618530273,8.884571075439453,3000
2020-09-15,9.149999618530273,9.149999618530273,9.149999618530273,9.149999618530273,8.884571075439453,0
2020-09-16,8.699999809265137,8.699999809265137,8.699999809265137,8.699999809265137,8.447625160217285,3000
2020-09-17,8.699999809265137,8.699999809265137,8.699999809265137,8.699999809265137,8.447625160217285,0
2020-09-18,8.699999809265137,8.699999809265137,8.699999809265137,8.699999809265137,8.447625160217285,0
2020-09-21,8.800000190734863,8.800000190734863,8.800000190734863,8.800000190734863,8.544724464416504,3000
2020-09-22,8.800000190734863,8.800000190734863,8.800000190734863,8.800000190734863,8.544724464416504,0
2020-09-23,8.800000190734863,8.800000190734863,8.800000190734863,8.800000190734863,8.544724464416504,0
2020-09-24,8.399999618530273,8.399999618530273,8.399999618530273,8.399999618530273,8.156327247619629,3000
2020-09-25,8.399999618530273,8.399999618530273,8.399999618530273,8.399999618530273,8.156327247619629,0
2020-09-28,8.399999618530273,8.399999618530273,8.399999618530273,8.399999618530273,8.156327247619629,0
2020-09-29,8.399999618530273,8.399999618530273,8.399999618530273,8.399999618530273,8.156327247619629,0
2020-09-30,8.399999618530273,8.399999618530273,8.399999618530273,8.399999618530273,8.156327247619629,0
2020-10-01,8.0,8.0,8.0,8.0,7.7679314613342285,3000
2020-10-05,8.0,8.0,8.0,8.0,7.7679314613342285,0
2020-10-06,8.0,8.0,8.0,8.0,7.7679314613342285,0
2020-10-07,8.0,8.0,8.0,8.0,7.7679314613342285,0
2020-10-08,8.0,8.0,8.0,8.0,7.7679314613342285,0
2020-10-09,8.0,8.0,8.0,8.0,7.7679314613342285,0
2020-10-12,8.0,8.0,8.0,8.0,7.7679314613342285,0
2020-10-13,8.0,8.0,8.0,8.0,7.7679314613342285,0
2020-10-14,8.0,8.0,8.0,8.0,7.7679314613342285,0
2020-10-15,8.0,8.0,8.0,8.0,7.7679314613342285,0
2020-10-16,8.0,8.0,8.0,8.0,7.7679314613342285,0
2020-10-19,7.599999904632568,7.599999904632568,7.599999904632568,7.599999904632568,7.379534721374512,3000
2020-10-20,7.599999904632568,7.599999904632568,7.599999904632568,7.599999904632568,7.379534721374512,0
2020-10-21,7.25,7.949999809265137,7.25,7.949999809265137,7.719381809234619,12000
2020-10-22,7.949999809265137,7.949999809265137,7.949999809265137,7.949999809265137,7.719381809234619,0
2020-10-23,7.599999904632568,7.599999904632568,7.599999904632568,7.599999904632568,7.379534721374512,3000
2020-10-26,7.25,7.25,7.25,7.25,7.0396881103515625,6000
2020-10-27,6.900000095367432,6.900000095367432,6.900000095367432,6.900000095367432,6.699841022491455,3000
2020-10-28,6.599999904632568,7.0,6.599999904632568,7.0,6.796939849853516,18000
2020-10-29,7.0,7.0,7.0,7.0,6.796939849853516,0
2020-10-30,7.0,7.0,7.0,7.0,6.796939849853516,0
2020-11-02,7.0,7.0,7.0,7.0,6.796939849853516,0
2020-11-03,7.349999904632568,7.349999904632568,7.349999904632568,7.349999904632568,7.136786937713623,3000
2020-11-04,7.349999904632568,7.349999904632568,7.349999904632568,7.349999904632568,7.136786937713623,0
2020-11-05,7.349999904632568,7.349999904632568,7.349999904632568,7.349999904632568,7.136786937713623,0
2020-11-06,7.349999904632568,7.349999904632568,7.349999904632568,7.349999904632568,7.136786937713623,0
2020-11-09,7.349999904632568,7.349999904632568,7.349999904632568,7.349999904632568,7.136786937713623,0
2020-11-10,7.349999904632568,7.349999904632568,7.349999904632568,7.349999904632568,7.136786937713623,0
2020-11-11,7.349999904632568,7.349999904632568,7.349999904632568,7.349999904632568,7.136786937713623,0
2020-11-12,7.349999904632568,7.349999904632568,7.349999904632568,7.349999904632568,7.136786937713623,0
2020-11-13,7.5,7.5,7.5,7.5,7.282434940338135,3000
2020-11-14,7.5,7.5,7.5,7.5,7.282434940338135,0
2020-11-17,7.5,7.5,7.5,7.5,7.282434940338135,0
2020-11-18,7.5,7.5,7.5,7.5,7.282434940338135,0
2020-11-19,7.599999904632568,7.599999904632568,7.599999904632568,7.599999904632568,7.379534721374512,3000
2020-11-20,7.599999904632568,7.599999904632568,7.599999904632568,7.599999904632568,7.379534721374512,0
2020-11-23,7.599999904632568,7.599999904632568,7.599999904632568,7.599999904632568,7.379534721374512,0
2020-11-24,7.599999904632568,7.599999904632568,7.599999904632568,7.599999904632568,7.379534721374512,0
2020-11-25,7.599999904632568,7.599999904632568,7.599999904632568,7.599999904632568,7.379534721374512,0
2020-11-26,8.0,8.0,8.0,8.0,7.7679314613342285,3000
2020-11-27,8.0,8.0,8.0,8.0,7.7679314613342285,3000
2020-12-01,8.0,8.0,8.0,8.0,7.7679314613342285,0
2020-12-02,8.0,8.0,8.0,8.0,7.7679314613342285,0
2020-12-03,8.0,8.0,8.0,8.0,7.7679314613342285,0
2020-12-04,8.0,8.0,8.0,8.0,7.7679314613342285,0
2020-12-07,8.399999618530273,8.399999618530273,8.399999618530273,8.399999618530273,8.156327247619629,6000
2020-12-08,8.399999618530273,8.399999618530273,8.399999618530273,8.399999618530273,8.156327247619629,0
2020-12-09,8.399999618530273,8.399999618530273,8.399999618530273,8.399999618530273,8.156327247619629,0
2020-12-10,9.25,9.25,9.25,9.25,8.981670379638672,6000
2020-12-11,9.25,9.25,9.25,9.25,8.981670379638672,0
2020-12-14,9.5,9.5,9.5,9.5,9.224418640136719,3000
2020-12-15,9.5,9.5,9.5,9.5,9.224418640136719,0
2020-12-16,9.5,9.5,9.5,9.5,9.224418640136719,0
2020-12-17,9.5,9.5,9.5,9.5,9.224418640136719,0
2020-12-18,9.050000190734863,9.050000190734863,9.050000190734863,9.050000190734863,8.78747272491455,3000
2020-12-21,8.600000381469727,9.0,8.600000381469727,8.75,8.496174812316895,9000
2020-12-22,8.75,8.75,8.75,8.75,8.496174812316895,0
2020-12-23,9.100000381469727,9.149999618530273,9.100000381469727,9.149999618530273,8.884571075439453,6000
2020-12-24,9.5,9.5,9.5,9.5,9.224418640136719,3000
2020-12-28,9.949999809265137,9.949999809265137,9.949999809265137,9.949999809265137,9.661364555358887,3000
2020-12-29,10.399999618530273,10.399999618530273,10.0,10.050000190734863,9.758463859558105,12000
2020-12-30,10.550000190734863,10.550000190734863,10.550000190734863,10.550000190734863,10.243959426879883,3000
2020-12-31,11.050000190734863,11.050000190734863,11.050000190734863,11.050000190734863,10.72945499420166,6000
2021-01-01,11.050000190734863,11.050000190734863,11.050000190734863,11.050000190734863,10.72945499420166,0
2021-01-04,11.100000381469727,11.600000381469727,11.100000381469727,11.600000381469727,11.263500213623047,6000
2021-01-05,11.25,12.050000190734863,11.25,11.850000381469727,11.50624942779541,9000
2021-01-06,11.899999618530273,11.899999618530273,11.899999618530273,11.899999618530273,11.554797172546387,3000
2021-01-07,12.449999809265137,12.449999809265137,12.449999809265137,12.449999809265137,12.08884334564209,3000
2021-01-08,12.449999809265137,12.449999809265137,12.449999809265137,12.449999809265137,12.08884334564209,0
2021-01-11,13.699999809265137,13.699999809265137,13.699999809265137,13.699999809265137,13.302581787109375,9000
2021-01-12,14.350000381469727,14.350000381469727,14.100000381469727,14.149999618530273,13.73952865600586,24000
2021-01-13,14.850000381469727,14.850000381469727,14.850000381469727,14.850000381469727,14.419222831726074,33000
2021-01-14,14.850000381469727,14.850000381469727,14.850000381469727,14.850000381469727,14.419222831726074,0
2021-01-15,16.299999237060547,16.299999237060547,16.299999237060547,16.299999237060547,15.827159881591797,9000
2021-01-18,17.100000381469727,17.100000381469727,16.0,17.049999237060547,16.555404663085938,54000
2021-01-19,17.049999237060547,17.049999237060547,17.049999237060547,17.049999237060547,16.555404663085938,0
2021-01-20,18.75,18.75,18.100000381469727,18.75,18.20608901977539,30000
2021-01-21,19.649999618530273,19.649999618530273,17.850000381469727,18.299999237060547,17.769142150878906,45000
2021-01-22,19.0,19.0,17.399999618530273,18.0,17.477846145629883,12000
2021-01-25,17.100000381469727,17.100000381469727,17.100000381469727,17.100000381469727,16.603952407836914,6000
2021-01-27,16.299999237060547,16.299999237060547,16.25,16.25,15.778609275817871,6000
2021-01-28,16.25,16.25,16.25,16.25,15.778609275817871,0
2021-01-29,14.75,14.75,14.699999809265137,14.699999809265137,14.273573875427246,6000
2021-02-01,14.050000190734863,15.350000381469727,14.050000190734863,15.350000381469727,14.904718399047852,9000
2021-02-02,14.600000381469727,14.600000381469727,14.600000381469727,14.600000381469727,14.176474571228027,3000
2021-02-03,14.600000381469727,14.600000381469727,14.600000381469727,14.600000381469727,14.176474571228027,0
2021-02-04,14.600000381469727,14.600000381469727,14.600000381469727,14.600000381469727,14.176474571228027,0
2021-02-05,14.600000381469727,14.600000381469727,14.600000381469727,14.600000381469727,14.176474571228027,0
2021-02-08,14.600000381469727,14.600000381469727,14.600000381469727,14.600000381469727,14.176474571228027,0
2021-02-09,14.600000381469727,14.600000381469727,14.600000381469727,14.600000381469727,14.176474571228027,0
2021-02-10,14.600000381469727,14.600000381469727,14.600000381469727,14.600000381469727,14.176474571228027,0
2021-02-11,14.75,14.75,14.75,14.75,14.322123527526855,3000
2021-02-12,14.75,14.75,14.75,14.75,14.322123527526855,0
2021-02-15,14.75,14.75,14.75,14.75,14.322123527526855,0
2021-02-16,14.75,14.75,14.75,14.75,14.322123527526855,0
2021-02-17,14.75,14.75,14.75,14.75,14.322123527526855,0
2021-02-18,14.75,14.75,14.75,14.75,14.322123527526855,0
2021-02-19,14.75,14.75,14.75,14.75,14.322123527526855,0
2021-02-22,15.0,15.0,15.0,15.0,14.56486988067627,3000
2021-02-23,15.0,15.0,15.0,15.0,14.56486988067627,0
2021-02-24,15.0,15.0,15.0,15.0,14.56486988067627,0
2021-02-25,14.25,14.25,14.25,14.25,13.836627006530762,6000
2021-02-26,14.949999809265137,14.949999809265137,14.949999809265137,14.949999809265137,14.516321182250977,3000
2021-03-01,14.949999809265137,14.949999809265137,14.949999809265137,14.949999809265137,14.516321182250977,0
2021-03-02,14.949999809265137,14.949999809265137,14.949999809265137,14.949999809265137,14.516321182250977,0
2021-03-03,14.949999809265137,14.949999809265137,14.949999809265137,14.949999809265137,14.516321182250977,0
2021-03-04,14.5,14.5,14.5,14.5,14.079376220703125,3000
2021-03-05,13.800000190734863,13.800000190734863,13.800000190734863,13.800000190734863,13.39968204498291,3000
2021-03-08,13.149999618530273,14.25,13.149999618530273,14.25,13.836627006530762,9000
2021-03-09,14.25,14.25,14.25,14.25,13.836627006530762,0
2021-03-10,13.600000381469727,14.149999618530273,13.600000381469727,14.149999618530273,13.73952865600586,6000
2021-03-12,14.449999809265137,14.449999809265137,13.449999809265137,14.0,13.593879699707031,18000
2021-03-15,14.0,14.0,14.0,14.0,13.593879699707031,0
2021-03-16,13.300000190734863,14.600000381469727,13.300000190734863,14.600000381469727,14.176474571228027,6000
2021-03-17,13.899999618530273,14.25,13.899999618530273,14.25,13.836627006530762,6000
2021-03-18,14.25,14.25,13.550000190734863,13.800000190734863,13.39968204498291,12000
2021-03-19,14.199999809265137,14.199999809265137,14.199999809265137,14.199999809265137,13.788078308105469,6000
2021-03-22,14.199999809265137,14.199999809265137,14.199999809265137,14.199999809265137,13.788078308105469,3000
2021-03-23,14.199999809265137,14.199999809265137,14.199999809265137,14.199999809265137,13.788078308105469,0
2021-03-24,14.199999809265137,14.199999809265137,14.199999809265137,14.199999809265137,13.788078308105469,0
2021-03-25,14.600000381469727,14.600000381469727,14.600000381469727,14.600000381469727,14.176474571228027,6000
2021-03-26,14.600000381469727,14.649999618530273,14.600000381469727,14.600000381469727,14.176474571228027,12000
2021-03-30,14.699999809265137,14.699999809265137,14.699999809265137,14.699999809265137,14.273573875427246,3000
2021-03-31,14.699999809265137,14.699999809265137,14.699999809265137,14.699999809265137,14.273573875427246,3000
2021-04-01,14.699999809265137,14.699999809265137,14.699999809265137,14.699999809265137,14.273573875427246,3000
2021-04-05,14.699999809265137,14.699999809265137,14.699999809265137,14.699999809265137,14.273573875427246,0
2021-04-06,14.699999809265137,14.699999809265137,14.699999809265137,14.699999809265137,14.273573875427246,0
2021-04-07,14.699999809265137,14.699999809265137,14.699999809265137,14.699999809265137,14.273573875427246,0
2021-04-08,14.699999809265137,14.699999809265137,14.699999809265137,14.699999809265137,14.273573875427246,0
2021-04-09,14.699999809265137,14.699999809265137,14.699999809265137,14.699999809265137,14.273573875427246,0
2021-04-12,14.699999809265137,14.699999809265137,14.699999809265137,14.699999809265137,14.273573875427246,0
2021-04-13,15.0,15.0,15.0,15.0,14.56486988067627,3000
2021-04-15,15.0,15.0,15.0,15.0,14.56486988067627,0
2021-04-16,15.0,15.0,15.0,15.0,14.56486988067627,0
2021-04-19,16.5,16.5,16.5,16.5,16.021358489990234,591000
2021-04-20,16.5,16.5,16.5,16.5,16.021358489990234,0
2021-04-22,18.149999618530273,18.149999618530273,18.149999618530273,18.149999618530273,17.62349510192871,21000
2021-04-23,19.049999237060547,19.049999237060547,19.049999237060547,19.049999237060547,18.497385025024414,9000
2021-04-26,20.0,20.0,18.700000762939453,19.350000381469727,18.78868293762207,51000
2021-04-27,20.299999237060547,20.299999237060547,20.299999237060547,20.299999237060547,19.711124420166016,30000
2021-04-28,21.299999237060547,21.299999237060547,20.200000762939453,20.75,20.148073196411133,24000
2021-04-29,21.600000381469727,21.75,20.350000381469727,21.75,21.119062423706055,75000
2021-04-30,21.25,22.350000381469727,21.0,21.049999237060547,20.439369201660156,42000
2021-05-03,21.350000381469727,21.350000381469727,21.350000381469727,21.350000381469727,20.730669021606445,3000
2021-05-04,21.350000381469727,21.350000381469727,21.350000381469727,21.350000381469727,20.730669021606445,0
2021-05-05,20.299999237060547,20.399999618530273,20.299999237060547,20.299999237060547,19.711124420166016,15000
2021-05-06,20.299999237060547,20.299999237060547,20.299999237060547,20.299999237060547,19.711124420166016,0
2021-05-07,21.299999237060547,21.299999237060547,21.299999237060547,21.299999237060547,20.68211555480957,6000
2021-05-10,22.350000381469727,22.350000381469727,20.399999618530273,22.149999618530273,21.50745964050293,42000
2021-05-11,22.25,22.25,22.25,22.25,21.60455894470215,3000
2021-05-12,21.200000762939453,21.200000762939453,21.200000762939453,21.200000762939453,20.585020065307617,6000
2021-05-14,21.200000762939453,21.200000762939453,21.200000762939453,21.200000762939453,20.585020065307617,0
2021-05-17,21.0,21.0,21.0,21.0,20.390819549560547,3000
2021-05-18,21.950000762939453,22.049999237060547,21.950000762939453,22.0,21.3618106842041,9000
2021-05-19,22.0,22.0,22.0,22.0,21.3618106842041,0
2021-05-20,22.0,22.0,22.0,22.0,21.3618106842041,0
2021-05-21,22.0,22.0,22.0,22.0,21.3618106842041,0
2021-05-24,22.049999237060547,22.950000762939453,22.049999237060547,22.899999618530273,22.235700607299805,9000
2021-05-25,23.899999618530273,24.0,23.850000381469727,24.0,23.303794860839844,15000
2021-05-26,25.200000762939453,25.200000762939453,24.0,25.149999618530273,24.420433044433594,15000
2021-05-27,26.0,26.399999618530273,26.0,26.399999618530273,25.634172439575195,9000
2021-05-28,25.149999618530273,25.700000762939453,25.100000381469727,25.700000762939453,24.954479217529297,21000
2021-05-31,26.25,26.25,26.25,26.25,25.488523483276367,3000
2021-06-01,26.25,26.25,26.25,26.25,25.488523483276367,0
2021-06-02,26.25,26.25,26.25,26.25,25.488523483276367,0
2021-06-03,24.950000762939453,27.549999237060547,24.950000762939453,26.5,25.731273651123047,27000
2021-06-04,27.75,27.799999237060547,27.0,27.75,26.945011138916016,33000
2021-06-07,29.0,29.049999237060547,28.0,29.049999237060547,28.207298278808594,69000
2021-06-08,30.399999618530273,30.450000762939453,29.5,29.5,28.64424705505371,18000
2021-06-09,28.200000762939453,28.200000762939453,28.049999237060547,28.049999237060547,27.23630714416504,9000
2021-06-10,27.950000762939453,29.399999618530273,26.649999618530273,27.0,26.216768264770508,36000
2021-06-11,28.200000762939453,28.200000762939453,28.200000762939453,28.200000762939453,27.3819580078125,3000
2021-06-14,28.950000762939453,28.950000762939453,28.950000762939453,28.950000762939453,28.110200881958008,3000
2021-06-15,29.0,29.200000762939453,29.0,29.200000762939453,28.352949142456055,6000
2021-06-16,27.850000381469727,27.850000381469727,27.75,27.75,26.945011138916016,12000
2021-06-17,27.0,27.0,27.0,27.0,26.216768264770508,3000
2021-06-18,25.649999618530273,25.649999618530273,25.649999618530273,25.649999618530273,24.905929565429688,3000
2021-06-21,26.899999618530273,26.899999618530273,25.0,26.899999618530273,26.11966896057129,9000
2021-06-22,26.899999618530273,28.200000762939453,26.899999618530273,28.200000762939453,27.3819580078125,9000
2021-06-23,28.5,29.0,28.5,28.899999618530273,28.0616512298584,9000
2021-06-24,27.600000381469727,28.899999618530273,27.5,28.899999618530273,28.0616512298584,12000
2021-06-25,29.399999618530273,29.5,29.399999618530273,29.5,28.64424705505371,9000
2021-06-28,29.5,29.5,29.5,29.5,28.64424705505371,0
2021-06-29,28.100000381469727,30.0,28.049999237060547,30.0,29.12973976135254,18000
2021-06-30,28.549999237060547,30.0,28.5,28.5,27.673254013061523,24000
2021-07-01,27.25,27.25,27.100000381469727,27.100000381469727,26.313867568969727,12000
2021-07-02,27.100000381469727,27.100000381469727,27.100000381469727,27.100000381469727,26.313867568969727,0
2021-07-05,26.0,27.899999618530273,25.799999237060547,26.850000381469727,26.07111930847168,27000
2021-07-06,25.649999618530273,25.649999618530273,25.600000381469727,25.600000381469727,24.85738182067871,6000
2021-07-07,24.399999618530273,26.850000381469727,24.399999618530273,26.850000381469727,26.07111930847168,6000
2021-07-08,25.700000762939453,25.700000762939453,25.700000762939453,25.700000762939453,24.954479217529297,3000
2021-07-09,26.950000762939453,26.950000762939453,26.950000762939453,26.950000762939453,26.1682186126709,3000
2021-07-12,28.25,28.25,28.25,28.25,27.43050765991211,12000
2021-07-13,29.649999618530273,29.649999618530273,29.399999618530273,29.399999618530273,28.547147750854492,9000
2021-07-14,30.850000381469727,30.850000381469727,30.0,30.0,29.12973976135254,42000
2021-07-15,30.0,30.899999618530273,30.0,30.549999237060547,30.166563034057617,102000
2021-07-16,32.04999923706055,32.04999923706055,32.04999923706055,32.04999923706055,31.647735595703125,78000
2021-07-19,33.650001525878906,33.650001525878906,33.650001525878906,33.650001525878906,33.227657318115234,15000
2021-07-20,35.29999923706055,35.29999923706055,35.29999923706055,35.29999923706055,34.8569450378418,12000
2021-07-22,37.04999923706055,37.04999923706055,37.04999923706055,37.04999923706055,36.58498001098633,15000
2021-07-23,38.900001525878906,38.900001525878906,38.900001525878906,38.900001525878906,38.41176223754883,21000
2021-07-26,40.79999923706055,40.79999923706055,40.79999923706055,40.79999923706055,40.28791046142578,42000
2021-07-27,42.79999923706055,42.79999923706055,40.099998474121094,42.79999923706055,42.26280975341797,801000
2021-07-28,44.849998474121094,44.900001525878906,43.150001525878906,44.75,44.18833923339844,276000
2021-07-29,46.0,46.900001525878906,45.099998474121094,46.900001525878906,46.31135559082031,219000
2021-07-30,47.70000076293945,47.95000076293945,44.650001525878906,45.54999923706055,44.978294372558594,144000
2021-08-02,46.0,47.79999923706055,45.04999923706055,47.79999923706055,47.20005416870117,153000
2021-08-03,47.79999923706055,49.25,45.95000076293945,47.79999923706055,47.20005416870117,216000
2021-08-04,46.650001525878906,47.75,45.45000076293945,45.45000076293945,44.87955093383789,90000
2021-08-05,45.45000076293945,45.45000076293945,43.20000076293945,43.20000076293945,42.65779113769531,60000
2021-08-06,43.349998474121094,43.5,41.04999923706055,41.04999923706055,40.53477478027344,111000
2021-08-09,43.099998474121094,43.099998474121094,40.25,41.0,40.48540496826172,36000
2021-08-10,42.79999923706055,42.900001525878906,39.349998474121094,39.349998474121094,38.856109619140625,48000
2021-08-11,37.650001525878906,41.20000076293945,37.400001525878906,40.95000076293945,40.436031341552734,78000
2021-08-12,40.70000076293945,41.400001525878906,40.5,40.5,39.99168014526367,33000
2021-08-13,41.95000076293945,42.349998474121094,41.95000076293945,41.95000076293945,41.42348098754883,18000
2021-08-16,42.95000076293945,42.95000076293945,41.400001525878906,41.400001525878906,40.8803825378418,18000
2021-08-17,41.95000076293945,42.45000076293945,41.650001525878906,41.650001525878906,41.12724685668945,9000
2021-08-18,40.70000076293945,40.95000076293945,40.5,40.95000076293945,40.436031341552734,12000
2021-08-20,40.099998474121094,40.150001525878906,38.95000076293945,38.95000076293945,38.46113586425781,18000
2021-08-23,38.150001525878906,38.150001525878906,37.099998474121094,37.099998474121094,36.63435363769531,9000
2021-08-24,37.75,38.95000076293945,37.75,38.95000076293945,38.46113586425781,6000
2021-08-25,39.95000076293945,39.95000076293945,38.54999923706055,38.79999923706055,38.313018798828125,9000
2021-08-26,38.79999923706055,38.79999923706055,38.79999923706055,38.79999923706055,38.313018798828125,0
2021-08-27,38.900001525878906,39.0,38.900001525878906,39.0,38.51050567626953,21000
2021-08-30,38.20000076293945,40.25,38.20000076293945,39.54999923706055,39.0536003112793,15000
2021-08-31,39.20000076293945,39.20000076293945,39.150001525878906,39.150001525878906,38.658626556396484,6000
2021-09-01,38.79999923706055,38.79999923706055,38.75,38.75,38.263641357421875,6000
2021-09-02,38.75,38.75,38.75,38.75,38.263641357421875,3000
2021-09-03,37.599998474121094,38.25,37.150001525878906,38.25,37.769920349121094,12000
2021-09-06,38.04999923706055,38.900001525878906,38.0,38.25,37.769920349121094,18000
2021-09-07,37.75,38.900001525878906,37.75,38.5,38.01678466796875,15000
2021-09-08,39.900001525878906,40.400001525878906,38.650001525878906,40.25,39.744815826416016,48000
2021-09-09,40.0,40.0,40.0,40.0,39.497955322265625,3000
2021-09-13,40.0,41.400001525878906,39.25,40.70000076293945,40.189170837402344,27000
2021-09-14,40.95000076293945,40.95000076293945,39.25,39.650001525878906,39.152347564697266,27000
2021-09-15,39.900001525878906,40.95000076293945,39.900001525878906,40.349998474121094,39.843563079833984,12000
2021-09-16,40.099998474121094,40.099998474121094,39.70000076293945,39.70000076293945,39.20172119140625,15000
2021-09-17,39.70000076293945,39.70000076293945,39.70000076293945,39.70000076293945,39.20172119140625,0
2021-09-20,39.0,39.0,38.150001525878906,38.20000076293945,37.720550537109375,15000
2021-09-21,38.29999923706055,38.5,38.29999923706055,38.5,38.01678466796875,15000
2021-09-22,38.599998474121094,39.400001525878906,38.599998474121094,39.400001525878906,38.905487060546875,9000
2021-09-23,39.95000076293945,40.45000076293945,39.5,39.5,39.00423049926758,15000
2021-09-24,38.54999923706055,40.5,38.54999923706055,40.5,39.99168014526367,21000
2021-09-27,40.04999923706055,40.45000076293945,40.04999923706055,40.45000076293945,39.94230651855469,27000
2021-09-28,41.95000076293945,41.95000076293945,40.95000076293945,40.95000076293945,40.436031341552734,6000
2021-09-29,42.79999923706055,42.95000076293945,41.5,42.95000076293945,42.41093063354492,48000
2021-09-30,42.95000076293945,42.95000076293945,42.95000076293945,42.95000076293945,42.41093063354492,0
2021-10-01,42.95000076293945,42.95000076293945,42.95000076293945,42.95000076293945,42.41093063354492,0
2021-10-04,42.95000076293945,42.95000076293945,42.95000076293945,42.95000076293945,42.41093063354492,0
2021-10-05,42.95000076293945,42.95000076293945,42.95000076293945,42.95000076293945,42.41093063354492,0
2021-10-06,42.95000076293945,42.95000076293945,42.95000076293945,42.95000076293945,42.41093063354492,0
2021-10-07,42.95000076293945,42.95000076293945,42.95000076293945,42.95000076293945,42.41093063354492,0
2021-10-08,42.95000076293945,42.95000076293945,42.95000076293945,42.95000076293945,42.41093063354492,0
2021-10-11,42.95000076293945,42.95000076293945,42.95000076293945,42.95000076293945,42.41093063354492,0
2021-10-12,42.95000076293945,42.95000076293945,42.95000076293945,42.95000076293945,42.41093063354492,0
2021-10-13,42.95000076293945,42.95000076293945,42.95000076293945,42.95000076293945,42.41093063354492,0
2021-10-14,42.95000076293945,42.95000076293945,42.95000076293945,42.95000076293945,42.41093063354492,0
2021-10-18,42.95000076293945,42.95000076293945,42.95000076293945,42.95000076293945,42.41093063354492,0
2021-10-19,42.95000076293945,42.95000076293945,42.95000076293945,42.95000076293945,42.41093063354492,0
2021-10-20,42.95000076293945,42.95000076293945,42.95000076293945,42.95000076293945,42.41093063354492,0
2021-10-21,42.95000076293945,42.95000076293945,42.95000076293945,42.95000076293945,42.41093063354492,0
2021-10-22,42.95000076293945,42.95000076293945,42.95000076293945,42.95000076293945,42.41093063354492,0
2021-10-25,42.95000076293945,42.95000076293945,42.95000076293945,42.95000076293945,42.41093063354492,0
2021-10-26,42.95000076293945,42.95000076293945,42.95000076293945,42.95000076293945,42.41093063354492,0
2021-10-27,42.95000076293945,42.95000076293945,42.95000076293945,42.95000076293945,42.41093063354492,0
2021-10-28,42.95000076293945,42.95000076293945,42.95000076293945,42.95000076293945,42.41093063354492,0
2021-10-29,42.95000076293945,42.95000076293945,42.95000076293945,42.95000076293945,42.41093063354492,0
2021-11-01,42.95000076293945,42.95000076293945,42.95000076293945,42.95000076293945,42.41093063354492,0
2021-11-02,42.95000076293945,42.95000076293945,42.95000076293945,42.95000076293945,42.41093063354492,0
2021-11-03,42.95000076293945,42.95000076293945,42.95000076293945,42.95000076293945,42.41093063354492,0
2021-11-04,42.95000076293945,42.95000076293945,42.95000076293945,42.95000076293945,42.41093063354492,0
2021-11-08,42.95000076293945,42.95000076293945,42.95000076293945,42.95000076293945,42.41093063354492,0
2021-11-09,42.95000076293945,42.95000076293945,42.95000076293945,42.95000076293945,42.41093063354492,0
2021-11-10,42.95000076293945,42.95000076293945,42.95000076293945,42.95000076293945,42.41093063354492,0
2021-11-11,42.95000076293945,42.95000076293945,42.95000076293945,42.95000076293945,42.41093063354492,0
2021-11-12,42.95000076293945,42.95000076293945,42.95000076293945,42.95000076293945,42.41093063354492,0
2021-11-15,42.95000076293945,42.95000076293945,42.95000076293945,42.95000076293945,42.41093063354492,0
2021-11-16,42.95000076293945,42.95000076293945,42.95000076293945,42.95000076293945,42.41093063354492,0
2021-11-17,42.95000076293945,42.95000076293945,42.95000076293945,42.95000076293945,42.41093063354492,0
2021-11-18,42.95000076293945,42.95000076293945,42.95000076293945,42.95000076293945,42.41093063354492,0
2021-11-22,42.95000076293945,42.95000076293945,42.95000076293945,42.95000076293945,42.41093063354492,0
2021-11-23,47.20000076293945,50.5,45.150001525878906,49.599998474121094,48.97746276855469,21866
2021-11-24,49.099998474121094,51.400001525878906,48.25,49.849998474121094,49.22432327270508,14347
2021-11-25,49.29999923706055,51.849998474121094,48.849998474121094,51.0,50.359893798828125,9754
2021-11-26,50.0,50.29999923706055,48.04999923706055,49.599998474121094,48.97746276855469,10965
2021-11-29,48.0,49.45000076293945,46.5,47.29999923706055,46.706329345703125,44335
2021-11-30,46.150001525878906,47.75,44.599998474121094,47.20000076293945,46.60758590698242,17883
2021-12-01,47.79999923706055,48.0,46.54999923706055,47.79999923706055,47.20005416870117,15393
2021-12-02,48.0,52.54999923706055,48.0,52.54999923706055,51.890438079833984,33203
2021-12-03,52.900001525878906,56.95000076293945,50.349998474121094,51.349998474121094,50.70549774169922,37554
2021-12-06,54.5,54.5,50.79999923706055,52.400001525878906,51.74232482910156,13879
2021-12-07,52.5,56.45000076293945,51.70000076293945,52.29999923706055,51.64357376098633,20291
2021-12-08,52.29999923706055,54.5,51.400001525878906,52.45000076293945,51.79169464111328,17255
2021-12-09,50.099998474121094,53.849998474121094,50.099998474121094,52.29999923706055,51.64357376098633,11717
2021-12-10,53.349998474121094,53.349998474121094,51.25,52.75,52.087928771972656,27351
2021-12-13,54.20000076293945,54.20000076293945,51.599998474121094,52.04999923706055,51.39671325683594,36733
2021-12-14,54.0,54.0,51.599998474121094,53.04999923706055,52.38416290283203,24182
2021-12-15,54.20000076293945,54.20000076293945,51.599998474121094,52.20000076293945,51.544830322265625,6199
2021-12-16,52.0,52.900001525878906,51.599998474121094,51.75,51.10047912597656,14079
2021-12-17,53.0,53.0,49.599998474121094,50.04999923706055,49.421817779541016,33219
2021-12-20,51.04999923706055,59.45000076293945,51.0,53.20000076293945,52.53227996826172,471643
2021-12-21,54.0,55.900001525878906,52.54999923706055,53.95000076293945,53.27286911010742,60150
2021-12-22,53.0,56.0,51.95000076293945,54.900001525878906,54.21094512939453,46326
2021-12-23,55.75,56.400001525878906,52.150001525878906,53.29999923706055,52.63102722167969,35273
2021-12-24,54.400001525878906,55.650001525878906,53.099998474121094,53.349998474121094,52.680397033691406,24121
2021-12-27,53.0,57.900001525878906,52.599998474121094,56.349998474121094,55.64274215698242,70368
2021-12-28,56.349998474121094,59.599998474121094,56.349998474121094,58.599998474121094,57.864505767822266,83214
2021-12-29,58.599998474121094,59.400001525878906,55.099998474121094,55.900001525878906,55.198394775390625,78926
2021-12-30,55.900001525878906,57.95000076293945,55.5,55.650001525878906,54.951534271240234,40836
2021-12-31,57.95000076293945,57.95000076293945,55.04999923706055,55.70000076293945,55.00090408325195,43747
2022-01-03,56.849998474121094,62.0,56.0,61.099998474121094,60.333126068115234,142931
2022-01-04,63.45000076293945,63.900001525878906,61.25,62.45000076293945,61.66618347167969,168931
2022-01-05,60.25,74.9000015258789,60.25,74.9000015258789,73.95992279052734,646765
2022-01-06,76.0,89.80000305175781,70.8499984741211,87.75,86.64864349365234,2235654
2022-01-07,90.75,91.9000015258789,80.25,81.0,79.98336029052734,545592
2022-01-10,84.94999694824219,87.0,81.0,85.80000305175781,84.72311401367188,208208
2022-01-11,86.80000305175781,90.0,82.0,83.30000305175781,82.2544937133789,137094
2022-01-12,83.5,85.9000015258789,77.0999984741211,80.0,78.99591064453125,109938
2022-01-13,82.0,82.0,77.5,78.55000305175781,77.5641098022461,57173
2022-01-14,79.5,85.0,77.5,82.25,81.21766662597656,135021
2022-01-17,90.44999694824219,90.44999694824219,90.44999694824219,90.44999694824219,89.31474304199219,144232
2022-01-18,99.44999694824219,99.44999694824219,90.5999984741211,99.19999694824219,97.95492553710938,952994
2022-01-19,99.0,103.44999694824219,93.94999694824219,97.4000015258789,96.17752075195312,342519
2022-01-20,99.80000305175781,107.0999984741211,98.05000305175781,107.0999984741211,105.75577545166016,821765
2022-01-21,109.80000305175781,111.80000305175781,101.75,101.80000305175781,100.52230072021484,480886
2022-01-24,97.5999984741211,99.80000305175781,96.75,96.75,95.53567504882812,46851
2022-01-25,92.0,98.80000305175781,91.94999694824219,93.8499984741211,92.67207336425781,447471
2022-01-27,94.0,97.5,88.69999694824219,90.55000305175781,89.89241027832031,248312
2022-01-28,93.0,95.05000305175781,91.94999694824219,93.0,92.32461547851562,137206
2022-01-31,92.5999984741211,96.5999984741211,91.5999984741211,92.3499984741211,91.67933654785156,46125
2022-02-01,93.5999984741211,94.5,90.5,91.6500015258789,90.98442077636719,39671
2022-02-02,92.69999694824219,96.19999694824219,91.5,96.19999694824219,95.50137329101562,133346
2022-02-03,97.4000015258789,97.44999694824219,93.55000305175781,94.0,93.31735229492188,65179
2022-02-04,95.3499984741211,96.0,92.19999694824219,93.0,92.32461547851562,33235
2022-02-07,95.9000015258789,97.5,91.0,94.30000305175781,93.61518096923828,99440
2022-02-08,94.9000015258789,94.9000015258789,91.0,92.30000305175781,91.62970733642578,48926
2022-02-09,93.80000305175781,101.5,92.55000305175781,98.80000305175781,98.08250427246094,309029
2022-02-10,102.0,105.5,101.0,103.44999694824219,102.69872283935547,217057
2022-02-11,103.44999694824219,107.05000305175781,97.8499984741211,101.9000015258789,101.15998840332031,190339
2022-02-14,95.0999984741211,101.4000015258789,93.5,94.44999694824219,93.76408386230469,93769
2022-02-15,93.94999694824219,99.55000305175781,92.05000305175781,96.5,95.79920196533203,76531
2022-02-16,98.0,103.94999694824219,98.0,102.1500015258789,101.40817260742188,120709
2022-02-17,105.0,105.5,96.0,96.94999694824219,96.24592590332031,45868
2022-02-18,96.0,98.6500015258789,94.55000305175781,95.44999694824219,94.75682067871094,43972
2022-02-21,93.05000305175781,95.6500015258789,92.0,92.6500015258789,91.97716522216797,48490
2022-02-22,90.0,90.55000305175781,83.4000015258789,84.94999694824219,84.33307647705078,126622
2022-02-23,85.80000305175781,90.0,81.3499984741211,83.25,82.64542388916016,56414
2022-02-24,79.9000015258789,83.0,74.94999694824219,75.0,74.45533752441406,131673
2022-02-25,78.3499984741211,78.75,76.5,78.75,78.1781005859375,13720
2022-02-28,80.75,82.6500015258789,78.8499984741211,82.6500015258789,82.0497817993164,43554
2022-03-02,84.5,86.75,83.5,86.69999694824219,86.07036590576172,68969
2022-03-03,90.75,90.75,83.3499984741211,85.25,84.63089752197266,33663
2022-03-04,84.3499984741211,89.5,83.5,89.5,88.85003662109375,47892
2022-03-07,91.8499984741211,92.5,85.05000305175781,85.4000015258789,84.77981567382812,48306
2022-03-08,88.0,89.6500015258789,86.05000305175781,89.30000305175781,88.6514892578125,54200
2022-03-09,89.30000305175781,93.19999694824219,89.30000305175781,90.6500015258789,89.99168395996094,41064
2022-03-10,94.94999694824219,94.94999694824219,88.30000305175781,89.8499984741211,89.19749450683594,28960
2022-03-11,90.75,90.75,88.30000305175781,89.55000305175781,88.89967346191406,31980
2022-03-14,90.0,90.0,86.5,87.4000015258789,86.76528930664062,13743
2022-03-15,85.69999694824219,90.69999694824219,85.0999984741211,85.94999694824219,85.32581329345703,32570
2022-03-16,88.75,90.19999694824219,88.5,89.25,88.60185241699219,36811
2022-03-17,90.19999694824219,92.8499984741211,90.05000305175781,90.5999984741211,89.94204711914062,31037
2022-03-21,89.0999984741211,91.0,87.69999694824219,88.9000015258789,88.25439453125,32518
2022-03-22,88.05000305175781,89.55000305175781,84.6500015258789,85.69999694824219,85.07762908935547,87126
2022-03-23,86.0,88.0,85.05000305175781,85.75,85.12726593017578,26594
2022-03-24,85.0999984741211,86.69999694824219,81.5,84.4000015258789,83.78707122802734,46904
2022-03-25,84.0999984741211,86.94999694824219,80.55000305175781,82.3499984741211,81.75196075439453,48854
2022-03-28,83.0,84.9000015258789,80.75,82.6500015258789,82.0497817993164,16956
2022-03-29,84.0,84.5,81.0,83.6500015258789,83.04251861572266,21836
2022-03-30,84.3499984741211,85.25,81.69999694824219,84.80000305175781,84.18417358398438,19587
2022-03-31,85.0,88.8499984741211,83.5,87.4000015258789,86.76528930664062,43185
2022-04-01,87.0,89.5,85.5,86.55000305175781,85.92146301269531,32668
2022-04-04,86.6500015258789,89.55000305175781,86.6500015258789,88.94999694824219,88.30402374267578,39053
2022-04-05,90.0,91.69999694824219,87.19999694824219,87.94999694824219,87.31128692626953,65282
2022-04-06,89.0,90.5999984741211,85.3499984741211,86.5,85.87181854248047,81550
2022-04-07,84.94999694824219,87.9000015258789,84.94999694824219,86.69999694824219,86.07036590576172,43762
2022-04-08,87.44999694824219,90.5,86.75,89.5,88.85003662109375,49319
2022-04-11,89.5,92.0,88.6500015258789,91.5999984741211,90.93478393554688,67329
2022-04-12,95.9000015258789,96.1500015258789,91.6500015258789,96.05000305175781,95.35247039794922,135575
2022-04-13,97.94999694824219,97.94999694824219,92.5,93.94999694824219,93.26771545410156,70661
2022-04-18,93.5,93.5,89.30000305175781,89.30000305175781,88.6514892578125,132238
2022-04-19,90.0,90.0,84.8499984741211,86.3499984741211,85.72290802001953,89486
2022-04-20,88.5,89.3499984741211,85.0,85.8499984741211,85.2265396118164,44657
2022-04-21,87.5999984741211,90.0999984741211,86.3499984741211,90.05000305175781,89.39604187011719,52281
2022-04-22,89.4000015258789,92.75,88.30000305175781,90.1500015258789,89.49531555175781,25415
2022-04-25,90.1500015258789,90.1500015258789,85.6500015258789,85.69999694824219,85.07762908935547,38731
2022-04-26,86.9000015258789,87.0,81.44999694824219,83.05000305175781,82.4468765258789,73610
2022-04-27,81.55000305175781,85.0,79.55000305175781,81.80000305175781,81.2059555053711,64535
2022-04-28,83.9000015258789,84.4000015258789,79.05000305175781,79.94999694824219,79.369384765625,40141
2022-04-29,81.8499984741211,82.5,80.0999984741211,81.5,80.90813446044922,19636
2022-05-02,81.3499984741211,81.4000015258789,77.5,77.80000305175781,77.2350082397461,43551
2022-05-04,77.80000305175781,80.0,75.0,76.3499984741211,75.7955322265625,26939
2022-05-05,77.0,77.6500015258789,75.05000305175781,75.94999694824219,75.3984375,17977
2022-05-06,76.9000015258789,76.9000015258789,72.19999694824219,75.30000305175781,74.75315856933594,32485
2022-05-09,75.0,75.0999984741211,71.69999694824219,72.19999694824219,71.67566680908203,19097
2022-05-10,72.94999694824219,73.75,70.0,71.5,70.98075103759766,15501
2022-05-11,70.25,72.3499984741211,67.94999694824219,67.94999694824219,67.45653533935547,32493
2022-05-12,68.0,68.0,64.5999984741211,64.5999984741211,64.130859375,20412
2022-05-13,63.400001525878906,67.0,63.400001525878906,65.8499984741211,65.37178802490234,23525
2022-05-16,68.0,68.0,62.599998474121094,62.849998474121094,62.39356994628906,32355
2022-05-17,64.44999694824219,65.94999694824219,59.75,65.94999694824219,65.47105407714844,70590
2022-05-18,68.5,69.19999694824219,65.44999694824219,69.05000305175781,68.54855346679688,21102
2022-05-19,68.0,72.5,67.19999694824219,72.5,71.97349548339844,21468
2022-05-20,76.0999984741211,76.0999984741211,76.0999984741211,76.0999984741211,75.54734802246094,9655
2022-05-23,78.9000015258789,79.9000015258789,78.9000015258789,79.8499984741211,79.27011108398438,44141
2022-05-24,83.0,83.80000305175781,77.3499984741211,82.94999694824219,82.34760284423828,105455
2022-05-25,82.0,82.9000015258789,78.8499984741211,78.8499984741211,78.27737426757812,39037
2022-05-26,77.94999694824219,80.69999694824219,74.94999694824219,75.5999984741211,75.05097961425781,26811
2022-05-27,75.5999984741211,79.3499984741211,74.8499984741211,79.30000305175781,78.72411346435547,23971
2022-05-30,82.94999694824219,83.25,79.30000305175781,81.5,80.90813446044922,41582
2022-05-31,82.9000015258789,82.9000015258789,79.55000305175781,80.30000305175781,79.71685028076172,22818
2022-06-01,81.44999694824219,82.80000305175781,76.4000015258789,76.94999694824219,76.39117431640625,23508
2022-06-02,77.5,79.0,76.3499984741211,78.19999694824219,77.63209533691406,15594
2022-06-03,79.25,79.80000305175781,77.05000305175781,77.8499984741211,77.28463745117188,12405
2022-06-06,78.94999694824219,81.0,76.55000305175781,80.55000305175781,79.96503448486328,30814
2022-06-07,81.44999694824219,81.44999694824219,77.19999694824219,78.25,77.68173217773438,9719
2022-06-08,78.0,79.6500015258789,76.25,77.6500015258789,77.08609771728516,8203
2022-06-09,77.6500015258789,77.6500015258789,71.55000305175781,76.44999694824219,75.89480590820312,18789
2022-06-10,75.0,76.0,73.30000305175781,75.5999984741211,75.05097961425781,9335
2022-06-13,75.0,82.4000015258789,68.9000015258789,74.9000015258789,74.35606384277344,52722
2022-06-14,75.0,76.44999694824219,71.0999984741211,71.5,70.98075103759766,21699
2022-06-15,72.94999694824219,74.6500015258789,69.3499984741211,70.3499984741211,69.83910369873047,20363
2022-06-16,72.9000015258789,72.9000015258789,68.05000305175781,69.0,68.49890899658203,14800
2022-06-17,69.0,70.6500015258789,65.1500015258789,68.8499984741211,68.3499984741211,12611
2022-06-20,67.5,72.0999984741211,65.0999984741211,65.94999694824219,65.94999694824219,20472
2022-06-21,67.69999694824219,68.05000305175781,63.95000076293945,65.6500015258789,65.6500015258789,27842
2022-06-22,66.44999694824219,67.0,63.0,65.25,65.25,13729
2022-06-23,63.95000076293945,70.0,63.95000076293945,68.75,68.75,10233
2022-06-24,67.05000305175781,72.0,66.05000305175781,71.6500015258789,71.6500015258789,7232
2022-06-27,70.25,74.0,69.80000305175781,73.0,73.0,8832
2022-06-28,72.0,74.94999694824219,70.8499984741211,73.44999694824219,73.44999694824219,10229
2022-06-29,73.5,75.0,72.5,74.25,74.25,4894
2022-06-30,74.8499984741211,75.0,69.3499984741211,72.69999694824219,72.69999694824219,16049
2022-07-01,74.0,74.0,70.05000305175781,72.8499984741211,72.8499984741211,8008
2022-07-04,71.4000015258789,73.9000015258789,70.25,72.9000015258789,72.9000015258789,6007
2022-07-05,72.0,73.9000015258789,72.0,72.8499984741211,72.8499984741211,3791
2022-07-06,73.69999694824219,73.69999694824219,71.55000305175781,72.6500015258789,72.6500015258789,8005
2022-07-07,71.19999694824219,74.0,71.19999694824219,73.1500015258789,73.1500015258789,5577
2022-07-08,75.3499984741211,75.3499984741211,72.05000305175781,73.05000305175781,73.05000305175781,4112
2022-07-11,74.5,74.5,69.9000015258789,70.3499984741211,70.3499984741211,16086
2022-07-12,71.0,72.44999694824219,68.05000305175781,70.80000305175781,70.80000305175781,6502
2022-07-13,72.0,72.9000015258789,68.55000305175781,70.25,70.25,6986
2022-07-14,69.05000305175781,71.4000015258789,69.0,69.75,69.75,6515
2022-07-15,70.94999694824219,71.5,69.30000305175781,70.8499984741211,70.8499984741211,5155
2022-07-18,72.0,72.0,69.3499984741211,69.9000015258789,69.9000015258789,10253
2022-07-19,71.0,72.9000015258789,70.3499984741211,72.4000015258789,72.4000015258789,9670
2022-07-20,75.80000305175781,79.5999984741211,74.0,79.5999984741211,79.5999984741211,42136
2022-07-21,84.69999694824219,85.69999694824219,80.0,84.80000305175781,84.80000305175781,104549
2022-07-22,86.4000015258789,86.5,82.05000305175781,83.69999694824219,83.69999694824219,30916
2022-07-25,82.69999694824219,85.0,77.55000305175781,78.6500015258789,78.6500015258789,31573
2022-07-26,77.94999694824219,80.6500015258789,77.5999984741211,78.69999694824219,78.69999694824219,23461
2022-07-27,80.0,80.0,77.1500015258789,78.6500015258789,78.6500015258789,7830
2022-07-28,81.30000305175781,81.5,76.19999694824219,77.44999694824219,77.44999694824219,15772
2022-07-29,77.44999694824219,79.0,73.5999984741211,75.0,75.0,27584
2022-08-01,76.9000015258789,78.75,74.30000305175781,78.5,78.5,24913
2022-08-02,79.9000015258789,79.9000015258789,76.0,77.8499984741211,77.8499984741211,24716
2022-08-03,76.4000015258789,79.9000015258789,75.6500015258789,78.69999694824219,78.69999694824219,27075
2022-08-04,79.0999984741211,79.75,74.5999984741211,76.1500015258789,76.1500015258789,37541
2022-08-05,77.0,81.0999984741211,75.80000305175781,79.0999984741211,79.0999984741211,61197
2022-08-08,79.94999694824219,79.94999694824219,77.30000305175781,78.0,78.0,15488
2022-08-10,80.0,80.0,76.4000015258789,77.0,77.0,23797
2022-08-11,78.4000015258789,78.4000015258789,76.25,77.4000015258789,77.4000015258789,7447
2022-08-12,77.19999694824219,79.44999694824219,76.44999694824219,77.0,77.0,14685
2022-08-16,76.5,78.44999694824219,76.4000015258789,77.3499984741211,77.3499984741211,12310
2022-08-17,77.4000015258789,78.5,76.9000015258789,77.69999694824219,77.69999694824219,17777
2022-08-18,78.0,80.44999694824219,76.6500015258789,78.75,78.75,24608
2022-08-19,79.94999694824219,79.94999694824219,77.75,79.25,79.25,29301
2022-08-22,79.19999694824219,79.25,76.5,77.30000305175781,77.30000305175781,22947
2022-08-23,76.75,80.0,68.55000305175781,79.1500015258789,79.1500015258789,31232
2022-08-24,77.30000305175781,82.9000015258789,77.30000305175781,81.9000015258789,81.9000015258789,48528
2022-08-25,82.0,83.0,77.25,78.55000305175781,78.55000305175781,31872
2022-08-26,80.0,80.0,78.0,78.0999984741211,78.0999984741211,13704
2022-08-29,75.0,81.0,75.0,80.6500015258789,80.6500015258789,27594
2022-08-30,80.94999694824219,82.0,80.0999984741211,80.5999984741211,80.5999984741211,38071
2022-09-01,81.94999694824219,82.0,79.0,79.3499984741211,79.3499984741211,19718
2022-09-02,79.3499984741211,82.0,79.3499984741211,80.69999694824219,80.69999694824219,14470
2022-09-05,80.5,82.44999694824219,79.5999984741211,80.5999984741211,80.5999984741211,18336
2022-09-06,79.25,81.9000015258789,79.25,80.55000305175781,80.55000305175781,27461
2022-09-07,81.94999694824219,81.94999694824219,79.8499984741211,80.6500015258789,80.6500015258789,16672
2022-09-08,80.8499984741211,82.0999984741211,80.0999984741211,80.8499984741211,80.8499984741211,38669
2022-09-09,81.55000305175781,85.0,81.0,81.6500015258789,81.6500015258789,46310
2022-09-12,79.25,86.19999694824219,79.25,82.55000305175781,82.55000305175781,74799
2022-09-13,84.0,85.69999694824219,82.3499984741211,83.0999984741211,83.0999984741211,31771
2022-09-14,82.80000305175781,83.94999694824219,81.0,81.9000015258789,81.9000015258789,45541
2022-09-15,83.8499984741211,83.9000015258789,79.0,79.80000305175781,79.80000305175781,40940
2022-09-16,82.6500015258789,82.6500015258789,77.55000305175781,78.55000305175781,78.55000305175781,28932
2022-09-19,79.0,80.0,75.05000305175781,76.30000305175781,76.30000305175781,28159
2022-09-20,77.94999694824219,77.94999694824219,75.80000305175781,77.25,77.25,20181
2022-09-21,75.8499984741211,77.44999694824219,74.5,75.1500015258789,75.1500015258789,18735
2022-09-22,76.4000015258789,76.9000015258789,74.25,75.80000305175781,75.80000305175781,18857
2022-09-23,76.0,76.4000015258789,74.55000305175781,75.05000305175781,75.05000305175781,11321
2022-09-26,76.0,76.4000015258789,70.0999984741211,71.0,71.0,19613
2022-09-27,73.30000305175781,73.30000305175781,70.55000305175781,71.9000015258789,71.9000015258789,7323
2022-09-28,74.0,74.5,71.6500015258789,73.30000305175781,73.30000305175781,8511
2022-09-29,75.9000015258789,76.0,70.25,72.44999694824219,72.44999694824219,19357
2022-09-30,70.1500015258789,75.0,70.1500015258789,71.0,71.0,18167
2022-10-03,68.25,73.0,68.25,71.5,71.5,13919
2022-10-04,73.9000015258789,73.94999694824219,70.80000305175781,71.44999694824219,71.44999694824219,9085
2022-10-06,73.9000015258789,73.9000015258789,71.6500015258789,72.30000305175781,72.30000305175781,15828
2022-10-07,73.4000015258789,74.25,70.8499984741211,72.5999984741211,72.5999984741211,19138
2022-10-10,72.0,72.5,70.30000305175781,70.6500015258789,70.6500015258789,20433
2022-10-11,72.44999694824219,72.6500015258789,70.05000305175781,71.3499984741211,71.3499984741211,12389
2022-10-12,72.3499984741211,73.0,71.30000305175781,71.75,71.75,5844
2022-10-13,72.9000015258789,72.9000015258789,68.30000305175781,68.5999984741211,68.5999984741211,24600
2022-10-14,72.0,72.5,68.3499984741211,69.0999984741211,69.0999984741211,7705
2022-10-17,69.0,70.5999984741211,67.94999694824219,69.0999984741211,69.0999984741211,12818
2022-10-18,69.19999694824219,70.69999694824219,68.05000305175781,68.69999694824219,68.69999694824219,9650
2022-10-19,70.44999694824219,70.44999694824219,66.1500015258789,67.6500015258789,67.6500015258789,20773
2022-10-20,69.8499984741211,69.8499984741211,66.55000305175781,68.69999694824219,68.69999694824219,12012
2022-10-21,67.9000015258789,68.69999694824219,67.5999984741211,68.4000015258789,68.4000015258789,9015
2022-10-24,67.19999694824219,76.44999694824219,67.1500015258789,70.0,70.0,7632
2022-10-25,71.0,71.0,68.0999984741211,69.94999694824219,69.94999694824219,6887
2022-10-27,69.94999694824219,72.0,67.19999694824219,69.9000015258789,69.9000015258789,17302
2022-10-28,71.80000305175781,71.80000305175781,69.0999984741211,69.75,69.75,3778
2022-10-31,68.25,71.5,67.0,67.80000305175781,67.80000305175781,16897
2022-11-01,67.05000305175781,69.5999984741211,67.05000305175781,68.55000305175781,68.55000305175781,9556
2022-11-02,69.75,69.75,67.0,68.0,68.0,17745
2022-11-03,68.25,68.75,66.5999984741211,67.25,67.25,22257
2022-11-04,67.0,67.94999694824219,66.0,67.75,67.75,5907
2022-11-07,68.25,69.9000015258789,68.0,68.44999694824219,68.44999694824219,12337
2022-11-09,69.25,69.25,65.44999694824219,67.1500015258789,67.1500015258789,21465
2022-11-10,67.0,67.30000305175781,61.0,62.20000076293945,62.20000076293945,45928
2022-11-11,62.25,64.0,61.0,62.099998474121094,62.099998474121094,19781
2022-11-14,60.0,63.70000076293945,54.0,56.75,56.75,97656
2022-11-15,57.0,57.900001525878906,56.0,57.54999923706055,57.54999923706055,28853
2022-11-16,58.0,60.95000076293945,56.400001525878906,60.04999923706055,60.04999923706055,22571
2022-11-17,61.79999923706055,61.79999923706055,56.0,56.849998474121094,56.849998474121094,29141
2022-11-18,58.45000076293945,59.0,56.650001525878906,57.099998474121094,57.099998474121094,13615
2022-11-21,58.45000076293945,59.849998474121094,53.70000076293945,57.900001525878906,57.900001525878906,22926
2022-11-22,58.95000076293945,58.95000076293945,56.099998474121094,56.95000076293945,56.95000076293945,51185
2022-11-23,56.0,57.900001525878906,56.0,56.900001525878906,56.900001525878906,9016
2022-11-24,57.900001525878906,67.0,56.75,60.900001525878906,60.900001525878906,102270
2022-11-25,62.45000076293945,63.150001525878906,59.0,59.849998474121094,59.849998474121094,34570
2022-11-28,62.0,62.0,57.45000076293945,58.54999923706055,58.54999923706055,87111
2022-11-29,58.5,59.79999923706055,58.0,58.650001525878906,58.650001525878906,39986
2022-11-30,59.650001525878906,60.20000076293945,59.04999923706055,59.5,59.5,33673
2022-12-01,60.5,61.20000076293945,58.5,58.849998474121094,58.849998474121094,85567
2022-12-02,60.70000076293945,60.75,59.04999923706055,60.0,60.0,32364
2022-12-05,61.0,63.5,60.150001525878906,61.95000076293945,61.95000076293945,77868
2022-12-06,63.900001525878906,64.5,61.349998474121094,62.849998474121094,62.849998474121094,49553
2022-12-07,64.0,64.3499984741211,61.849998474121094,61.900001525878906,61.900001525878906,47833
2022-12-08,63.70000076293945,63.70000076293945,62.150001525878906,62.54999923706055,62.54999923706055,6217
2022-12-09,64.0,69.8499984741211,63.45000076293945,64.69999694824219,64.69999694824219,120316
2022-12-12,64.0,65.5,62.20000076293945,62.45000076293945,62.45000076293945,59629
2022-12-13,63.349998474121094,63.349998474121094,61.79999923706055,62.45000076293945,62.45000076293945,36537
2022-12-14,62.45000076293945,62.70000076293945,60.75,61.650001525878906,61.650001525878906,26516
2022-12-15,62.45000076293945,64.69999694824219,62.29999923706055,63.29999923706055,63.29999923706055,62053
2022-12-16,62.599998474121094,64.94999694824219,61.599998474121094,61.79999923706055,61.79999923706055,21095
2022-12-19,61.79999923706055,65.0,61.79999923706055,64.55000305175781,64.55000305175781,43442
2022-12-20,64.80000305175781,66.3499984741211,63.849998474121094,65.3499984741211,65.3499984741211,31815
2022-12-21,65.6500015258789,65.6500015258789,62.0,62.20000076293945,62.20000076293945,69104
2022-12-22,62.20000076293945,63.70000076293945,58.599998474121094,59.900001525878906,59.900001525878906,51548
2022-12-23,59.849998474121094,61.0,55.04999923706055,55.849998474121094,55.849998474121094,53951
2022-12-26,55.900001525878906,58.849998474121094,52.04999923706055,58.70000076293945,58.70000076293945,36122
2022-12-27,60.29999923706055,60.349998474121094,58.599998474121094,60.099998474121094,60.099998474121094,19939
2022-12-28,59.0,64.5,59.0,63.45000076293945,63.45000076293945,23142
2022-12-29,64.0,64.0,62.0,62.20000076293945,62.20000076293945,6647
2022-12-30,62.29999923706055,63.5,61.25,62.04999923706055,62.04999923706055,10095
2023-01-02,62.45000076293945,62.79999923706055,61.0,61.79999923706055,61.79999923706055,9934
2023-01-03,61.599998474121094,64.5,61.599998474121094,62.400001525878906,62.400001525878906,7125
2023-01-04,62.400001525878906,64.30000305175781,61.599998474121094,63.79999923706055,63.79999923706055,16552
2023-01-05,64.05000305175781,64.05000305175781,62.099998474121094,63.20000076293945,63.20000076293945,9182
2023-01-06,64.30000305175781,64.30000305175781,62.099998474121094,62.45000076293945,62.45000076293945,5241
2023-01-09,61.29999923706055,63.349998474121094,61.25,62.70000076293945,62.70000076293945,9772
2023-01-10,63.900001525878906,63.900001525878906,61.20000076293945,61.349998474121094,61.349998474121094,12281
2023-01-11,63.25,63.599998474121094,60.29999923706055,61.25,61.25,12395
2023-01-12,61.900001525878906,62.54999923706055,60.150001525878906,62.0,62.0,4639
2023-01-13,63.400001525878906,63.400001525878906,60.79999923706055,61.849998474121094,61.849998474121094,11956
2023-01-16,62.79999923706055,63.0,61.0,61.45000076293945,61.45000076293945,9896
2023-01-17,61.79999923706055,61.849998474121094,59.5,60.150001525878906,60.150001525878906,16604
2023-01-18,59.599998474121094,61.849998474121094,59.5,61.04999923706055,61.04999923706055,8357
2023-01-19,61.900001525878906,61.900001525878906,60.5,61.099998474121094,61.099998474121094,4804
2023-01-20,61.45000076293945,61.5,59.849998474121094,60.25,60.25,11407
2023-01-23,60.25,68.25,58.75,60.5,60.5,260516
2023-01-24,60.650001525878906,61.95000076293945,58.849998474121094,60.75,60.75,24980
2023-01-25,61.45000076293945,61.45000076293945,57.25,59.04999923706055,59.04999923706055,18503
2023-01-27,57.599998474121094,61.0,57.04999923706055,60.150001525878906,60.150001525878906,26072
2023-01-30,61.099998474121094,61.5,59.0,60.79999923706055,60.79999923706055,12310
2023-01-31,61.650001525878906,61.650001525878906,59.150001525878906,60.900001525878906,60.900001525878906,4343
2023-02-01,60.900001525878906,61.0,58.099998474121094,60.099998474121094,60.099998474121094,21707
2023-02-02,60.95000076293945,61.0,59.20000076293945,59.900001525878906,59.900001525878906,4819
2023-02-03,60.849998474121094,60.849998474121094,58.04999923706055,59.75,59.75,17217
2023-02-06,60.04999923706055,60.45000076293945,59.150001525878906,59.95000076293945,59.95000076293945,5256
2023-02-07,59.5,59.900001525878906,58.20000076293945,58.70000076293945,58.70000076293945,20627
2023-02-08,59.0,59.79999923706055,58.0,58.54999923706055,58.54999923706055,8084
2023-02-09,59.95000076293945,59.95000076293945,56.20000076293945,57.5,57.5,19486
2023-02-10,58.900001525878906,64.0999984741211,57.0,61.20000076293945,61.20000076293945,71754
2023-02-13,68.0,73.4000015258789,64.5,64.9000015258789,64.9000015258789,572657
2023-02-14,66.80000305175781,66.80000305175781,62.20000076293945,62.70000076293945,62.70000076293945,39582
2023-02-15,61.20000076293945,61.25,58.400001525878906,59.650001525878906,59.650001525878906,40603
2023-02-16,60.599998474121094,60.599998474121094,58.349998474121094,58.650001525878906,58.650001525878906,20898
2023-02-17,58.45000076293945,59.0,57.0,57.5,57.5,21492
2023-02-20,57.95000076293945,58.95000076293945,54.5,55.29999923706055,55.29999923706055,28686
2023-02-21,55.349998474121094,56.900001525878906,55.349998474121094,56.45000076293945,56.45000076293945,14289
2023-02-22,56.900001525878906,56.900001525878906,55.20000076293945,55.599998474121094,55.599998474121094,9242
2023-02-23,55.0,56.95000076293945,54.54999923706055,54.900001525878906,54.900001525878906,13817
2023-02-24,54.70000076293945,55.95000076293945,52.0,53.150001525878906,53.150001525878906,17641
2023-02-27,53.150001525878906,54.150001525878906,50.400001525878906,51.349998474121094,51.349998474121094,16819
2023-02-28,52.95000076293945,53.0,49.349998474121094,49.95000076293945,49.95000076293945,19336
2023-03-01,51.95000076293945,52.900001525878906,50.25,52.349998474121094,52.349998474121094,32521
2023-03-02,53.29999923706055,54.25,51.0,51.400001525878906,51.400001525878906,23632
2023-03-03,52.400001525878906,52.5,50.20000076293945,51.400001525878906,51.400001525878906,23994
2023-03-06,50.349998474121094,51.95000076293945,50.25,50.650001525878906,50.650001525878906,27221
2023-03-08,51.75,51.900001525878906,49.70000076293945,51.0,51.0,52803
2023-03-09,51.79999923706055,51.79999923706055,50.5,51.20000076293945,51.20000076293945,9632
2023-03-10,50.20000076293945,51.45000076293945,49.5,50.25,50.25,25555
2023-03-13,50.25,51.150001525878906,49.599998474121094,50.04999923706055,50.04999923706055,26793
2023-03-14,50.099998474121094,51.54999923706055,49.54999923706055,50.599998474121094,50.599998474121094,20774
2023-03-15,53.0,59.849998474121094,53.0,55.04999923706055,55.04999923706055,279973
2023-03-16,53.099998474121094,54.0,52.150001525878906,52.900001525878906,52.900001525878906,30049
2023-03-17,53.900001525878906,57.849998474121094,53.900001525878906,56.599998474121094,56.599998474121094,73094
2023-03-20,56.599998474121094,57.95000076293945,52.5,53.25,53.25,46497
2023-03-21,55.20000076293945,55.20000076293945,52.5,52.79999923706055,52.79999923706055,20732
2023-03-22,53.900001525878906,54.650001525878906,52.099998474121094,53.349998474121094,53.349998474121094,21577
2023-03-23,52.400001525878906,54.45000076293945,52.400001525878906,53.45000076293945,53.45000076293945,23818
2023-03-24,52.400001525878906,53.650001525878906,51.900001525878906,52.5,52.5,29062
2023-03-27,53.45000076293945,55.0,50.54999923706055,51.349998474121094,51.349998474121094,30910
2023-03-28,52.04999923706055,52.099998474121094,49.099998474121094,49.95000076293945,49.95000076293945,38562
2023-03-29,50.79999923706055,51.45000076293945,49.70000076293945,51.04999923706055,51.04999923706055,15857
2023-03-31,51.04999923706055,51.75,48.20000076293945,49.400001525878906,49.400001525878906,41978
2023-04-03,50.0,53.650001525878906,50.0,52.400001525878906,52.400001525878906,23968
2023-04-05,52.400001525878906,59.0,52.25,57.75,57.75,75156
2023-04-06,58.79999923706055,58.79999923706055,55.0,57.5,57.5,31739
2023-04-10,57.79999923706055,58.79999923706055,54.0,54.70000076293945,54.70000076293945,16884
2023-04-11,54.75,58.349998474121094,54.70000076293945,56.70000076293945,56.70000076293945,35280
2023-04-12,55.75,57.75,55.650001525878906,56.29999923706055,56.29999923706055,12726
2023-04-13,55.650001525878906,57.79999923706055,55.04999923706055,55.75,55.75,19131
2023-04-17,55.75,57.95000076293945,55.04999923706055,57.04999923706055,57.04999923706055,17494
2023-04-18,57.849998474121094,57.849998474121094,56.099998474121094,56.29999923706055,56.29999923706055,9406
2023-04-19,56.099998474121094,57.25,55.150001525878906,56.04999923706055,56.04999923706055,18303
2023-04-20,56.650001525878906,57.849998474121094,55.04999923706055,55.75,55.75,16553
2023-04-21,55.900001525878906,56.70000076293945,55.400001525878906,56.349998474121094,56.349998474121094,9405
2023-04-24,55.5,57.900001525878906,53.75,54.45000076293945,54.45000076293945,24437
2023-04-25,55.79999923706055,55.79999923706055,53.20000076293945,53.650001525878906,53.650001525878906,19706
2023-04-26,53.20000076293945,56.400001525878906,53.20000076293945,55.349998474121094,55.349998474121094,18075
2023-04-27,56.45000076293945,56.5,54.099998474121094,55.849998474121094,55.849998474121094,25231
2023-04-28,56.0,56.95000076293945,55.29999923706055,55.79999923706055,55.79999923706055,17664
2023-05-02,55.45000076293945,55.45000076293945,47.70000076293945,49.599998474121094,49.599998474121094,313399
2023-05-03,51.29999923706055,51.29999923706055,48.5,49.29999923706055,49.29999923706055,135814
2023-05-04,50.45000076293945,50.45000076293945,49.400001525878906,49.849998474121094,49.849998474121094,45626
2023-05-05,50.650001525878906,50.650001525878906,48.54999923706055,49.5,49.5,35601
2023-05-08,49.5,49.849998474121094,47.900001525878906,48.400001525878906,48.400001525878906,35336
2023-05-09,48.900001525878906,48.900001525878906,47.54999923706055,48.29999923706055,48.29999923706055,47210
2023-05-10,48.099998474121094,49.29999923706055,47.75,48.900001525878906,48.900001525878906,27840
2023-05-11,49.400001525878906,50.5,48.20000076293945,50.099998474121094,50.099998474121094,58492
2023-05-12,50.400001525878906,50.400001525878906,48.29999923706055,48.650001525878906,48.650001525878906,25491
2023-05-15,48.150001525878906,49.95000076293945,48.150001525878906,49.400001525878906,49.400001525878906,24951
2023-05-16,50.349998474121094,50.349998474121094,48.54999923706055,49.29999923706055,49.29999923706055,21381
2023-05-17,49.29999923706055,50.349998474121094,49.04999923706055,49.54999923706055,49.54999923706055,37238
2023-05-18,49.0,50.45000076293945,49.0,49.45000076293945,49.45000076293945,26438
2023-05-19,49.04999923706055,49.79999923706055,48.29999923706055,48.70000076293945,48.70000076293945,10578
2023-05-22,49.599998474121094,49.599998474121094,46.900001525878906,47.400001525878906,47.400001525878906,59807
2023-05-23,47.400001525878906,47.70000076293945,46.20000076293945,46.650001525878906,46.650001525878906,26596
2023-05-24,46.900001525878906,46.900001525878906,44.70000076293945,45.29999923706055,45.29999923706055,66113
2023-05-25,45.70000076293945,46.900001525878906,45.29999923706055,46.54999923706055,46.54999923706055,31147
2023-05-26,46.79999923706055,46.79999923706055,45.45000076293945,45.79999923706055,45.79999923706055,18563
2023-05-29,45.45000076293945,46.29999923706055,41.79999923706055,42.45000076293945,42.45000076293945,152541
2023-05-30,42.95000076293945,44.0,41.0,41.900001525878906,41.900001525878906,95003
2023-05-31,43.400001525878906,43.400001525878906,41.04999923706055,41.79999923706055,41.79999923706055,41730
2023-06-01,42.70000076293945,42.70000076293945,40.75,41.45000076293945,41.45000076293945,37198
2023-06-02,42.400001525878906,42.400001525878906,40.5,41.54999923706055,41.54999923706055,59089
2023-06-05,42.70000076293945,43.45000076293945,41.599998474121094,42.400001525878906,42.400001525878906,36332
2023-06-06,42.29999923706055,42.900001525878906,42.04999923706055,42.349998474121094,42.349998474121094,31078
2023-06-07,42.349998474121094,49.349998474121094,41.900001525878906,48.099998474121094,48.099998474121094,246907
2023-06-08,47.849998474121094,48.650001525878906,46.25,46.79999923706055,46.79999923706055,49317
2023-06-09,46.849998474121094,47.0,46.0,46.099998474121094,46.099998474121094,24101
2023-06-12,46.5,48.849998474121094,46.150001525878906,47.25,47.25,52089
2023-06-13,48.0,50.0,47.150001525878906,49.79999923706055,49.79999923706055,136890
2023-06-14,50.25,54.5,49.400001525878906,52.95000076293945,52.95000076293945,161965
2023-06-15,53.04999923706055,53.95000076293945,51.0,51.20000076293945,51.20000076293945,83117
2023-06-16,52.5,52.900001525878906,50.54999923706055,51.400001525878906,51.400001525878906,34266
2023-06-19,51.5,54.0,50.650001525878906,51.0,51.0,39873
2023-06-20,49.599998474121094,52.5,49.599998474121094,51.29999923706055,51.29999923706055,63852
2023-06-21,50.79999923706055,51.95000076293945,50.0,50.25,50.25,29878
2023-06-22,50.25,51.0,49.0,49.54999923706055,49.54999923706055,20826
2023-06-23,51.650001525878906,51.70000076293945,47.5,48.04999923706055,48.04999923706055,42881
2023-06-26,48.20000076293945,49.400001525878906,47.25,47.650001525878906,47.650001525878906,14087
2023-06-27,48.70000076293945,49.29999923706055,47.349998474121094,47.45000076293945,47.45000076293945,37580
2023-06-30,47.5,48.95000076293945,47.400001525878906,48.29999923706055,48.29999923706055,44014
2023-07-03,49.650001525878906,57.5,49.04999923706055,56.099998474121094,56.099998474121094,691427
2023-07-04,56.349998474121094,58.0,55.25,56.900001525878906,56.900001525878906,158963
2023-07-05,56.900001525878906,57.5,55.0,56.900001525878906,56.900001525878906,61684
2023-07-06,57.0,58.0,55.849998474121094,56.95000076293945,56.95000076293945,65718
2023-07-07,57.400001525878906,57.5,55.25,56.349998474121094,56.349998474121094,51527
2023-07-10,57.79999923706055,57.79999923706055,55.400001525878906,56.45000076293945,56.45000076293945,58563
2023-07-11,55.650001525878906,57.45000076293945,55.099998474121094,56.04999923706055,56.04999923706055,64596
2023-07-12,56.0,57.5,55.349998474121094,56.54999923706055,56.54999923706055,42956
2023-07-13,56.150001525878906,57.25,54.45000076293945,56.25,56.25,30072
2023-07-14,55.70000076293945,60.25,54.20000076293945,58.650001525878906,58.650001525878906,100822
2023-07-17,60.400001525878906,62.0,59.04999923706055,61.349998474121094,61.349998474121094,88543
2023-07-18,61.54999923706055,64.05000305175781,61.54999923706055,61.599998474121094,61.599998474121094,108867
2023-07-19,62.849998474121094,62.849998474121094,60.599998474121094,61.150001525878906,61.150001525878906,29024
2023-07-20,61.150001525878906,71.69999694824219,59.400001525878906,65.9000015258789,65.9000015258789,325664
2023-07-21,66.0,69.44999694824219,65.0999984741211,66.69999694824219,66.69999694824219,70596
2023-07-24,66.5999984741211,68.44999694824219,65.5,67.05000305175781,67.05000305175781,69394
2023-07-25,66.0,66.5,63.70000076293945,63.79999923706055,63.79999923706055,158821
2023-07-26,62.54999923706055,66.0,60.75,64.55000305175781,64.55000305175781,28306
2023-07-27,64.55000305175781,65.80000305175781,63.5,64.55000305175781,64.55000305175781,22869
2023-07-28,65.0,67.0,64.0,65.05000305175781,65.05000305175781,26389
2023-07-31,64.05000305175781,66.0,64.05000305175781,65.5,65.5,29678
2023-08-01,64.94999694824219,67.44999694824219,62.25,66.69999694824219,66.69999694824219,90292
2023-08-02,67.0,67.0,64.5,66.25,66.25,46974
2023-08-03,66.25,67.0,64.5,66.8499984741211,66.8499984741211,38852
2023-08-04,66.8499984741211,67.0,65.19999694824219,66.0999984741211,66.0999984741211,22204
2023-08-07,67.44999694824219,67.44999694824219,64.5,65.80000305175781,65.80000305175781,17102
2023-08-08,65.80000305175781,66.4000015258789,64.0,65.5,65.5,38475
