Date,Open,High,Low,Close,Adj Close,Volume
2008-03-12,48.712501525878906,48.712501525878906,44.53125,45.48749923706055,17.126935958862305,297815850
2008-03-13,43.631248474121094,45.599998474121094,40.6875,42.599998474121094,16.03973960876465,62316426
2008-03-14,43.125,43.78125,41.006248474121094,42.16875076293945,15.877362251281738,17767911
2008-03-17,39.75,40.875,37.6875,39.29999923706055,14.797218322753906,22096530
2008-03-18,39.0,40.875,38.287498474121094,39.45000076293945,14.853702545166016,14321095
2008-03-19,40.125,41.13750076293945,37.875,38.306251525878906,14.423056602478027,8372946
2008-03-24,38.681251525878906,39.26250076293945,34.743751525878906,36.07500076293945,13.58294677734375,8111530
2008-03-25,36.974998474121094,39.73125076293945,35.71875,39.28125,14.790165901184082,17327069
2008-03-26,39.375,40.275001525878906,38.51250076293945,39.46875,14.860756874084473,12545914
2008-03-27,39.375,41.90625,39.28125,41.32500076293945,15.559674263000488,18664183
2008-03-28,41.625,41.98125076293945,39.45000076293945,40.89374923706055,15.397297859191895,8785957
2008-03-31,41.04375076293945,41.212501525878906,39.65625,39.91875076293945,15.030195236206055,5974893
2008-04-01,40.29375076293945,40.837501525878906,38.88750076293945,39.11249923706055,14.7266206741333,2373311
2008-04-02,39.75,40.837501525878906,38.88750076293945,39.01874923706055,14.691329002380371,2114965
2008-04-03,39.26250076293945,39.63750076293945,38.92499923706055,39.131248474121094,14.733682632446289,1639461
2008-04-04,39.11249923706055,40.23749923706055,37.912498474121094,38.381248474121094,14.451295852661133,3047565
2008-04-07,38.71875,40.125,38.13750076293945,39.84375,15.001952171325684,2000738
2008-04-08,39.5625,41.099998474121094,39.20624923706055,40.29375076293945,15.171387672424316,3875634
2008-04-09,39.75,42.65625,39.412498474121094,42.35625076293945,15.947959899902344,7785034
2008-04-10,42.09375,43.462501525878906,41.26874923706055,41.775001525878906,15.729104995727539,6491543
2008-04-11,42.09375,42.525001525878906,40.96875,41.868751525878906,15.764405250549316,3090477
2008-04-15,41.25,43.79999923706055,40.912498474121094,43.443748474121094,16.357419967651367,7239253
2008-04-16,43.79999923706055,44.212501525878906,42.375,43.04999923706055,16.20916748046875,3919037
2008-04-17,43.875,43.875,43.125,43.29375076293945,16.300947189331055,2470733
2008-04-21,43.5,44.400001525878906,42.9375,43.04999923706055,16.20916748046875,3563362
2008-04-22,42.9375,43.349998474121094,42.412498474121094,42.73125076293945,16.089153289794922,1931543
2008-04-23,43.125,43.20000076293945,41.625,42.35625076293945,15.947959899902344,2335903
2008-04-24,42.46875,43.78125,42.375,42.618751525878906,16.04680061340332,4241119
2008-04-25,42.75,44.587501525878906,42.056251525878906,43.89374923706055,16.52686309814453,3791983
2008-04-28,45.0,45.0,41.88750076293945,42.9375,16.166812896728516,8341909
2008-04-29,43.125,45.26250076293945,43.125,44.83124923706055,16.879844665527344,17880682
2008-04-30,45.375,47.32500076293945,45.0,45.95624923706055,17.30342674255371,20622829
2008-05-02,46.76250076293945,47.04375076293945,45.11249923706055,45.48749923706055,17.126935958862305,5339143
2008-05-05,45.5625,47.212501525878906,45.224998474121094,46.29375076293945,17.43050765991211,8187823
2008-05-06,46.650001525878906,46.79999923706055,43.98749923706055,44.868751525878906,16.893964767456055,5077154
2008-05-07,45.0,45.65625,44.287498474121094,45.243751525878906,17.035160064697266,3494773
2008-05-08,44.83124923706055,45.84375,44.25,45.01874923706055,16.950439453125,2593906
2008-05-09,44.587501525878906,45.0,43.181251525878906,43.462501525878906,16.364486694335938,3402522
2008-05-12,42.76874923706055,43.837501525878906,41.8125,43.42499923706055,16.350360870361328,2562327
2008-05-13,44.0625,44.775001525878906,42.95624923706055,43.23749923706055,16.279767990112305,2628837
2008-05-14,43.3125,44.025001525878906,42.82500076293945,43.66875076293945,16.442138671875,2672493
2008-05-15,44.23125076293945,44.36249923706055,43.631248474121094,43.89374923706055,16.52686309814453,611594
2008-05-16,44.17499923706055,44.25,43.6875,43.875,16.519798278808594,647154
2008-05-20,44.13750076293945,44.625,43.6875,44.006248474121094,16.5692138671875,1679229
2008-05-21,43.6875,45.318748474121094,43.6875,44.54999923706055,16.773950576782227,3930973
2008-05-22,44.4375,44.4375,42.84375,43.10625076293945,16.230350494384766,2142071
2008-05-23,43.76250076293945,43.76250076293945,42.787498474121094,43.10625076293945,16.230350494384766,1830423
2008-05-26,42.39374923706055,42.900001525878906,41.287498474121094,41.73749923706055,15.714988708496094,1186311
2008-05-27,42.63750076293945,43.443748474121094,40.40625,40.61249923706055,15.291403770446777,1908535
2008-05-28,40.875,41.849998474121094,40.349998474121094,41.493751525878906,15.623212814331055,2098522
2008-05-29,41.8125,42.29999923706055,39.787498474121094,40.40625,15.21374797821045,4323519
2008-05-30,40.5,40.875,40.125,40.20000076293945,15.136093139648438,716967
2008-06-02,40.40625,40.79999923706055,38.868751525878906,39.056251525878906,14.705449104309082,1242458
2008-06-03,38.25,38.88750076293945,37.51874923706055,38.099998474121094,14.345398902893066,3179701
2008-06-04,38.306251525878906,38.849998474121094,37.181251525878906,37.79999923706055,14.232443809509277,1417685
2008-06-05,38.587501525878906,38.587501525878906,37.443748474121094,38.212501525878906,14.387757301330566,684682
2008-06-06,38.54999923706055,38.625,37.875,38.212501525878906,14.387757301330566,639573
2008-06-09,36.75,37.5,35.625,37.275001525878906,14.034770965576172,1454589
2008-06-10,37.125,37.98749923706055,36.037498474121094,37.818748474121094,14.239500045776367,1376319
2008-06-11,38.25,39.11249923706055,37.912498474121094,38.474998474121094,14.486595153808594,1202341
2008-06-12,37.5,38.212501525878906,37.125,38.006248474121094,14.310096740722656,1037762
2008-06-13,38.4375,38.53125,37.5,37.650001525878906,14.175962448120117,1044906
2008-06-16,38.17499923706055,38.568748474121094,38.099998474121094,38.32500076293945,14.4301176071167,333711
2008-06-17,38.08124923706055,38.64374923706055,37.875,38.53125,14.507772445678711,1093415
2008-06-18,38.662498474121094,40.087501525878906,38.53125,38.79375076293945,14.606605529785156,1701055
2008-06-19,38.287498474121094,38.51250076293945,36.58124923706055,37.04999923706055,13.950050354003906,1262839
2008-06-20,37.5,37.837501525878906,35.83124923706055,36.150001525878906,13.611186981201172,1181666
2008-06-23,35.625,36.375,34.875,35.13750076293945,13.229959487915039,548005
2008-06-24,35.212501525878906,35.625,34.5,35.006248474121094,13.18053913116455,567330
2008-06-25,34.5,35.0625,34.181251525878906,34.48125076293945,12.982864379882812,907074
2008-06-26,35.025001525878906,35.212501525878906,33.0,33.150001525878906,12.481624603271484,1958858
2008-06-27,33.150001525878906,33.150001525878906,32.0625,32.493751525878906,12.234537124633789,659074
2008-06-30,32.625,32.625,31.143749237060547,31.387500762939453,11.818010330200195,648575
2008-07-01,31.125,31.481250762939453,28.518749237060547,28.987499237060547,10.914361953735352,3266565
2008-07-02,29.25,30.356250762939453,27.75,29.981250762939453,11.288529396057129,1591493
2008-07-03,29.625,30.0,27.225000381469727,27.993749618530273,10.540196418762207,1034250
2008-07-04,28.125,29.587499618530273,27.674999237060547,28.837499618530273,10.85788631439209,879037
2008-07-07,29.0625,30.75,28.875,29.868749618530273,11.246170997619629,1009530
2008-07-08,29.25,31.012500762939453,28.518749237060547,30.112499237060547,11.3379487991333,1355373
2008-07-09,30.75,31.293750762939453,30.450000762939453,30.65625,11.542682647705078,1359397
2008-07-10,30.356250762939453,31.068750381469727,29.287500381469727,30.487499237060547,11.47913932800293,901583
2008-07-11,30.524999618530273,31.125,29.362499237060547,29.53125,11.119093894958496,667933
2008-07-14,29.4375,29.981250762939453,28.96875,29.362499237060547,11.05555534362793,365730
2008-07-15,28.875,29.212499618530273,27.600000381469727,28.087499618530273,10.575496673583984,878029
2008-07-16,28.087499618530273,28.875,27.0,27.28125,10.27192497253418,1073439
2008-07-17,28.462499618530273,28.799999237060547,27.768749237060547,28.106250762939453,10.582557678222656,502397
2008-07-18,29.25,29.625,27.75,29.4375,11.0837984085083,669005
2008-07-21,29.4375,30.899999618530273,28.912500381469727,30.75,11.577980041503906,602242
2008-07-22,30.9375,33.20624923706055,30.9375,32.625,12.283952713012695,1790389
2008-07-23,33.375,35.25,33.375,34.51874923706055,12.996987342834473,1288090
2008-07-24,35.13750076293945,35.13750076293945,33.224998474121094,33.506248474121094,12.615760803222656,625151
2008-07-25,32.287498474121094,34.125,32.287498474121094,33.58124923706055,12.643999099731445,496831
2008-07-28,33.58124923706055,34.96875,33.01874923706055,34.6875,13.060525894165039,1855319
2008-07-29,34.125,35.4375,33.0,33.224998474121094,12.509865760803223,2001647
2008-07-30,33.712501525878906,34.537498474121094,33.1875,33.95624923706055,12.785192489624023,988890
2008-07-31,34.162498474121094,34.162498474121094,32.493751525878906,32.90625,12.389848709106445,2477770
2008-08-01,32.64374923706055,33.5625,32.306251525878906,33.26250076293945,12.5239839553833,1152266
2008-08-04,33.63750076293945,33.881248474121094,33.056251525878906,33.48749923706055,12.608701705932617,1356645
2008-08-05,33.375,35.60625076293945,33.375,34.650001525878906,13.046405792236328,5386407
2008-08-06,35.4375,36.412498474121094,34.181251525878906,34.5,12.9899263381958,2522895
2008-08-07,34.5,35.775001525878906,34.125,34.85625076293945,13.124066352844238,1669882
2008-08-08,34.837501525878906,35.212501525878906,34.33124923706055,34.631248474121094,13.039344787597656,1421306
2008-08-11,35.25,35.51250076293945,34.89374923706055,35.0625,13.201723098754883,1460375
2008-08-12,35.287498474121094,35.962501525878906,34.650001525878906,35.34375,13.307616233825684,3721551
2008-08-13,34.89374923706055,35.587501525878906,34.537498474121094,34.6875,13.060525894165039,1842189
2008-08-14,35.13750076293945,35.625,33.9375,34.3125,12.919328689575195,2053290
2008-08-18,34.162498474121094,34.537498474121094,33.39374923706055,33.46875,12.601637840270996,786882
2008-08-19,33.375,33.599998474121094,33.01874923706055,33.131248474121094,12.474564552307129,990607
2008-08-20,33.5625,33.712501525878906,33.1875,33.375,12.5663423538208,1211383
2008-08-21,33.48749923706055,33.54375076293945,32.212501525878906,32.34375,12.178055763244629,683671
2008-08-22,32.26874923706055,32.400001525878906,31.631250381469727,31.950000762939453,12.029805183410645,762975
2008-08-25,32.64374923706055,32.756248474121094,31.575000762939453,31.818750381469727,11.980384826660156,976319
2008-08-26,31.462499618530273,31.875,31.143749237060547,31.762500762939453,11.959206581115723,506989
2008-08-27,31.875,32.493751525878906,31.5,31.631250381469727,11.909786224365234,1395349
2008-08-28,31.537500381469727,31.875,30.712499618530273,30.899999618530273,11.634455680847168,1798775
2008-08-29,31.125,32.8125,31.125,32.681251525878906,12.305132865905762,3900498
2008-09-01,32.23125076293945,34.3125,31.931249618530273,34.125,12.848731994628906,3843685
2008-09-02,34.125,34.6875,33.599998474121094,34.33124923706055,12.926389694213867,1246631
2008-09-04,35.587501525878906,35.587501525878906,33.45000076293945,33.54375076293945,12.62987995147705,714418
2008-09-05,33.337501525878906,34.349998474121094,32.625,34.10625076293945,12.84167194366455,931554
2008-09-08,34.3125,35.400001525878906,33.84375,34.931251525878906,13.600930213928223,2517069
2008-09-09,35.0625,35.0625,34.162498474121094,34.3125,13.360010147094727,563858
2008-09-10,33.75,34.48125076293945,33.46875,33.599998474121094,13.08259105682373,361119
2008-09-11,33.48749923706055,33.48749923706055,32.681251525878906,32.8125,12.775965690612793,451989
2008-09-12,33.0,33.46875,31.950000762939453,32.306251525878906,12.57885456085205,378645
2008-09-15,31.537500381469727,32.0625,30.299999237060547,31.987499237060547,12.454744338989258,1406978
2008-09-16,31.125,31.3125,30.0,30.918750762939453,12.038612365722656,782583
2008-09-17,31.03125,31.068750381469727,30.018749237060547,30.206249237060547,11.761189460754395,525565
2008-09-18,29.625,29.625,25.162500381469727,29.418750762939453,11.454564094543457,1761639
2008-09-19,31.125,31.40625,29.681249618530273,30.9375,12.04591178894043,1421650
2008-09-22,30.75,31.462499618530273,30.037500381469727,30.356250762939453,11.819596290588379,754186
2008-09-23,29.887500762939453,32.17499923706055,29.887500762939453,30.75,11.972908973693848,2488754
2008-09-24,30.787500381469727,31.3125,30.768749237060547,30.881250381469727,12.024009704589844,335405
2008-09-25,30.75,30.975000381469727,30.0,30.524999618530273,11.88530158996582,1681703
2008-09-26,30.637500762939453,30.637500762939453,30.0,30.056249618530273,11.702786445617676,389277
2008-09-29,30.0,30.168750762939453,28.125,29.399999618530273,11.447264671325684,719986
2008-09-30,28.21875,30.825000762939453,27.524999618530273,30.46875,11.863399505615234,1194655
2008-10-01,30.75,30.9375,28.950000762939453,30.46875,11.863399505615234,1003770
2008-10-03,30.0,31.856250762939453,29.643749237060547,31.350000381469727,12.206524848937988,2139962
2008-10-06,30.75,31.3125,28.875,29.268749237060547,11.396162986755371,1261410
2008-10-07,29.53125,30.1875,28.931249618530273,29.212499618530273,11.374260902404785,410509
2008-10-08,28.087499618530273,28.125,25.125,26.212499618530273,10.206174850463867,1931517
2008-10-10,25.5,26.625,23.625,24.393749237060547,9.49802017211914,1052807
2008-10-13,25.087499618530273,26.924999237060547,24.375,26.53125,10.33028507232666,954583
2008-10-14,27.75,27.825000762939453,25.59375,25.912500381469727,10.089363098144531,909911
2008-10-15,25.875,26.25,25.125,25.3125,9.855743408203125,570077
2008-10-16,26.25,26.512500762939453,24.037500381469727,26.15625,10.184268951416016,699226
2008-10-17,26.25,26.943750381469727,25.5,25.856250762939453,10.067462921142578,877978
2008-10-20,26.25,27.918750762939453,25.40625,27.524999618530273,10.717207908630371,1052842
2008-10-21,27.75,28.912500381469727,27.1875,28.293750762939453,11.016532897949219,976602
2008-10-22,27.75,28.068750381469727,26.137500762939453,26.399999618530273,10.279178619384766,871954
2008-10-23,25.837499618530273,26.25,25.143749237060547,25.837499618530273,10.060165405273438,381074
2008-10-24,25.462499618530273,25.837499618530273,23.287500381469727,23.756250381469727,9.249798774719238,874815
2008-10-27,23.643749237060547,24.375,21.0,22.162500381469727,8.629255294799805,896407
2008-10-29,25.3125,25.443750381469727,23.8125,24.506250381469727,9.54182243347168,372583
2008-10-31,24.881250381469727,25.96875,24.431249618530273,24.731250762939453,9.629429817199707,550373
2008-11-03,25.3125,25.837499618530273,24.5625,25.143749237060547,9.790040016174316,1242373
2008-11-04,25.3125,26.962499618530273,24.5625,26.53125,10.33028507232666,641365
2008-11-05,27.0,27.375,24.768749237060547,24.956249237060547,9.717035293579102,578599
2008-11-06,24.0,24.9375,23.756250381469727,24.318750381469727,9.468815803527832,289834
2008-11-07,24.1875,25.3125,24.0,24.956249237060547,9.717035293579102,314290
2008-11-10,25.612499237060547,26.25,25.143749237060547,25.78125,10.038259506225586,469901
2008-11-11,25.462499618530273,25.5,24.487499237060547,24.731250762939453,9.629429817199707,226802
2008-11-12,24.0,25.181249618530273,23.268749237060547,24.112499237060547,9.388510704040527,609842
2008-11-14,24.674999237060547,25.125,24.0,24.318750381469727,9.468815803527832,313485
2008-11-17,23.831249237060547,24.356250762939453,22.931249618530273,23.212499618530273,9.038084983825684,631727
2008-11-18,22.5,23.043750762939453,22.3125,22.40625,8.724162101745605,493973
2008-11-19,22.162500381469727,22.818750381469727,21.450000762939453,21.731250762939453,8.46134090423584,492871
2008-11-20,21.262500762939453,21.712499618530273,20.700000762939453,21.431249618530273,8.344532012939453,515151
2008-11-21,21.375,22.5,20.924999237060547,21.9375,8.541648864746094,697367
2008-11-24,21.5625,22.274999618530273,21.5625,21.956249237060547,8.548945426940918,199919
2008-11-25,21.9375,22.125,21.018749237060547,21.206249237060547,8.256925582885742,995127
2008-11-26,21.712499618530273,21.712499618530273,20.25,20.53125,7.994105339050293,905586
2008-11-27,20.53125,20.53125,20.53125,20.53125,7.994105339050293,0
2008-11-28,21.337499618530273,21.337499618530273,19.875,20.587499618530273,8.016006469726562,723410
2008-12-01,20.287500381469727,21.487499237060547,20.287500381469727,21.206249237060547,8.256925582885742,653109
2008-12-02,20.625,21.09375,20.606250762939453,20.981250762939453,8.169322967529297,133522
2008-12-03,20.606250762939453,21.1875,20.53125,20.681249618530273,8.052509307861328,159551
2008-12-04,20.981250762939453,21.1875,20.700000762939453,21.149999618530273,8.235027313232422,624373
2008-12-05,21.149999618530273,21.356250762939453,20.643749237060547,20.681249618530273,8.052509307861328,4971674
2008-12-08,21.0,21.206249237060547,20.643749237060547,20.662500381469727,8.045207977294922,865546
2008-12-10,20.71875,21.618749618530273,20.71875,21.056249618530273,8.198521614074707,18815765
2008-12-11,21.375,23.268749237060547,21.206249237060547,22.649999618530273,8.819068908691406,14976634
2008-12-12,21.956249237060547,23.399999618530273,21.9375,22.856250762939453,8.899374961853027,8972330
2008-12-15,23.34375,24.356250762939453,23.0625,24.1875,9.417716026306152,3370167
2008-12-16,24.375,26.081249237060547,23.700000762939453,25.6875,10.00175952911377,2271125
2008-12-17,26.25,27.299999237060547,24.112499237060547,24.693750381469727,9.614827156066895,5341837
2008-12-18,25.237499237060547,27.168750762939453,24.299999237060547,26.287500381469727,10.235376358032227,2405978
2008-12-19,26.25,28.012500762939453,25.725000381469727,27.524999618530273,10.717207908630371,7220437
2008-12-22,27.393749237060547,28.049999237060547,26.381250381469727,26.662500381469727,10.381387710571289,738767
2008-12-23,26.362499237060547,26.606250762939453,24.975000381469727,25.21875,9.819241523742676,448914
2008-12-24,24.956249237060547,26.8125,24.581249237060547,26.231250762939453,10.213472366333008,4099471
2008-12-26,26.587499618530273,27.09375,26.306249618530273,26.625,10.366786003112793,1664525
2008-12-29,26.25,27.168750762939453,25.556249618530273,26.643749237060547,10.37408447265625,1571733
2008-12-30,26.25,27.356250762939453,26.25,26.943750381469727,10.490897178649902,1615962
2008-12-31,29.625,29.625,26.362499237060547,27.337499618530273,10.644206047058105,667242
2009-01-02,29.268749237060547,30.28125,29.0625,29.587499618530273,11.520270347595215,9574565
2009-01-05,29.662500381469727,30.9375,29.662500381469727,30.5625,11.899901390075684,8844514
2009-01-06,30.393749237060547,30.731250762939453,29.4375,29.831249237060547,11.615180969238281,1078005
2009-01-07,30.149999618530273,30.149999618530273,27.393749237060547,28.424999237060547,11.067638397216797,5624090
2009-01-09,27.918750762939453,29.212499618530273,27.056249618530273,28.818750381469727,11.220949172973633,6157634
2009-01-12,27.393749237060547,29.006250381469727,27.393749237060547,28.518749237060547,11.104142189025879,388373
2009-01-13,28.5,29.774999618530273,27.037500381469727,29.006250381469727,11.293953895568848,5144487
2009-01-14,30.056249618530273,30.375,28.162500381469727,29.625,11.534872055053711,1993247
2009-01-15,28.5,29.737499237060547,28.3125,29.306249618530273,11.410762786865234,1870194
2009-01-16,29.625,29.793750762939453,29.081249237060547,29.475000381469727,11.476470947265625,307231
2009-01-19,29.25,29.8125,29.174999237060547,29.25,11.388860702514648,154463
2009-01-20,29.212499618530273,31.725000381469727,28.6875,30.337499618530273,11.812294960021973,2033983
2009-01-21,30.299999237060547,30.299999237060547,28.6875,29.043750762939453,11.30855655670166,1051925
2009-01-22,29.25,29.475000381469727,27.75,28.387500762939453,11.0530366897583,2108202
2009-01-23,28.143749237060547,28.706249237060547,27.600000381469727,28.125,10.950827598571777,326861
2009-01-27,28.837499618530273,28.875,28.125,28.5,11.096843719482422,5613599
2009-01-28,29.137500762939453,29.8125,28.875,29.25,11.388860702514648,5841674
2009-01-29,29.774999618530273,29.924999237060547,29.34375,29.643749237060547,11.542173385620117,523114
2009-01-30,29.625,30.262500762939453,29.475000381469727,30.037500381469727,11.695484161376953,915309
2009-02-02,29.625,31.293750762939453,29.306249618530273,31.162500381469727,12.133519172668457,2512114
2009-02-03,30.9375,32.71875,30.9375,31.950000762939453,12.440140724182129,2891855
2009-02-04,33.0,33.599998474121094,31.875,32.568748474121094,12.681059837341309,4107687
2009-02-05,33.0,33.0,31.143749237060547,31.462499618530273,12.250327110290527,490789
2009-02-06,31.424999237060547,32.0625,31.3125,31.818750381469727,12.3890380859375,391626
2009-02-09,31.875,32.25,31.387500762939453,31.931249618530273,12.432844161987305,239999
2009-02-10,32.08124923706055,32.25,31.424999237060547,31.59375,12.301434516906738,200551
2009-02-11,31.3125,31.649999618530273,31.068750381469727,31.40625,12.228425025939941,786589
2009-02-12,31.125,31.875,30.09375,31.125,12.118919372558594,551063
2009-02-13,33.431251525878906,33.431251525878906,31.181249618530273,31.350000381469727,12.206524848937988,609834
2009-02-16,31.3125,31.762500762939453,30.431249618530273,30.524999618530273,11.88530158996582,387871
2009-02-17,30.75,30.75,29.456249237060547,29.662500381469727,11.549476623535156,526733
2009-02-18,28.6875,30.356250762939453,28.6875,30.168750762939453,11.746591567993164,459101
2009-02-19,30.375,30.5625,29.662500381469727,29.831249237060547,11.615180969238281,340285
2009-02-20,30.637500762939453,30.65625,29.25,29.418750762939453,11.454564094543457,257114
2009-02-24,29.0625,29.25,28.162500381469727,29.0625,11.31585693359375,477853
2009-02-25,29.625,30.450000762939453,29.25,30.018749237060547,11.688185691833496,978562
2009-02-26,29.887500762939453,30.1875,29.024999618530273,29.924999237060547,11.950254440307617,2511557
2009-02-27,30.375,30.375,29.25,29.53125,11.793012619018555,647178
2009-03-02,29.193750381469727,29.381250381469727,28.912500381469727,29.15625,11.643258094787598,652109
2009-03-03,28.78125,29.4375,28.518749237060547,28.743749618530273,11.478529930114746,236973
2009-03-04,29.174999237060547,29.174999237060547,28.575000762939453,28.912500381469727,11.545918464660645,209261
2009-03-05,33.375,33.375,28.6875,29.100000381469727,11.620797157287598,991458
2009-03-06,29.0625,30.731250762939453,28.331249237060547,30.393749237060547,12.137442588806152,1427999
2009-03-09,30.0,30.731250762939453,29.006250381469727,29.587499618530273,11.815472602844238,1456183
2009-03-12,30.0,30.712499618530273,29.737499237060547,30.28125,12.09251880645752,3478229
2009-03-13,30.393749237060547,31.3125,30.225000381469727,31.125,12.429462432861328,650117
2009-03-16,31.5,33.337501525878906,31.350000381469727,33.07500076293945,13.208172798156738,1213509
2009-03-17,33.26250076293945,34.79999923706055,33.243751525878906,34.162498474121094,13.642454147338867,2573927
2009-03-18,34.57500076293945,35.474998474121094,33.75,33.900001525878906,13.53763198852539,1658007
2009-03-19,33.95624923706055,34.96875,33.07500076293945,34.66875076293945,13.844624519348145,2250653
2009-03-20,34.5,35.17499923706055,34.21875,34.51874923706055,13.78471851348877,1429743
2009-03-23,34.875,35.474998474121094,34.6875,35.15625,14.039301872253418,960287
2009-03-24,35.587501525878906,35.71875,34.79999923706055,35.400001525878906,14.136638641357422,2054861
2009-03-25,35.25,36.48749923706055,35.025001525878906,36.037498474121094,14.391216278076172,1494298
2009-03-26,36.26250076293945,36.5625,34.3125,35.26874923706055,14.084220886230469,1456517
2009-03-27,35.287498474121094,36.48749923706055,34.912498474121094,36.01874923706055,14.383728981018066,920309
2009-03-30,35.92499923706055,37.10625076293945,35.0625,35.53125,14.18905258178711,1885607
2009-03-31,36.0,36.54375076293945,34.875,36.037498474121094,14.391216278076172,1151535
2009-04-01,35.625,36.46875,35.4375,35.8125,14.301365852355957,178175
2009-04-02,36.375,36.75,35.79375076293945,36.09375,14.413681030273438,1709837
2009-04-06,36.712501525878906,37.087501525878906,36.28125,36.75,14.675747871398926,805450
2009-04-08,36.375,37.5,35.625,37.256248474121094,14.87791919708252,1042178
2009-04-09,37.5,38.4375,35.45624923706055,35.71875,14.26392936706543,1662533
2009-04-13,36.29999923706055,36.65625,35.8125,36.20624923706055,14.458602905273438,3576602
2009-04-15,36.20624923706055,37.5,35.8125,37.14374923706055,14.832986831665039,1707317
2009-04-16,37.5,41.381248474121094,37.14374923706055,38.756248474121094,15.476921081542969,7423679
2009-04-17,37.462501525878906,41.587501525878906,37.462501525878906,40.95000076293945,16.352981567382812,6840013
2009-04-20,41.8125,42.993751525878906,41.26874923706055,42.056251525878906,16.79474639892578,3312202
2009-04-21,41.25,41.962501525878906,40.33124923706055,40.51874923706055,16.180761337280273,1533847
2009-04-22,40.89374923706055,41.625,39.63750076293945,40.631248474121094,16.225683212280273,4220293
2009-04-23,41.193748474121094,41.53125,40.04999923706055,40.931251525878906,16.345489501953125,2338511
2009-04-24,40.61249923706055,41.25,40.51874923706055,40.724998474121094,16.263124465942383,820447
2009-04-27,41.212501525878906,41.212501525878906,38.400001525878906,38.8125,15.49938678741455,1468703
2009-04-28,38.98125076293945,39.974998474121094,37.42499923706055,37.818748474121094,15.10254192352295,1306663
2009-04-29,38.25,39.375,37.51874923706055,38.662498474121094,15.439486503601074,1295373
2009-04-30,39.0,39.0,39.0,39.0,15.574260711669922,0
2009-05-04,39.67499923706055,41.25,39.07500076293945,40.875,16.32302474975586,1336735
2009-05-05,40.79999923706055,42.5625,40.3125,41.400001525878906,16.532678604125977,2091898
2009-05-06,39.375,43.61249923706055,39.375,43.03125,17.184101104736328,3171730
2009-05-07,43.61249923706055,48.375,43.162498474121094,47.568748474121094,18.996109008789062,6069063
2009-05-08,47.625,48.150001525878906,43.61249923706055,45.224998474121094,18.060152053833008,2325165
2009-05-11,45.75,45.75,42.46875,43.04999923706055,17.19158935546875,1207511
2009-05-12,42.67499923706055,46.79999923706055,42.48749923706055,46.40625,18.531875610351562,2837482
2009-05-13,46.40625,46.79999923706055,43.51874923706055,44.099998474121094,17.61089515686035,1035151
2009-05-14,43.5,44.587501525878906,42.037498474121094,44.006248474121094,17.573461532592773,1187165
2009-05-15,44.0625,46.256248474121094,43.51874923706055,44.13750076293945,17.625869750976562,1541722
2009-05-18,46.912498474121094,50.98125076293945,46.912498474121094,50.36249923706055,20.11176109313965,14789
2009-05-19,51.0,55.79999923706055,40.38750076293945,50.474998474121094,20.156692504882812,5775909
2009-05-20,51.1875,56.025001525878906,50.625,54.16875076293945,21.63175392150879,5532733
2009-05-21,53.4375,56.775001525878906,51.787498474121094,52.443748474121094,20.942890167236328,3456466
2009-05-22,52.125,53.73749923706055,50.099998474121094,51.73125076293945,20.65835952758789,2464511
2009-05-25,54.29999923706055,57.82500076293945,52.462501525878906,55.89374923706055,22.32061004638672,6805482
2009-05-26,56.71875,57.26250076293945,51.39374923706055,51.76874923706055,20.673336029052734,5065975
2009-05-27,53.212501525878906,55.087501525878906,53.212501525878906,54.45000076293945,21.744068145751953,2857639
2009-05-28,55.5,55.5,52.912498474121094,53.212501525878906,21.249879837036133,1940938
2009-05-29,53.662498474121094,55.57500076293945,53.381248474121094,54.9375,21.938743591308594,2078471
2009-06-01,53.849998474121094,56.23125076293945,53.849998474121094,54.28125,21.676681518554688,2474919
2009-06-02,55.125,55.875,53.26874923706055,53.98125076293945,21.55687141418457,1776823
2009-06-03,54.75,58.125,53.8125,57.525001525878906,22.9720401763916,6200471
2009-06-04,56.625,60.375,56.625,58.78125,23.47370719909668,6869463
2009-06-05,59.25,60.0,56.0625,56.400001525878906,22.52277946472168,2530317
2009-06-08,57.0,59.212501525878906,54.48749923706055,55.59375,22.200807571411133,3676666
2009-06-09,54.5625,60.243751525878906,53.34375,59.006248474121094,23.563562393188477,6398645
2009-06-10,60.375,61.818748474121094,59.306251525878906,59.756248474121094,23.863067626953125,4670975
2009-06-11,59.625,60.75,58.650001525878906,59.17499923706055,23.630945205688477,1651197
2009-06-12,59.625,60.75,58.537498474121094,59.287498474121094,23.675870895385742,2115314
2009-06-15,59.400001525878906,59.775001525878906,58.125,58.95000076293945,23.541099548339844,940991
2009-06-16,56.306251525878906,61.5,56.306251525878906,61.14374923706055,24.417150497436523,2748143
2009-06-17,61.66875076293945,61.875,58.5,58.98749923706055,23.556072235107422,2199026
2009-06-18,58.837501525878906,59.587501525878906,55.6875,57.58124923706055,22.994503021240234,2016533
2009-06-19,58.125,58.875,57.1875,58.368751525878906,23.308982849121094,1543037
2009-06-22,58.368751525878906,58.875,57.5625,57.881248474121094,23.114303588867188,1806015
2009-06-23,57.1875,59.775001525878906,56.45624923706055,59.32500076293945,23.690855026245117,2795453
2009-06-24,59.4375,61.6875,58.51874923706055,61.42499923706055,24.529464721679688,2572173
2009-06-25,61.5,65.0062484741211,61.5,63.712501525878906,25.442955017089844,6359082
2009-06-26,64.875,65.0625,62.306251525878906,63.131248474121094,25.210840225219727,2699482
2009-06-29,63.54375076293945,63.9375,62.26874923706055,62.587501525878906,24.993694305419922,1250941
2009-06-30,63.29999923706055,63.29999923706055,59.868751525878906,61.29375076293945,24.477054595947266,2231189
2009-07-01,60.900001525878906,62.70000076293945,60.037498474121094,61.89374923706055,24.716655731201172,1241413
2009-07-02,62.54999923706055,65.625,61.912498474121094,64.96875,25.944623947143555,2954173
2009-07-03,64.875,65.79374694824219,63.67499923706055,64.1624984741211,25.622652053833008,1860218
2009-07-06,65.17500305175781,66.0,58.931251525878906,59.775001525878906,23.870555877685547,5020501
2009-07-07,60.75,63.131248474121094,60.1875,62.587501525878906,24.993694305419922,3633458
2009-07-08,61.875,62.54999923706055,58.5,59.4375,23.735776901245117,4669581
2009-07-09,59.099998474121094,59.212501525878906,57.525001525878906,58.61249923706055,23.406314849853516,1369935
2009-07-10,58.912498474121094,58.912498474121094,57.0,58.125,23.21164321899414,1737746
2009-07-13,57.375,57.46875,55.14374923706055,56.006248474121094,22.365541458129883,766591
2009-07-14,56.70000076293945,62.0625,56.625,61.38750076293945,24.514493942260742,5019895
2009-07-15,61.85625076293945,68.4375,61.537498474121094,66.5999984741211,26.596044540405273,9417445
2009-07-16,67.4625015258789,67.9312515258789,64.59375,65.4375,26.131818771362305,3768903
2009-07-17,66.30000305175781,69.1500015258789,66.1875,67.1624984741211,26.8206729888916,5924933
2009-07-20,69.3375015258789,69.48750305175781,64.9312515258789,66.3187484741211,26.483732223510742,2285487
2009-07-21,65.73750305175781,67.85624694824219,65.0062484741211,65.4000015258789,26.11684226989746,1643314
2009-07-22,66.0,68.73750305175781,63.224998474121094,63.91875076293945,25.525320053100586,7625042
2009-07-23,65.5875015258789,65.88749694824219,64.5374984741211,65.0250015258789,25.96708869934082,1426754
2009-07-24,65.5875015258789,66.9000015258789,64.33125305175781,65.83125305175781,26.289058685302734,1713167
2009-07-27,65.8499984741211,66.73124694824219,64.21875,66.01875305175781,26.363937377929688,904637
2009-07-28,66.375,68.3062515258789,66.0374984741211,67.10624694824219,26.7982120513916,2473397
2009-07-29,67.51875305175781,70.875,65.83125305175781,70.2750015258789,28.06362533569336,6195575
2009-07-30,70.3125,76.76249694824219,70.125,75.67500305175781,30.220050811767578,12602983
2009-07-31,76.6875,77.92500305175781,75.4312515258789,76.01249694824219,30.35483741760254,7205207
2009-08-03,76.42500305175781,77.0250015258789,75.0,75.5250015258789,30.160154342651367,3169191
2009-08-04,76.125,76.5,73.19999694824219,73.76249694824219,29.45631980895996,1765973
2009-08-05,73.5,75.73124694824219,73.19999694824219,73.9124984741211,29.516223907470703,2265941
2009-08-06,73.9124984741211,76.29374694824219,71.26875305175781,72.01875305175781,28.759977340698242,3480858
2009-08-07,71.2874984741211,72.6187515258789,70.0875015258789,70.5,28.15347671508789,4802199
2009-08-10,72.0,72.0,66.95625305175781,67.6312484741211,27.00786590576172,1381146
2009-08-11,67.85624694824219,70.0875015258789,66.76875305175781,67.875,27.105201721191406,4567151
2009-08-12,66.9375,69.5250015258789,66.75,68.69999694824219,27.434667587280273,5212266
2009-08-13,69.4124984741211,71.69999694824219,69.30000305175781,70.7249984741211,28.243324279785156,4156437
2009-08-14,71.0250015258789,73.38749694824219,69.54374694824219,73.03125,29.1643009185791,4992261
2009-08-17,71.2874984741211,72.75,69.46875,70.0687484741211,27.981258392333984,3536135
2009-08-18,69.75,73.2750015258789,69.54374694824219,72.4312515258789,28.924697875976562,3650586
2009-08-19,72.5250015258789,73.5,70.23750305175781,72.07499694824219,28.782432556152344,3637397
2009-08-20,73.125,74.0250015258789,72.1875,73.4625015258789,29.33652114868164,3048245
2009-08-21,73.05000305175781,74.04374694824219,71.8125,73.23750305175781,29.246671676635742,2851122
2009-08-24,73.8375015258789,76.94999694824219,73.33125305175781,76.7437515258789,30.646854400634766,5037018
2009-08-25,75.9000015258789,79.875,75.0,79.0875015258789,31.582805633544922,4535847
2009-08-26,79.125,81.9000015258789,78.4124984741211,79.3125,31.67266273498535,3344397
2009-08-27,78.75,80.60624694824219,76.1812515258789,79.0687484741211,31.5753231048584,2384583
2009-08-28,79.125,80.4375,78.4124984741211,79.1624984741211,31.612756729125977,1071394
2009-08-31,79.4625015258789,84.1875,78.2437515258789,83.2874984741211,33.26003646850586,3531194
2009-09-01,83.9625015258789,84.2437515258789,78.95625305175781,79.9124984741211,31.912263870239258,2821173
2009-09-02,79.125,81.16874694824219,78.01875305175781,80.36250305175781,32.09197235107422,3489538
2009-09-03,80.32499694824219,81.3375015258789,77.25,78.1500015258789,31.576797485351562,2612026
2009-09-04,78.67500305175781,78.91874694824219,77.0625,78.2437515258789,31.614683151245117,2156077
2009-09-07,78.75,79.2750015258789,77.45625305175781,77.71875,31.402549743652344,1757402
2009-09-08,76.5562515258789,79.7249984741211,76.5,77.08125305175781,31.14496612548828,3523989
2009-09-09,77.13749694824219,78.65625,76.0687484741211,76.96875,31.099512100219727,3584207
2009-09-10,77.60624694824219,79.3125,75.9749984741211,76.51875305175781,30.917694091796875,2426829
2009-09-11,76.875,77.4937515258789,71.8125,73.40625,29.660078048706055,5482538
2009-09-14,73.0687484741211,73.875,71.4749984741211,73.125,29.54642677307129,3705226
2009-09-15,73.3125,76.5,73.125,76.23750305175781,30.80405044555664,3165378
2009-09-16,76.875,78.28125,76.5,76.96875,31.099512100219727,2188293
2009-09-17,77.8125,78.1875,74.8125,76.61250305175781,30.955564498901367,4576245
2009-09-18,76.05000305175781,77.4375,74.6812515258789,75.3375015258789,30.440401077270508,5945695
2009-09-22,75.375,77.17500305175781,74.34375,75.0,30.304025650024414,5351399
2009-09-23,75.375,76.05000305175781,74.25,74.6624984741211,30.16766357421875,2516794
2009-09-24,74.25,75.28125,73.23750305175781,73.7249984741211,29.788856506347656,5291082
2009-09-25,72.375,74.4000015258789,71.69999694824219,73.70625305175781,29.781293869018555,3314135
2009-09-29,74.625,75.67500305175781,74.0625,75.07499694824219,30.334335327148438,2097210
2009-09-30,75.07499694824219,76.5,74.71875,75.5250015258789,30.516155242919922,1224357
2009-10-01,76.01249694824219,76.4625015258789,74.69999694824219,75.91874694824219,30.675241470336914,874757
2009-10-05,75.0,76.29374694824219,74.36250305175781,74.6812515258789,30.17523765563965,4621239
2009-10-06,75.375,75.63749694824219,73.57499694824219,75.0562515258789,30.326759338378906,1728133
2009-10-07,75.2249984741211,76.6500015258789,75.0,75.9937515258789,30.7055606842041,2829786
2009-10-08,76.3125,79.03125,75.75,78.6187515258789,31.76619529724121,3988101
2009-10-09,79.4437484741211,79.4437484741211,75.375,75.9937515258789,30.7055606842041,2986567
2009-10-12,76.76249694824219,77.4000015258789,75.5250015258789,75.95625305175781,30.69039535522461,995749
2009-10-13,75.75,75.75,75.75,75.75,30.60707664489746,0
2009-10-14,76.8375015258789,78.75,76.19999694824219,77.55000305175781,31.334365844726562,2119199
2009-10-15,78.375,80.41874694824219,77.32499694824219,79.76249694824219,32.22834014892578,4757893
2009-10-16,80.13749694824219,80.51249694824219,78.4124984741211,79.48124694824219,32.11469650268555,1596834
2009-10-20,80.625,80.7562484741211,77.25,78.11250305175781,31.561649322509766,2308805
2009-10-21,77.25,78.375,75.5625,76.1812515258789,30.781326293945312,1589410
2009-10-22,75.58125305175781,76.875,74.71875,75.0,30.304025650024414,3350519
2009-10-23,76.125,77.25,74.625,75.1875,30.379791259765625,1349573
2009-10-26,75.75,76.4625015258789,74.8125,75.0,30.304025650024414,1343522
2009-10-27,74.8125,74.98124694824219,72.0374984741211,73.05000305175781,29.516122817993164,4391701
2009-10-28,73.125,74.04374694824219,70.5562515258789,73.5562515258789,29.72067642211914,1852714
2009-10-29,73.5,75.0,72.09375,74.08125305175781,29.93280792236328,4785263
2009-10-30,76.14375305175781,77.0625,74.6624984741211,75.01875305175781,30.311601638793945,1977239
2009-11-03,75.44999694824219,76.66874694824219,74.25,75.0374984741211,30.319181442260742,1660231
2009-11-04,76.0687484741211,76.42500305175781,74.6624984741211,75.3187484741211,30.432817459106445,1511277
2009-11-05,75.67500305175781,77.25,74.25,76.80000305175781,31.03132438659668,1234351
2009-11-06,78.375,79.4437484741211,77.0625,77.4375,31.28891944885254,2595677
2009-11-09,78.16874694824219,81.5062484741211,77.8499984741211,80.8499984741211,32.66773986816406,3556877
2009-11-10,80.9625015258789,82.3499984741211,78.75,81.35624694824219,32.87229537963867,1855301
2009-11-11,82.0875015258789,86.25,81.75,85.78125,34.66022491455078,5272949
2009-11-12,85.125,87.82499694824219,83.32499694824219,85.875,34.69811248779297,3636037
2009-11-13,90.0,90.0,84.39375305175781,85.0687484741211,34.372337341308594,2306159
2009-11-16,85.125,91.42500305175781,84.86250305175781,90.0,36.364837646484375,4554906
2009-11-17,90.0,90.8812484741211,87.9937515258789,88.98750305175781,35.95573043823242,3043442
2009-11-18,89.25,90.95625305175781,87.07499694824219,88.48124694824219,35.75117492675781,1471010
2009-11-19,88.48124694824219,89.88749694824219,85.8375015258789,87.1312484741211,35.205711364746094,1547074
2009-11-20,85.8187484741211,87.9000015258789,85.3687515258789,87.35624694824219,35.29661560058594,1067189
2009-11-23,87.46875,88.0875015258789,86.6812515258789,87.11250305175781,35.19813537597656,402159
2009-11-24,87.11250305175781,89.51249694824219,86.25,88.80000305175781,35.87997055053711,1670418
2009-11-25,89.9625015258789,89.9625015258789,87.5625,88.05000305175781,35.57693099975586,659109
2009-11-26,88.5,89.25,87.44999694824219,88.10624694824219,35.59966278076172,1243029
2009-11-27,86.25,89.73750305175781,85.5,88.33125305175781,35.690574645996094,4908325
2009-11-30,88.875,92.7562484741211,88.1812515258789,91.85624694824219,37.11484909057617,3099575
2009-12-01,93.75,95.17500305175781,92.625,94.59375,38.22096252441406,2704941
2009-12-02,95.51249694824219,97.57499694824219,93.48750305175781,96.5625,39.01643371582031,2306967
2009-12-03,98.1937484741211,99.375,96.8062515258789,99.0374984741211,40.0164680480957,2718098
2009-12-04,99.375,99.7125015258789,96.46875,97.5374984741211,39.41039276123047,2665957
2009-12-07,97.5374984741211,98.25,93.2249984741211,93.9937515258789,37.9785270690918,1878765
2009-12-08,95.625,95.625,92.64375305175781,93.5250015258789,37.78913497924805,1530685
2009-12-09,93.9375,95.17500305175781,92.4375,93.3375015258789,37.71336364746094,952173
2009-12-10,93.5250015258789,93.67500305175781,91.40625,91.66874694824219,37.039093017578125,2197487
2009-12-11,93.0,95.73750305175781,92.25,94.33125305175781,38.11488342285156,2433879
2009-12-14,94.8375015258789,95.8125,93.9749984741211,94.5562515258789,38.20580291748047,1376869
2009-12-15,94.9124984741211,95.0250015258789,90.75,91.59375,37.00879669189453,906482
2009-12-16,90.95625305175781,91.76249694824219,88.5,89.4000015258789,36.12240219116211,2288965
2009-12-17,89.5875015258789,90.73124694824219,87.4312515258789,88.19999694824219,35.63753128051758,2651605
2009-12-18,88.4625015258789,89.04374694824219,86.25,86.41874694824219,34.917823791503906,2418506
2009-12-21,86.625,87.9937515258789,84.39375305175781,85.70625305175781,34.62992477416992,2451733
2009-12-22,86.25,89.2125015258789,85.6500015258789,87.9937515258789,35.55420684814453,4653287
2009-12-23,89.0625,91.01249694824219,88.5,90.54374694824219,36.58453369140625,2912901
2009-12-24,90.9375,90.9375,87.75,88.38749694824219,35.71329879760742,2485703
2009-12-29,88.5374984741211,90.1875,87.95625305175781,88.89375305175781,35.91785430908203,2545661
2009-12-30,89.4375,89.8499984741211,88.125,88.4437484741211,35.736019134521484,1209823
2009-12-31,89.4749984741211,92.51249694824219,88.70625305175781,91.05000305175781,36.78909683227539,2265053
2010-01-04,91.8375015258789,93.3375015258789,91.4625015258789,92.45625305175781,37.82464599609375,2000250
2010-01-05,93.5625,94.10624694824219,92.08125305175781,93.07499694824219,38.07778549194336,1941031
2010-01-06,93.48750305175781,93.65625,90.6937484741211,91.01249694824219,37.23399353027344,1997066
2010-01-07,91.875,91.875,90.07499694824219,90.4124984741211,36.988529205322266,933943
2010-01-08,90.5625,91.875,89.9437484741211,90.16874694824219,36.88880920410156,934133
2010-01-11,90.75,95.69999694824219,90.75,94.8375015258789,38.7988395690918,4663903
2010-01-12,95.88749694824219,96.67500305175781,93.9937515258789,94.7249984741211,38.752811431884766,4273845
2010-01-13,94.5,97.38749694824219,94.0875015258789,95.88749694824219,39.228397369384766,7363637
2010-01-14,96.73124694824219,103.05000305175781,96.3187484741211,101.88749694824219,41.683048248291016,7462893
2010-01-15,102.75,102.75,99.58125305175781,100.4437484741211,41.0924072265625,3612655
2010-01-18,98.625,101.7750015258789,97.01249694824219,97.6312484741211,39.94179153442383,4515471
2010-01-19,98.25,102.8812484741211,98.0625,99.30000305175781,40.62448501586914,5116471
2010-01-20,99.375,100.875,97.9124984741211,98.79374694824219,40.4173698425293,3164658
2010-01-21,99.0,101.0625,97.9124984741211,99.5250015258789,40.716529846191406,3884679
2010-01-22,96.75,99.3375015258789,95.25,97.33125305175781,39.81904983520508,3096826
2010-01-25,97.80000305175781,99.16874694824219,96.4312515258789,97.40625,39.84973907470703,3504146
2010-01-27,97.125,98.5687484741211,88.89375305175781,89.83125305175781,36.750736236572266,5963877
2010-01-28,91.59375,95.4375,90.2437515258789,91.1624984741211,37.29537582397461,4238551
2010-01-29,90.0,91.10624694824219,87.07499694824219,89.8687515258789,36.76609420776367,1930725
2010-02-01,90.01875305175781,93.28125,88.89375305175781,92.69999694824219,37.92436218261719,1846637
2010-02-02,94.4437484741211,94.4437484741211,88.7249984741211,89.2125015258789,36.49760437011719,1368935
2010-02-03,90.0,91.5,89.64375305175781,90.1312484741211,36.87347412109375,1091682
2010-02-04,90.1875,90.91874694824219,88.5,89.1187515258789,36.45925521850586,895789
2010-02-05,87.75,88.38749694824219,85.125,87.84375,35.9376335144043,1132213
2010-02-08,89.23124694824219,89.92500305175781,83.8687515258789,84.5625,34.59524917602539,3098783
2010-02-09,84.75,87.30000305175781,84.39375305175781,86.0999984741211,35.22425079345703,2016077
2010-02-10,86.5875015258789,88.125,84.4124984741211,86.3812484741211,35.33930206298828,2566309
2010-02-11,86.0625,86.13749694824219,83.15625,83.625,34.21171569824219,3493781
2010-02-15,84.5625,84.5625,80.8499984741211,82.4625015258789,33.736114501953125,4314850
2010-02-16,83.9625015258789,83.9625015258789,81.6187515258789,82.21875,33.63639831542969,1843474
2010-02-17,83.17500305175781,83.9625015258789,81.39375305175781,82.61250305175781,33.797481536865234,3655125
2010-02-18,81.75,81.75,77.3062515258789,80.2874984741211,32.84630584716797,8536447
2010-02-19,79.875,80.79374694824219,79.1624984741211,80.45625305175781,32.91534423828125,2903845
2010-02-22,80.55000305175781,81.0,79.5374984741211,80.2125015258789,32.81562423706055,1741754
2010-02-23,79.5,80.1187515258789,78.75,79.76249694824219,32.631526947021484,6569410
2010-02-24,79.6500015258789,89.32499694824219,79.125,84.07499694824219,34.39580535888672,24167034
2010-02-25,85.125,87.9375,82.66874694824219,86.4937515258789,35.38533401489258,19355282
2010-02-26,86.25,93.1500015258789,85.3125,91.19999694824219,37.310707092285156,15774389
2010-03-02,91.5,94.42500305175781,90.01875305175781,91.14375305175781,37.287689208984375,11850959
2010-03-03,91.125,92.0250015258789,88.66874694824219,90.01875305175781,36.82744598388672,7564298
2010-03-04,90.0,92.41874694824219,87.73124694824219,92.0250015258789,37.648231506347656,8485506
2010-03-05,90.7125015258789,90.7125015258789,86.6812515258789,89.25,36.51294708251953,11749415
2010-03-08,89.13749694824219,91.7249984741211,86.25,90.54374694824219,37.04222106933594,44918399
2010-03-09,90.375,90.9375,88.29374694824219,88.6500015258789,36.26747131347656,12929418
2010-03-10,88.125,89.4375,88.03125,88.9124984741211,36.3748664855957,5705114
2010-03-11,89.23124694824219,91.66874694824219,88.7437515258789,91.03125,37.24167251586914,9024165
2010-03-12,90.0,92.55000305175781,89.4375,90.91874694824219,37.195648193359375,12201346
2010-03-15,90.75,91.2562484741211,89.25,89.64375305175781,36.67402648925781,3333757
2010-03-16,90.3375015258789,90.375,88.5,89.7750015258789,36.72772979736328,4000199
2010-03-17,90.0,91.875,89.625,91.61250305175781,37.47946548461914,5632554
2010-03-18,91.8375015258789,95.53125,90.9000015258789,93.91874694824219,38.42296600341797,9051141
2010-03-19,94.2750015258789,96.4124984741211,92.25,93.6937484741211,38.33091354370117,11021533
2010-03-22,91.875,94.5,90.1875,93.5625,38.2772216796875,6937567
2010-03-23,94.0875015258789,94.4437484741211,92.625,94.01249694824219,38.46132278442383,6352511
2010-03-25,94.01249694824219,94.76249694824219,90.9375,92.7750015258789,37.95504379272461,15485298
2010-03-26,94.6500015258789,94.6500015258789,91.1624984741211,93.6187515258789,38.300235748291016,2611551
2010-03-29,93.6187515258789,95.17500305175781,93.2249984741211,94.03125,38.468997955322266,2130346
2010-03-30,94.80000305175781,95.5875015258789,93.75,94.2750015258789,38.5687141418457,2313093
2010-03-31,94.42500305175781,95.60624694824219,93.09375,93.9937515258789,38.45365524291992,5769917
2010-04-01,94.14375305175781,97.6875,94.14375305175781,96.58125305175781,39.512229919433594,9382834
2010-04-05,98.0250015258789,98.0250015258789,95.625,96.1875,39.35113525390625,3792629
2010-04-06,96.07499694824219,100.4437484741211,96.07499694824219,99.39375305175781,40.6628303527832,5507943
2010-04-07,100.125,100.40625,97.66874694824219,98.0250015258789,40.102867126464844,3001773
2010-04-08,98.23124694824219,99.26249694824219,95.625,96.11250305175781,39.32044982910156,2582935
2010-04-09,96.7125015258789,98.32499694824219,95.625,97.9124984741211,40.056854248046875,3117727
2010-04-12,97.7249984741211,98.4749984741211,96.6187515258789,96.9000015258789,39.642616271972656,2480727
2010-04-13,97.19999694824219,98.4375,96.2249984741211,96.5625,39.50455093383789,2930807
2010-04-15,98.25,98.25,94.2562484741211,94.96875,38.8525390625,4254503
2010-04-16,95.25,95.25,93.5999984741211,93.82499694824219,38.38460922241211,2194389
2010-04-19,93.375,94.9124984741211,92.25,93.91874694824219,38.42296600341797,2145738
2010-04-20,94.6500015258789,98.2125015258789,93.375,96.9749984741211,39.67330551147461,4937189
2010-04-21,97.3125,99.2249984741211,95.625,96.82499694824219,39.6119384765625,3020717
2010-04-22,96.82499694824219,97.4625015258789,95.625,96.6187515258789,39.52755355834961,3175151
2010-04-23,97.38749694824219,98.25,96.5625,97.6312484741211,39.94179153442383,932143
2010-04-26,97.5,99.30000305175781,97.05000305175781,98.6812515258789,40.3713493347168,2616917
2010-04-27,98.6812515258789,99.3375015258789,98.0999984741211,98.60624694824219,40.340667724609375,2292407
2010-04-28,97.5,98.79374694824219,96.8062515258789,97.57499694824219,39.91877746582031,3864077
2010-04-29,98.25,98.9625015258789,96.01875305175781,96.8812484741211,39.634944915771484,7430935
2010-04-30,97.40625,97.5,94.89375305175781,95.13749694824219,38.921573638916016,4069957
2010-05-03,94.125,97.8187484741211,94.125,97.2750015258789,39.79603958129883,4888346
2010-05-04,97.5,98.4375,96.35624694824219,96.91874694824219,39.65028762817383,7727418
2010-05-05,96.0,97.5,94.51875305175781,96.39375305175781,39.43552017211914,3558290
2010-05-06,96.1500015258789,97.0875015258789,94.57499694824219,96.0374984741211,39.28975296020508,2204709
2010-05-07,94.19999694824219,96.3187484741211,93.75,94.57499694824219,38.69143295288086,3482031
2010-05-10,95.625,98.88749694824219,94.875,97.66874694824219,39.957130432128906,3941717
2010-05-11,97.4625015258789,99.9937515258789,96.8062515258789,98.32499694824219,40.225616455078125,4236493
2010-05-12,98.7750015258789,103.125,98.4375,101.98124694824219,41.72140121459961,10966559
2010-05-13,103.5,105.75,102.65625,102.9937515258789,42.135643005371094,9379045
2010-05-14,102.0,103.42500305175781,100.7249984741211,101.79374694824219,41.64470291137695,4055141
2010-05-17,100.76249694824219,104.0625,99.5625,103.05000305175781,42.15863800048828,2987066
2010-05-18,103.125,104.9625015258789,100.875,101.4000015258789,41.483612060546875,5369882
2010-05-19,101.13749694824219,101.51249694824219,96.75,97.38749694824219,39.84207534790039,8232669
2010-05-20,97.6875,100.66874694824219,96.7874984741211,100.23750305175781,41.00802230834961,5736895
2010-05-21,98.41874694824219,104.8125,97.5562515258789,103.61250305175781,42.38876724243164,12382695
2010-05-24,104.98124694824219,107.79374694824219,102.1875,103.5374984741211,42.35807418823242,12039917
2010-05-25,103.21875,103.78125,99.07499694824219,100.21875,41.00034713745117,8814885
2010-05-26,100.5,105.7125015258789,99.9749984741211,104.23124694824219,42.641902923583984,39926074
2010-05-27,103.5,105.0,101.34375,102.0,41.72907257080078,4426021
2010-05-28,103.8375015258789,106.98750305175781,102.39375305175781,106.3687515258789,43.51637268066406,5109506
2010-05-31,107.4375,110.7750015258789,105.9000015258789,109.03125,44.605621337890625,9395397
2010-06-01,108.5625,109.5,104.17500305175781,104.9625015258789,42.941062927246094,5720885
2010-06-02,105.4124984741211,105.73124694824219,102.4124984741211,103.3499984741211,42.2813606262207,5448119
2010-06-03,103.875,106.125,103.57499694824219,103.96875,42.534515380859375,2563386
2010-06-04,104.25,105.7125015258789,103.66874694824219,103.9312515258789,42.51918029785156,2540863
2010-06-07,101.25,105.0,101.25,104.1187515258789,42.59587860107422,6823698
2010-06-08,104.625,107.625,104.0250015258789,106.10624694824219,43.40896987915039,8191274
2010-06-09,106.5,109.78125,106.5,108.73124694824219,44.48289108276367,8849482
2010-06-10,109.5,111.07499694824219,108.75,110.625,45.257633209228516,6416826
2010-06-11,111.63749694824219,112.5374984741211,108.09375,111.2437515258789,45.510772705078125,10575909
2010-06-14,111.75,112.10624694824219,108.75,110.4375,45.180931091308594,3599141
2010-06-15,110.4375,112.80000305175781,109.19999694824219,109.51875305175781,44.8050651550293,4130226
2010-06-16,110.04374694824219,110.79374694824219,108.0562515258789,108.5625,44.413856506347656,2667893
2010-06-17,108.375,109.10624694824219,106.76249694824219,108.0562515258789,44.20674514770508,3937202
2010-06-18,108.0562515258789,109.2750015258789,107.2874984741211,108.4124984741211,44.35248565673828,3024421
2010-06-21,108.4124984741211,110.625,108.4124984741211,109.2750015258789,44.705345153808594,4913743
2010-06-22,109.5,114.6937484741211,108.375,112.875,46.178138732910156,7704909
2010-06-23,112.38749694824219,113.34375,111.63749694824219,112.42500305175781,45.994041442871094,6543511
2010-06-24,112.42500305175781,113.625,111.44999694824219,113.04374694824219,46.247161865234375,10976818
2010-06-25,113.04374694824219,113.04374694824219,111.07499694824219,112.10624694824219,45.86363220214844,3824058
2010-06-28,112.05000305175781,113.34375,111.01875305175781,111.58125305175781,45.64884948730469,4419978
2010-06-29,112.03125,116.0250015258789,111.76875305175781,113.0062484741211,46.23184585571289,14363359
2010-06-30,111.375,114.65625,111.375,114.20625305175781,46.722755432128906,10103311
2010-07-01,113.625,114.1875,110.625,113.60624694824219,46.477294921875,2750615
2010-07-02,114.35624694824219,114.35624694824219,109.57499694824219,110.0999984741211,45.04286575317383,3081645
2010-07-05,110.26875305175781,112.03125,109.8187484741211,110.04374694824219,45.01984786987305,3045653
2010-07-06,110.4000015258789,112.4625015258789,109.94999694824219,112.05000305175781,45.84063720703125,1576906
2010-07-07,111.375,112.85624694824219,110.7750015258789,111.1875,45.48775863647461,2447170
2010-07-08,111.75,113.0062484741211,110.23124694824219,110.625,45.257633209228516,1120082
2010-07-09,111.0562515258789,111.7874984741211,110.1937484741211,110.53125,45.21928787231445,1064631
2010-07-12,111.0374984741211,111.63749694824219,109.5,109.76249694824219,44.90477752685547,1089346
2010-07-13,109.96875,111.11250305175781,108.26249694824219,109.5562515258789,44.82040786743164,2741445
2010-07-14,110.25,112.76249694824219,109.96875,111.5062484741211,45.618167877197266,2850090
2010-07-15,111.5250015258789,113.6812515258789,109.7437515258789,111.44999694824219,45.595149993896484,2506442
2010-07-16,111.375,113.79374694824219,111.1500015258789,113.0250015258789,46.239498138427734,2079351
2010-07-19,113.625,115.29374694824219,112.9124984741211,113.8687515258789,46.584693908691406,4744189
2010-07-20,114.375,115.8375015258789,112.5374984741211,113.26875305175781,46.339237213134766,1843722
2010-07-21,114.0,115.0875015258789,111.1875,111.73124694824219,45.71021270751953,3697879
2010-07-22,112.40625,114.91874694824219,111.0,114.6187515258789,46.891517639160156,3140775
2010-07-23,115.10624694824219,115.38749694824219,113.4749984741211,114.0,46.63837814331055,1112799
2010-07-26,114.375,114.75,112.57499694824219,113.625,46.48496627807617,2117618
2010-07-27,113.25,113.625,111.9749984741211,112.3687515258789,45.97101593017578,1004341
2010-07-28,112.5,114.91874694824219,112.14375305175781,114.0374984741211,46.653724670410156,1991034
2010-07-29,114.0,115.76249694824219,113.17500305175781,113.8687515258789,46.584693908691406,2795501
2010-07-30,114.0,114.7125015258789,112.9124984741211,113.71875,46.52332305908203,1018658
2010-08-02,113.71875,118.125,113.53125,117.8812484741211,48.22623825073242,3032021
2010-08-03,118.80000305175781,119.23124694824219,117.20625305175781,118.3125,48.40266036987305,1831442
2010-08-04,118.3125,118.48124694824219,116.73750305175781,117.375,48.01912307739258,1471157
2010-08-05,117.375,118.4625015258789,116.4749984741211,116.69999694824219,47.742977142333984,604261
2010-08-06,116.25,120.63749694824219,115.96875,119.90625,49.054664611816406,2755674
2010-08-09,120.5625,121.5,119.90625,120.5250015258789,49.30781936645508,2458922
2010-08-10,120.75,121.80000305175781,118.57499694824219,119.625,48.939613342285156,1111583
2010-08-11,119.8125,120.16874694824219,118.59375,119.36250305175781,48.83222198486328,466263
2010-08-12,119.5687484741211,127.0687484741211,118.125,124.6312484741211,50.98772430419922,16250005
2010-08-13,124.125,125.53125,122.6812515258789,123.3375015258789,50.45842742919922,2642994
2010-08-16,123.375,126.86250305175781,122.625,124.51875305175781,50.94169235229492,2924349
2010-08-17,124.875,125.32499694824219,121.4437484741211,124.38749694824219,50.888004302978516,1815282
2010-08-18,124.875,126.0,122.92500305175781,123.8062515258789,50.65019989013672,1348802
2010-08-19,123.7125015258789,124.9124984741211,121.5,122.15625,49.975181579589844,1024727
2010-08-20,122.0625,123.65625,121.51875305175781,122.9625015258789,50.305015563964844,1468269
2010-08-23,123.0,127.38749694824219,123.0,126.9749984741211,51.94656753540039,1472583
2010-08-24,126.375,126.375,123.09375,124.6875,51.54351806640625,1156410
2010-08-25,124.6875,127.3125,122.25,122.8125,50.76841735839844,2658631
2010-08-26,122.6624984741211,125.13749694824219,121.59375,122.8687515258789,50.791690826416016,3336093
2010-08-27,123.0,123.75,121.875,122.6624984741211,50.7064208984375,2207159
2010-08-30,123.3375015258789,124.98750305175781,122.26875305175781,124.42500305175781,51.43499755859375,1367986
2010-08-31,123.75,125.9625015258789,122.08125305175781,123.11250305175781,50.8924446105957,1948770
2010-09-01,123.58125305175781,124.14375305175781,122.4000015258789,123.5250015258789,51.06297302246094,1402317
2010-09-02,124.125,124.80000305175781,122.625,123.0,50.84593200683594,728191
2010-09-03,123.375,123.7125015258789,122.08125305175781,122.60624694824219,50.68316650390625,931138
2010-09-06,122.625,128.58749389648438,122.625,127.59375,52.744911193847656,2148751
2010-09-07,127.89375305175781,130.64999389648438,127.89375305175781,128.7937469482422,53.24095153808594,2251511
2010-09-08,128.4375,132.14999389648438,128.0625,131.4375,54.33382797241211,3908261
2010-09-09,131.8125,133.64999389648438,131.1374969482422,131.86874389648438,54.51211929321289,1885130
2010-09-13,132.1125030517578,133.3874969482422,130.21875,130.78125,54.06257247924805,931077
2010-09-14,131.625,134.39999389648438,129.84375,132.52499389648438,54.78339767456055,2178717
2010-09-15,132.75,135.22500610351562,131.90625,132.3937530517578,54.72914505004883,1760471
2010-09-16,132.3937530517578,133.6687469482422,130.16250610351562,130.875,54.10131072998047,969861
2010-09-17,131.625,132.5437469482422,130.7062530517578,131.66250610351562,54.42686462402344,635525
2010-09-20,132.0,134.6999969482422,131.6999969482422,133.8000030517578,55.310455322265625,1508586
2010-09-21,134.4375,135.0,127.61250305175781,128.4375,53.09370040893555,2618975
2010-09-22,128.66250610351562,129.75,125.3062515258789,126.75,52.39611053466797,2788581
2010-09-23,126.75,127.38749694824219,124.9124984741211,126.8812484741211,52.45038986206055,1515418
2010-09-24,126.5625,129.4875030517578,126.1875,128.53125,53.13245391845703,1360847
2010-09-27,130.875,133.0124969482422,128.1374969482422,128.8312530517578,53.25648880004883,1309055
2010-09-28,129.0,129.375,126.9749984741211,127.96875,52.89991760253906,1019271
2010-09-29,128.96249389648438,129.6750030517578,127.125,128.94375610351562,53.302982330322266,1457631
2010-09-30,127.875,129.375,127.21875,128.56875610351562,53.1479606628418,2080911
2010-10-01,129.09375,140.94375610351562,129.09375,136.6875,56.504085540771484,13124133
2010-10-04,137.25,141.3000030517578,136.0124969482422,139.36874389648438,57.61246109008789,7888503
2010-10-05,139.63125610351562,143.25,138.6374969482422,141.89999389648438,58.658851623535156,5828842
2010-10-06,142.7624969482422,143.9250030517578,140.625,142.7062530517578,58.99213409423828,5310821
2010-10-07,142.9499969482422,146.5124969482422,142.16250610351562,144.43124389648438,59.705230712890625,6754802
2010-10-08,145.8000030517578,147.31875610351562,142.35000610351562,144.65625,59.798240661621094,5230775
2010-10-11,145.125,153.375,145.125,149.75625610351562,61.906494140625,12888933
2010-10-12,152.25,155.1750030517578,141.1875,142.96875,59.100643157958984,9229471
2010-10-13,144.2624969482422,144.2624969482422,141.13125610351562,143.11874389648438,59.162654876708984,4364261
2010-10-14,144.0,145.8000030517578,140.8125,141.14999389648438,58.34880447387695,2470407
2010-10-15,142.3874969482422,142.3874969482422,134.75625610351562,135.14999389648438,55.86852264404297,4070949
2010-10-18,136.875,141.14999389648438,131.0812530517578,139.7624969482422,57.77523422241211,3203717
2010-10-19,141.0749969482422,141.4499969482422,136.2375030517578,137.58749389648438,56.87614059448242,2225586
2010-10-20,137.56875610351562,138.6374969482422,134.4375,135.69375610351562,56.09330368041992,1952981
2010-10-21,135.69375610351562,141.14999389648438,135.69375610351562,140.53125,58.09303665161133,3033506
2010-10-22,140.625,144.5437469482422,138.4499969482422,143.7375030517578,59.41845703125,6509207
2010-10-25,144.375,144.75,139.16250610351562,140.0625,57.89925765991211,6282378
2010-10-26,140.25,140.25,136.53750610351562,137.47500610351562,56.82965087890625,3878178
2010-10-27,138.0,140.1750030517578,135.4499969482422,136.4812469482422,56.418846130371094,2191799
2010-10-28,136.875,138.75,134.625,136.63125610351562,56.48085021972656,4811949
2010-10-29,137.625,139.8000030517578,135.375,138.99374389648438,57.457454681396484,1663541
2010-11-01,139.6875,140.96249389648438,136.6875,137.4562530517578,56.821876525878906,2843885
2010-11-02,137.625,138.97500610351562,136.6875,137.4187469482422,56.806392669677734,2542359
2010-11-03,138.0,140.0437469482422,137.8125,139.16250610351562,57.5272216796875,3408794
2010-11-04,140.25,140.25,136.8000030517578,137.28750610351562,56.752132415771484,4139418
2010-11-08,139.5,142.125,138.4499969482422,141.60000610351562,58.534828186035156,4671501
2010-11-09,141.9375,143.77499389648438,139.6687469482422,140.2687530517578,57.984519958496094,3231791
2010-11-10,139.875,140.58749389648438,137.6437530517578,138.50625610351562,57.25594711303711,2216399
2010-11-11,139.1062469482422,139.1062469482422,133.5187530517578,133.9875030517578,55.38797378540039,3364277
2010-11-12,135.375,136.875,130.5,131.56875610351562,54.38811492919922,7304229
2010-11-15,132.3562469482422,136.875,131.28750610351562,133.875,55.341461181640625,4781586
2010-11-16,133.875,135.33749389648438,129.13125610351562,130.21875,53.83002471923828,2322690
2010-11-18,130.5,131.86874389648438,124.125,126.58125305175781,52.326358795166016,5875101
2010-11-19,127.5,131.02499389648438,127.5,130.3312530517578,53.87653732299805,9313047
2010-11-22,131.25,136.7624969482422,131.25,135.8249969482422,56.147552490234375,5415799
2010-11-23,135.375,135.375,126.0,129.6750030517578,53.60527038574219,6783426
2010-11-24,129.9562530517578,133.125,128.2687530517578,130.08749389648438,53.775779724121094,3597741
2010-11-25,130.08749389648438,131.21249389648438,120.5062484741211,121.48124694824219,50.21812057495117,5299906
2010-11-26,121.875,124.2562484741211,111.86250305175781,118.38749694824219,48.93921661376953,11399101
2010-11-29,120.0,120.8062515258789,116.34375,119.55000305175781,49.41977310180664,5174255
2010-11-30,120.67500305175781,136.3125,120.1875,131.02499389648438,54.16331481933594,18561978
2010-12-01,131.02499389648438,136.83749389648438,129.1875,130.0124969482422,53.74477767944336,6532767
2010-12-02,130.44375610351562,132.69375610351562,128.49374389648438,129.03750610351562,53.34172821044922,1798389
2010-12-03,129.75,130.3312530517578,123.7874984741211,124.5,51.46602249145508,4193655
2010-12-06,125.9625015258789,129.3000030517578,121.61250305175781,122.13749694824219,50.48939895629883,5996199
2010-12-07,122.51249694824219,124.8375015258789,120.26249694824219,121.14375305175781,50.07859802246094,5235215
2010-12-08,120.7874984741211,121.38749694824219,116.45625305175781,117.39375305175781,48.528419494628906,3338791
2010-12-09,117.75,119.625,109.5,111.2437515258789,45.986122131347656,8843746
2010-12-10,111.375,116.3812484741211,108.375,114.0562515258789,47.14875411987305,9499575
2010-12-13,117.375,120.0,114.76875305175781,116.69999694824219,48.24163055419922,4910898
2010-12-14,118.5,123.67500305175781,117.44999694824219,123.2437515258789,50.94670867919922,5994287
2010-12-15,123.75,123.75,118.03125,118.85624694824219,49.13298416137695,3770191
2010-12-16,120.375,120.375,115.5,116.9625015258789,48.35014724731445,6048685
2010-12-20,118.10624694824219,119.7750015258789,114.91874694824219,117.28125,48.481910705566406,6797802
2010-12-21,117.75,118.57499694824219,116.8125,117.73124694824219,48.66794204711914,2292426
2010-12-22,118.125,119.04374694824219,115.5,115.6500015258789,47.80757522583008,2414477
2010-12-23,116.17500305175781,116.25,111.75,112.38749694824219,46.45891571044922,9240055
2010-12-24,112.875,112.875,108.375,109.57499694824219,45.296287536621094,7651909
2010-12-27,109.94999694824219,110.625,105.4124984741211,106.01249694824219,43.8236198425293,6673226
2010-12-28,106.3125,107.4749984741211,104.2874984741211,104.9625015258789,43.38956832885742,6588821
2010-12-29,105.75,110.0625,103.7249984741211,108.63749694824219,44.90873718261719,12267167
2010-12-30,109.6875,110.8125,107.625,110.4749984741211,45.668331146240234,5116807
2010-12-31,111.0,112.66874694824219,110.5875015258789,112.1624984741211,46.36592483520508,3940325
2011-01-03,112.5,113.625,108.9375,109.42500305175781,45.234283447265625,5030946
2011-01-04,110.8687515258789,111.46875,106.6500015258789,106.9312515258789,44.20341110229492,7227205
2011-01-05,107.25,107.25,101.51249694824219,103.51875305175781,42.792747497558594,14019133
2011-01-06,104.6624984741211,105.6937484741211,99.0,99.67500305175781,41.20382308959961,14572831
2011-01-07,99.67500305175781,102.8812484741211,96.95625305175781,101.0250015258789,41.76188278198242,16259250
2011-01-10,101.4937515258789,103.2750015258789,98.79374694824219,100.33125305175781,41.475101470947266,8635573
2011-01-11,101.1937484741211,103.76249694824219,99.5250015258789,101.45625305175781,41.940147399902344,8949575
2011-01-12,102.3375015258789,103.21875,99.46875,102.4124984741211,42.33544158935547,10896309
2011-01-13,102.4124984741211,102.75,99.4312515258789,100.05000305175781,41.358829498291016,7695482
2011-01-14,100.48124694824219,100.7249984741211,94.9124984741211,95.98124694824219,39.67687225341797,4676447
2011-01-17,96.375,98.7562484741211,95.41874694824219,97.8375015258789,40.44422149658203,14232594
2011-01-18,98.25,99.16874694824219,97.3125,98.73750305175781,40.81626510620117,5910055
2011-01-19,98.73750305175781,103.96875,98.13749694824219,103.1812515258789,42.65323257446289,8106421
2011-01-20,102.75,106.23750305175781,102.01875305175781,105.6937484741211,43.69184875488281,6577047
2011-01-21,105.82499694824219,107.92500305175781,104.8499984741211,105.3375015258789,43.544586181640625,4501117
2011-01-24,105.375,108.16874694824219,105.11250305175781,107.7562484741211,44.54445266723633,2528810
2011-01-25,107.625,108.2249984741211,102.09375,103.0875015258789,42.614479064941406,4321591
2011-01-27,103.875,104.53125,98.2874984741211,99.3187484741211,41.05653762817383,11605317
2011-01-28,98.26875305175781,99.6187515258789,91.5374984741211,94.8187484741211,39.196327209472656,13114741
2011-01-31,93.30000305175781,93.9937515258789,90.48750305175781,91.3687515258789,37.770172119140625,9470962
2011-02-01,91.59375,93.82499694824219,88.1812515258789,89.0250015258789,36.801292419433594,9456471
2011-02-02,90.375,98.2125015258789,89.34375,93.76875305175781,38.76228713989258,12567007
2011-02-03,94.42500305175781,99.73124694824219,93.82499694824219,98.8499984741211,40.862770080566406,11582439
2011-02-04,99.0,100.6312484741211,97.66874694824219,98.45625305175781,40.70000457763672,8841498
2011-02-07,98.625,102.0,97.61250305175781,98.4375,40.6922492980957,9222778
2011-02-08,99.3375015258789,100.8375015258789,96.5625,98.04374694824219,40.529483795166016,7774567
2011-02-09,97.875,97.875,91.5,92.41874694824219,38.204219818115234,10280527
2011-02-10,93.0,93.0,88.14375305175781,88.9124984741211,36.754798889160156,8645077
2011-02-11,88.125,89.5875015258789,84.4312515258789,88.5562515258789,37.156009674072266,13208951
2011-02-14,89.25,93.1312484741211,89.0062484741211,92.7750015258789,38.92609405517578,14962938
2011-02-15,93.75,94.9124984741211,90.1875,90.95625305175781,38.16299057006836,12636685
2011-02-16,90.7874984741211,91.8187484741211,88.1624984741211,89.23124694824219,37.43921661376953,13598871
2011-02-17,89.625,92.92500305175781,89.25,92.0250015258789,38.61141586303711,12433946
2011-02-18,92.5875015258789,94.42500305175781,87.8062515258789,88.8187484741211,37.266136169433594,12722314
2011-02-21,89.17500305175781,89.7562484741211,85.05000305175781,87.63749694824219,36.77052688598633,11519847
2011-02-22,87.375,89.5875015258789,85.3499984741211,87.01875305175781,36.51091384887695,6319341
2011-02-23,86.625,89.0625,86.1187515258789,87.44999694824219,36.691856384277344,6364813
2011-02-24,87.75,87.75,80.88749694824219,82.01249694824219,34.41040802001953,11611007
2011-02-25,83.25,87.30000305175781,82.66874694824219,86.4000015258789,36.25129699707031,9081109
2011-02-28,86.9625015258789,90.6187515258789,86.6624984741211,88.3687515258789,37.07734298706055,12942042
2011-03-01,88.5374984741211,94.29374694824219,88.1812515258789,93.67500305175781,39.303714752197266,12302703
2011-03-03,93.5625,93.5625,90.58125305175781,91.21875,38.273128509521484,6073431
2011-03-04,91.875,94.89375305175781,89.2874984741211,89.88749694824219,37.714569091796875,8695578
2011-03-07,89.23124694824219,92.25,88.1624984741211,91.29374694824219,38.304595947265625,7262818
2011-03-08,91.51875305175781,92.79374694824219,88.23750305175781,90.09375,37.801109313964844,8450554
2011-03-09,90.67500305175781,91.42500305175781,88.875,90.6187515258789,38.02137756347656,4836247
2011-03-10,90.0,90.44999694824219,87.65625,87.9375,36.896392822265625,5203770
2011-03-11,87.0562515258789,88.4625015258789,84.5625,85.70625305175781,35.96023178100586,5673501
2011-03-14,85.5,86.71875,84.0562515258789,85.6500015258789,35.93662643432617,6216146
2011-03-15,84.375,84.75,81.16874694824219,82.19999694824219,34.48908615112305,10780727
2011-03-16,82.80000305175781,86.625,82.5,85.9312515258789,36.054622650146484,11610002
2011-03-17,85.3125,85.8375015258789,83.25,83.625,35.08698272705078,6375410
2011-03-18,84.4124984741211,84.86250305175781,82.5,83.71875,35.126319885253906,7160242
2011-03-21,84.75,84.75,82.875,84.0374984741211,35.26005172729492,5808503
2011-03-22,84.0562515258789,86.25,83.8499984741211,85.85624694824219,36.02315902709961,4734853
2011-03-23,85.8187484741211,88.94999694824219,85.80000305175781,88.6500015258789,37.195350646972656,7045386
2011-03-24,88.80000305175781,91.8187484741211,87.7874984741211,91.51875305175781,38.39900588989258,8678626
2011-03-25,91.8375015258789,93.54374694824219,91.8375015258789,92.1937484741211,38.682212829589844,6942674
2011-03-28,92.32499694824219,93.375,91.3125,92.92500305175781,38.989036560058594,3628711
2011-03-29,93.0,93.46875,91.125,92.0625,38.62714767456055,4784802
2011-03-30,92.32499694824219,98.23124694824219,92.32499694824219,97.21875,40.79057693481445,10108543
2011-03-31,97.5,99.9749984741211,94.125,95.13749694824219,39.917335510253906,10019402
2011-04-01,95.2125015258789,96.0374984741211,93.84375,94.7249984741211,39.744266510009766,9577634
2011-04-04,95.0062484741211,96.0,94.29374694824219,95.23124694824219,39.95668029785156,7838149
2011-04-05,95.6812515258789,97.5,94.3125,96.84375,40.633235931396484,6653250
2011-04-06,97.5,100.5,96.84375,100.10624694824219,42.00209426879883,13028301
2011-04-07,100.9124984741211,101.0999984741211,99.01875305175781,99.4124984741211,41.71102523803711,9148421
2011-04-08,99.75,100.10624694824219,93.30000305175781,94.6875,39.72853088378906,10652781
2011-04-11,95.625,95.625,91.57499694824219,91.9312515258789,38.57207489013672,5414183
2011-04-13,91.875,93.7125015258789,91.3125,93.2249984741211,39.114898681640625,13142210
2011-04-15,95.23124694824219,95.23124694824219,91.51875305175781,92.7562484741211,38.91822052001953,5955338
2011-04-18,93.01875305175781,94.42500305175781,90.0374984741211,90.39375305175781,37.92696762084961,7067306
2011-04-19,89.4749984741211,90.67500305175781,88.29374694824219,89.15625,37.40776062011719,3687002
2011-04-20,90.1875,90.3375015258789,88.76249694824219,90.01875305175781,37.76963424682617,4237949
2011-04-21,90.44999694824219,91.38749694824219,87.0,88.01249694824219,36.9278678894043,8490575
2011-04-25,89.23124694824219,89.23124694824219,87.48750305175781,88.29374694824219,37.045867919921875,7067733
2011-04-26,88.38749694824219,89.17500305175781,87.1500015258789,88.7249984741211,37.226810455322266,6680978
2011-04-27,89.25,90.75,88.7249984741211,90.35624694824219,37.9112434387207,5874202
2011-04-28,93.75,93.75,89.0625,89.55000305175781,37.572967529296875,6882493
2011-04-29,90.0,91.0875015258789,88.9124984741211,89.4749984741211,37.54148864746094,7577807
2011-05-02,90.1875,90.2437515258789,86.32499694824219,86.6624984741211,36.3614387512207,3859874
2011-05-03,85.6875,86.7562484741211,83.4375,83.98124694824219,35.2364501953125,7478498
2011-05-04,84.375,85.0875015258789,83.04374694824219,84.28125,35.36233139038086,3830170
2011-05-05,84.65625,85.0687484741211,82.5,82.8187484741211,34.748695373535156,2225858
2011-05-06,83.4937515258789,84.3187484741211,81.9937515258789,84.0562515258789,35.267921447753906,3700213
2011-05-09,84.375,84.75,82.9312515258789,83.26875305175781,34.93751525878906,5869282
2011-05-10,83.45625305175781,84.9937515258789,82.7249984741211,84.2249984741211,35.338722229003906,3622647
2011-05-11,84.44999694824219,84.75,83.0625,83.625,35.08698272705078,3942426
2011-05-12,83.5875015258789,84.26249694824219,81.73124694824219,81.9937515258789,34.40254592895508,3416037
2011-05-13,82.76249694824219,84.67500305175781,81.9749984741211,83.79374694824219,35.15779113769531,2971997
2011-05-16,83.5875015258789,83.90625,82.1624984741211,82.38749694824219,34.56775665283203,1250674
2011-05-17,82.48124694824219,83.25,81.48750305175781,82.01249694824219,34.41040802001953,1559519
2011-05-18,82.19999694824219,82.70625305175781,79.29374694824219,79.80000305175781,33.48210906982422,5130826
2011-05-19,80.0625,80.3812484741211,77.69999694824219,77.9625015258789,32.71113967895508,3688431
2011-05-20,78.1312484741211,79.57499694824219,77.4937515258789,78.9000015258789,33.1044921875,4649421
2011-05-23,78.46875,78.6937484741211,76.5,76.9312515258789,32.27845001220703,2644274
2011-05-24,77.25,78.11250305175781,75.1312484741211,75.8812484741211,31.837888717651367,6132143
2011-05-25,76.5,79.76249694824219,73.6500015258789,74.0999984741211,31.090530395507812,14260999
2011-05-26,74.625,74.8125,71.6812515258789,73.51875305175781,30.846651077270508,13448583
2011-05-27,73.70625305175781,76.23750305175781,73.5,75.8812484741211,31.837888717651367,8458850
2011-05-30,76.125,78.65625,75.20625305175781,78.1875,32.8055419921875,11379917
2011-05-31,78.7125015258789,80.5875015258789,76.89375305175781,79.8187484741211,33.48997497558594,10137103
2011-06-01,80.25,81.09375,79.76249694824219,80.0625,33.59223937988281,4124709
2011-06-02,79.5,81.5625,78.46875,80.73750305175781,33.875450134277344,4725573
2011-06-03,81.0,81.9749984741211,80.34375,81.1875,34.06426239013672,3763085
2011-06-06,81.5625,81.84375,80.625,81.0,33.985595703125,2266754
2011-06-07,80.79374694824219,81.375,79.70625305175781,80.3812484741211,33.725975036621094,4049797
2011-06-08,79.57499694824219,80.7562484741211,77.2874984741211,77.64375305175781,32.577396392822266,7874949
2011-06-09,77.32499694824219,77.9625015258789,76.57499694824219,77.17500305175781,32.3807258605957,5315365
2011-06-10,77.9625015258789,77.9625015258789,76.0875015258789,76.4625015258789,32.08177185058594,4092751
2011-06-13,76.5,77.5875015258789,75.28125,76.3125,32.018836975097656,6915045
2011-06-14,77.0062484741211,78.3187484741211,76.3687515258789,77.04374694824219,32.32564926147461,5013879
2011-06-15,76.7249984741211,77.4375,75.0374984741211,75.2249984741211,31.56254768371582,4545461
2011-06-16,74.625,74.8499984741211,71.625,71.8687515258789,30.154348373413086,10870671
2011-06-17,68.2874984741211,72.48750305175781,68.2874984741211,71.2125015258789,29.87900733947754,9388527
2011-06-20,71.25,72.0,67.94999694824219,69.76875305175781,29.273231506347656,6178823
2011-06-21,70.29374694824219,71.0250015258789,68.13749694824219,68.36250305175781,28.683210372924805,6433261
2011-06-22,69.2437515258789,69.48750305175781,67.57499694824219,67.89375305175781,28.486536026000977,5455357
2011-06-23,67.89375305175781,69.1312484741211,66.86250305175781,68.55000305175781,28.761884689331055,6114378
2011-06-24,68.64375305175781,71.34375,68.3062515258789,70.42500305175781,29.54859161376953,8086605
2011-06-27,70.5,72.75,69.84375,72.4124984741211,30.382495880126953,5669863
2011-06-28,72.84375,73.0875015258789,70.33125305175781,71.2125015258789,29.87900733947754,3885874
2011-06-29,71.4375,73.2750015258789,66.5062484741211,72.65625,30.484760284423828,5427935
2011-06-30,73.03125,74.34375,71.83125305175781,73.4625015258789,30.823047637939453,9566714
2011-07-01,73.8187484741211,75.48750305175781,72.9749984741211,74.1187515258789,31.098398208618164,8958874
2011-07-04,74.5687484741211,76.0875015258789,74.13749694824219,75.54374694824219,31.696290969848633,9476343
2011-07-05,75.75,76.66874694824219,75.39375305175781,75.9749984741211,31.87723731994629,4834911
2011-07-06,75.44999694824219,76.8375015258789,75.4312515258789,76.29374694824219,32.01097869873047,2864373
2011-07-07,76.2750015258789,77.90625,76.2750015258789,77.73750305175781,32.616737365722656,3466389
2011-07-08,77.8125,77.9625015258789,76.125,77.26875305175781,32.4200553894043,3724202
2011-07-11,77.2125015258789,77.88749694824219,75.8062515258789,76.42500305175781,32.066043853759766,2726117
2011-07-12,75.9375,77.0625,74.9437484741211,75.30000305175781,31.594011306762695,6282653
2011-07-13,76.125,77.25,75.375,77.04374694824219,32.32564926147461,1562882
2011-07-14,76.10624694824219,84.9375,76.10624694824219,82.51875305175781,34.622833251953125,34005706
2011-07-15,82.6875,84.6937484741211,81.28125,84.11250305175781,35.29152297973633,21855815
2011-07-18,83.25,86.79374694824219,83.25,86.3062515258789,36.21196746826172,13158399
2011-07-19,86.3062515258789,86.5875015258789,83.92500305175781,84.26249694824219,35.35446548461914,6977034
2011-07-20,84.75,85.6312484741211,82.94999694824219,83.90625,35.20498275756836,3699234
2011-07-21,83.7750015258789,83.7750015258789,80.64375305175781,81.1875,34.06426239013672,5178938
2011-07-22,82.125,83.0999984741211,81.375,81.9937515258789,34.40254592895508,4596898
2011-07-25,82.6500015258789,84.91874694824219,81.5625,84.0,35.244319915771484,6813245
2011-07-26,84.75,85.3125,81.5625,82.21875,34.4969482421875,6658589
2011-07-27,82.76249694824219,82.76249694824219,79.5,80.0999984741211,33.607975006103516,7810098
2011-07-28,79.48124694824219,80.0062484741211,77.625,79.23750305175781,33.24609375,16320866
2011-07-29,81.5625,81.5625,77.64375305175781,78.63749694824219,32.994346618652344,7388789
2011-08-01,78.84375,80.4375,78.8062515258789,79.125,33.19889450073242,3381967
2011-08-02,79.03125,79.19999694824219,76.40625,77.8687515258789,32.67180252075195,4485813
2011-08-03,77.4375,77.4375,75.91874694824219,76.33125305175781,32.02670669555664,6972661
2011-08-04,76.5374984741211,78.1500015258789,76.125,76.94999694824219,32.28631591796875,4561842
2011-08-05,72.73124694824219,76.125,72.0,73.0687484741211,30.657838821411133,12484007
2011-08-08,70.875,72.2249984741211,69.58125305175781,71.3062515258789,29.918336868286133,5930650
2011-08-09,67.875,71.7562484741211,67.875,70.3687515258789,29.524988174438477,10782775
2011-08-10,74.90625,74.90625,70.7249984741211,71.7750015258789,30.11501121520996,8257367
2011-08-11,71.25,72.76875305175781,69.5625,71.0625,29.81606674194336,5213298
2011-08-12,71.2874984741211,72.44999694824219,69.1875,69.6937484741211,29.241769790649414,3995058
2011-08-16,71.0062484741211,71.0062484741211,68.83125305175781,70.10624694824219,29.414838790893555,4539978
2011-08-17,70.125,70.875,67.5374984741211,68.64375305175781,28.801223754882812,5310994
2011-08-18,67.7249984741211,69.0,64.5,64.94999694824219,27.25140380859375,6610146
2011-08-19,62.0625,65.0250015258789,61.21875,64.4625015258789,27.046875,4374967
2011-08-22,65.1187515258789,66.26249694824219,62.868751525878906,65.73750305175781,27.58182716369629,3302098
2011-08-23,66.0,67.2750015258789,64.5374984741211,66.1500015258789,27.75490379333496,2887914
2011-08-24,65.90625,67.875,65.26875305175781,66.67500305175781,27.97518539428711,4479962
2011-08-25,68.4375,70.5,63.412498474121094,65.64375305175781,27.542497634887695,6709578
2011-08-26,65.4937515258789,65.625,60.806251525878906,61.85625076293945,25.953346252441406,4104365
2011-08-29,63.375,65.25,62.73749923706055,64.42500305175781,27.031129837036133,3777143
2011-08-30,64.875,66.01875305175781,63.26250076293945,65.4749984741211,28.126548767089844,7013053
2011-09-02,65.4749984741211,65.625,63.46875,64.125,27.5466251373291,7230826
2011-09-05,63.375,63.63750076293945,62.25,63.35625076293945,27.216388702392578,5848098
2011-09-06,63.07500076293945,64.1624984741211,61.162498474121094,63.65625,27.345266342163086,6410287
2011-09-07,64.38749694824219,67.01249694824219,64.2750015258789,65.4937515258789,28.134613037109375,8338666
2011-09-08,66.75,68.1937484741211,65.4000015258789,67.3687515258789,28.940067291259766,5947434
2011-09-09,67.875,68.25,64.23750305175781,64.80000305175781,27.836597442626953,7654245
2011-09-12,63.506248474121094,63.712501525878906,61.181251525878906,61.631248474121094,26.475372314453125,7014253
2011-09-13,62.04375076293945,64.0687484741211,61.875,63.20624923706055,27.151952743530273,5478285
2011-09-14,63.412498474121094,64.42500305175781,62.212501525878906,64.1624984741211,27.5627384185791,3763287
2011-09-15,64.5,66.63749694824219,63.86249923706055,66.39375305175781,28.5212345123291,5253557
2011-09-16,66.75,71.0625,66.5062484741211,70.48124694824219,30.277130126953125,14292151
2011-09-19,70.05000305175781,71.9437484741211,68.83125305175781,70.01249694824219,30.07575798034668,7470021
2011-09-20,70.10624694824219,71.1937484741211,69.48750305175781,70.40625,30.244903564453125,3531895
2011-09-21,70.19999694824219,71.6812515258789,69.67500305175781,70.0875015258789,30.10798454284668,3261826
2011-09-22,69.35624694824219,69.375,66.0,66.48750305175781,28.561511993408203,2987967
2011-09-23,66.375,66.67500305175781,64.6500015258789,65.08125305175781,27.95741844177246,3654759
2011-09-26,64.5,65.9437484741211,62.8125,64.51875305175781,27.71577262878418,2143402
2011-09-27,65.0062484741211,66.48750305175781,64.98750305175781,65.36250305175781,28.078227996826172,1868173
2011-09-28,65.625,65.92500305175781,64.125,64.7437515258789,27.812427520751953,2254210
2011-09-29,64.48124694824219,65.17500305175781,63.09375,64.78125,27.828548431396484,4497485
2011-09-30,63.76874923706055,65.51249694824219,63.693748474121094,65.2125015258789,28.013792037963867,3102311
2011-10-03,63.82500076293945,64.4625015258789,60.75,61.14374923706055,26.265958786010742,2731730
2011-10-04,60.75,62.212501525878906,58.068748474121094,58.462501525878906,25.11414909362793,4002922
2011-10-05,58.125,59.587501525878906,57.599998474121094,58.368751525878906,25.07387924194336,3370287
2011-10-07,59.625,60.974998474121094,58.743751525878906,60.16875076293945,25.84711265563965,3236031
2011-10-10,60.09375,62.92499923706055,59.08124923706055,62.493751525878906,26.84587860107422,4510863
2011-10-11,63.693748474121094,68.1187515258789,63.0,66.48750305175781,28.561511993408203,12466711
2011-10-12,66.75,67.85624694824219,65.08125305175781,67.70625305175781,29.08505630493164,7119869
2011-10-13,67.89375305175781,68.4749984741211,65.92500305175781,66.8062515258789,28.698434829711914,3126869
2011-10-14,66.8062515258789,67.6875,65.0999984741211,66.84375,28.714542388916016,3990394
2011-10-17,67.125,68.625,64.89375305175781,65.2874984741211,28.046010971069336,5007671
2011-10-18,63.974998474121094,65.4000015258789,63.787498474121094,64.7249984741211,27.804370880126953,3386106
2011-10-19,65.08125305175781,66.1312484741211,64.875,65.92500305175781,28.319866180419922,4391434
2011-10-20,65.625,66.1875,64.40625,65.6812515258789,28.21516227722168,2786426
2011-10-21,65.7562484741211,66.1500015258789,63.993751525878906,64.3687515258789,27.651342391967773,4026629
2011-10-24,65.0625,65.5875015258789,64.2562484741211,64.4437484741211,27.683551788330078,6340386
2011-10-25,64.5374984741211,65.7562484741211,63.58124923706055,64.98750305175781,27.91714096069336,5433815
2011-10-28,66.375,69.86250305175781,66.375,69.26249694824219,29.753576278686523,9263242
2011-10-31,70.0875015258789,70.125,67.3499984741211,67.70625305175781,29.08505630493164,5349341
2011-11-01,67.5,68.4375,66.48750305175781,68.08125305175781,29.246139526367188,4105767
2011-11-02,67.7249984741211,70.70625305175781,66.9749984741211,69.65625,29.922731399536133,13321325
2011-11-03,70.125,74.6812515258789,69.7125015258789,72.8062515258789,31.275897979736328,14984770
2011-11-04,73.5374984741211,75.46875,72.4312515258789,73.3687515258789,31.517520904541016,10992965
2011-11-08,73.57499694824219,76.42500305175781,73.01249694824219,75.95625305175781,32.62906265258789,8621450
2011-11-09,76.875,78.16874694824219,75.09375,75.9937515258789,32.64517593383789,13602063
2011-11-11,75.09375,77.0250015258789,73.125,74.08125305175781,31.823604583740234,7686927
2011-11-14,74.55000305175781,76.2750015258789,72.20625305175781,72.5625,31.171188354492188,7507546
2011-11-15,72.35624694824219,73.6312484741211,68.15625,69.30000305175781,29.769685745239258,7371805
2011-11-16,68.79374694824219,71.5875015258789,68.13749694824219,70.3687515258789,30.228805541992188,6128407
2011-11-17,69.46875,71.04374694824219,67.38749694824219,68.08125305175781,29.246139526367188,3043095
2011-11-18,68.08125305175781,68.4375,65.7562484741211,66.7874984741211,28.69037628173828,4522802
2011-11-21,64.875,68.6624984741211,64.875,68.0062484741211,29.21392250061035,6624925
2011-11-22,68.7750015258789,71.5687484741211,67.875,69.9375,30.043540954589844,6151765
2011-11-23,69.375,69.7125015258789,67.3499984741211,68.7750015258789,29.544166564941406,4211831
2011-11-24,68.6812515258789,69.28125,66.26249694824219,68.0625,29.238086700439453,6071901
2011-11-25,67.6312484741211,70.3499984741211,67.1624984741211,67.76249694824219,29.109210968017578,6545925
2011-11-28,68.51249694824219,72.9749984741211,68.25,72.1875,31.01009178161621,11785978
2011-11-29,71.71875,73.6312484741211,69.0374984741211,69.6937484741211,29.938838958740234,12051351
2011-11-30,69.63749694824219,70.94999694824219,67.875,68.7562484741211,29.536108016967773,4202282
2011-12-01,70.5,72.0,70.29374694824219,71.0250015258789,30.51070785522461,3630383
2011-12-02,71.2874984741211,74.90625,70.89375305175781,74.4375,31.976633071899414,5691357
2011-12-05,74.36250305175781,76.2562484741211,72.4124984741211,75.5062484741211,32.43574523925781,6329338
2011-12-07,76.0687484741211,76.2750015258789,72.5999984741211,73.05000305175781,31.3806095123291,7053949
2011-12-08,73.2750015258789,73.40625,69.67500305175781,70.05000305175781,30.091861724853516,5448429
2011-12-09,69.4124984741211,71.32499694824219,68.8125,69.26249694824219,29.753576278686523,3945677
2011-12-12,70.01249694824219,70.42500305175781,63.20624923706055,64.2562484741211,27.603010177612305,10215463
2011-12-13,63.9375,67.0875015258789,63.0,66.2437515258789,28.456796646118164,6817522
2011-12-14,66.73124694824219,67.96875,64.875,65.2125015258789,28.013792037963867,5576677
2011-12-15,63.993751525878906,67.125,63.806251525878906,66.7874984741211,28.69037628173828,3541794
2011-12-16,67.4625015258789,69.4312515258789,64.21875,65.0250015258789,27.93324089050293,8983845
2011-12-19,64.5,64.8375015258789,60.224998474121094,61.462501525878906,26.40287208557129,7063887
2011-12-20,61.724998474121094,62.568748474121094,58.33124923706055,58.912498474121094,25.307456970214844,4626613
2011-12-21,60.375,60.75,59.13750076293945,60.243751525878906,25.87933349609375,5010407
2011-12-22,59.73749923706055,59.73749923706055,55.76250076293945,57.712501525878906,24.791963577270508,15839773
2011-12-23,58.38750076293945,59.04375076293945,54.974998474121094,55.349998474121094,23.777088165283203,10357754
2011-12-26,55.349998474121094,57.1875,55.125,55.70624923706055,23.93012809753418,5589434
2011-12-27,55.837501525878906,56.70000076293945,55.181251525878906,55.70624923706055,23.93012809753418,3958775
2011-12-28,55.5,55.95000076293945,53.8125,55.57500076293945,23.873748779296875,5205725
2011-12-29,55.6875,56.474998474121094,54.46875,56.006248474121094,24.05900001525879,9953061
2011-12-30,55.875,58.349998474121094,55.875,57.65625,24.767805099487305,11694754
2012-01-02,57.75,58.61249923706055,56.118751525878906,57.056251525878906,24.51005744934082,3034375
2012-01-03,57.375,59.400001525878906,57.318748474121094,58.79999923706055,25.25912857055664,4192733
2012-01-04,58.95000076293945,61.01250076293945,58.3125,59.775001525878906,25.677967071533203,7231133
2012-01-05,59.625,61.875,59.625,61.03125,26.21762466430664,5765063
2012-01-06,60.993751525878906,61.42499923706055,58.70624923706055,59.79375076293945,25.68602752685547,3871911
2012-01-09,59.962501525878906,60.375,58.04999923706055,59.34375,25.492719650268555,3332029
2012-01-10,60.0,61.837501525878906,59.849998474121094,60.993751525878906,26.201515197753906,4269775
2012-01-11,61.125,62.92499923706055,60.525001525878906,61.85625076293945,26.572023391723633,6972991
2012-01-12,62.13750076293945,64.05000305175781,61.33124923706055,63.39374923706055,27.232501983642578,4979994
2012-01-13,64.5,65.0625,62.34375,63.35625076293945,27.216388702392578,2705613
2012-01-16,62.625,65.0062484741211,61.912498474121094,62.568748474121094,26.878097534179688,3245853
2012-01-17,63.01874923706055,64.42500305175781,62.70000076293945,63.318748474121094,27.20028305053711,5106170
2012-01-18,63.525001525878906,65.69999694824219,62.625,63.28125,27.184179306030273,5518903
2012-01-19,64.38749694824219,68.60624694824219,63.900001525878906,68.2874984741211,29.334747314453125,9791941
2012-01-20,68.4375,70.61250305175781,67.4625015258789,69.7874984741211,29.979106903076172,9416447
2012-01-23,69.75,70.48124694824219,67.6500015258789,68.0062484741211,29.21392250061035,2327597
2012-01-24,68.0062484741211,71.4000015258789,68.0062484741211,70.875,30.446277618408203,3432207
2012-01-25,71.4375,76.2750015258789,70.42500305175781,74.23124694824219,31.888038635253906,13096914
2012-01-27,75.0,77.17500305175781,73.78125,74.3062515258789,31.920259475708008,10066895
2012-01-30,73.5,73.875,68.15625,68.5687484741211,30.218063354492188,6603754
2012-01-31,69.3375015258789,71.7750015258789,68.625,71.4375,31.482316970825195,6978010
2012-02-01,71.5875015258789,77.17500305175781,71.0625,76.7249984741211,33.812496185302734,8676930
2012-02-02,77.0625,78.1500015258789,75.0374984741211,76.61250305175781,33.7629280090332,7824674
2012-02-03,76.3125,77.32499694824219,74.88749694824219,76.8187484741211,33.85382080078125,6180845
2012-02-06,76.8187484741211,82.05000305175781,76.8187484741211,81.44999694824219,35.89480209350586,8736767
2012-02-07,82.4625015258789,82.76249694824219,80.15625,81.07499694824219,35.72953796386719,9638767
2012-02-08,79.61250305175781,82.8375015258789,79.61250305175781,81.63749694824219,35.9774284362793,6902170
2012-02-09,81.7125015258789,88.3125,81.39375305175781,87.26249694824219,38.45634460449219,12065882
2012-02-10,87.0,88.01249694824219,82.7249984741211,83.3062515258789,36.71284103393555,8496423
2012-02-13,83.64375305175781,86.73750305175781,81.16874694824219,86.08125305175781,37.93577575683594,4978090
2012-02-14,86.4000015258789,88.05000305175781,85.51875305175781,87.16874694824219,38.41503143310547,5891303
2012-02-15,87.86250305175781,89.2874984741211,85.4625015258789,87.7125015258789,38.654666900634766,6649290
2012-02-16,88.125,91.0687484741211,87.8062515258789,90.67500305175781,39.960235595703125,7887173
2012-02-17,91.03125,94.5,90.75,93.2437515258789,41.09226989746094,12975989
2012-02-21,93.3375015258789,93.9375,89.8499984741211,90.6187515258789,39.93543243408203,8783055
2012-02-22,90.375,91.94999694824219,80.36250305175781,81.63749694824219,35.9774284362793,13901746
2012-02-23,81.375,82.57499694824219,77.71875,78.46875,34.58097839355469,15542327
2012-02-24,79.01249694824219,79.8187484741211,76.1624984741211,76.8375015258789,33.86207962036133,6310231
2012-02-27,76.875,77.4749984741211,74.08125305175781,75.7125015258789,33.366294860839844,6404349
2012-02-28,76.0687484741211,80.5687484741211,75.95625305175781,80.0250015258789,35.26680374145508,5791629
2012-02-29,80.88749694824219,82.66874694824219,78.9749984741211,80.88749694824219,35.64690399169922,5673543
2012-03-01,80.625,82.4437484741211,75.07499694824219,78.0562515258789,34.3991813659668,6855005
2012-03-02,78.75,80.55000305175781,77.0999984741211,78.01875305175781,34.38266372680664,5195837
2012-03-05,76.9312515258789,78.26249694824219,69.07499694824219,73.70625305175781,32.48215103149414,5956703
2012-03-06,73.5,78.4312515258789,71.6624984741211,74.60624694824219,32.87876892089844,7747133
2012-03-07,74.55000305175781,75.9937515258789,71.34375,73.57499694824219,32.424312591552734,6316591
2012-03-09,74.9625015258789,80.13749694824219,74.9625015258789,79.80000305175781,35.16764450073242,7866645
2012-03-12,76.4625015258789,83.71875,76.4625015258789,83.36250305175781,36.73763656616211,9242010
2012-03-13,84.26249694824219,86.0250015258789,82.96875,84.0374984741211,37.035099029541016,9758415
2012-03-14,85.10624694824219,85.875,84.1500015258789,85.3125,37.59699249267578,7801255
2012-03-15,84.75,85.6312484741211,79.8187484741211,80.9437484741211,35.67169189453125,6907205
2012-03-16,81.1875,83.55000305175781,77.26875305175781,78.44999694824219,34.57270431518555,8565245
2012-03-19,78.3375015258789,78.84375,74.6624984741211,75.07499694824219,33.085357666015625,5866122
2012-03-20,74.8687515258789,77.17500305175781,73.9124984741211,75.44999694824219,33.25061798095703,6247191
2012-03-21,75.8812484741211,79.59375,75.375,79.3125,34.95280838012695,5249023
2012-03-22,79.6875,80.1187515258789,73.98750305175781,74.64375305175781,32.89529800415039,6939789
2012-03-23,74.625,78.7125015258789,74.625,77.88749694824219,34.3248176574707,13071639
2012-03-26,78.375,78.375,75.86250305175781,76.3687515258789,33.655513763427734,7233317
2012-03-27,77.25,78.2249984741211,74.26875305175781,75.6937484741211,33.358036041259766,8616125
2012-03-28,76.05000305175781,76.29374694824219,72.86250305175781,73.29374694824219,32.30036163330078,5325501
2012-03-29,72.6937484741211,73.6312484741211,71.25,72.82499694824219,32.09377670288086,9900285
2012-03-30,72.84375,77.4749984741211,72.84375,77.0250015258789,33.9447135925293,6282863
2012-04-02,77.51249694824219,81.375,77.51249694824219,81.1312484741211,35.75432205200195,6845749
2012-04-03,81.5250015258789,84.91874694824219,81.3187484741211,84.2249984741211,37.11773681640625,12743421
2012-04-04,83.4375,85.875,82.2562484741211,85.4625015258789,37.663089752197266,7449802
2012-04-09,84.4124984741211,85.0875015258789,81.1875,81.58125305175781,35.95264434814453,3058269
2012-04-10,82.5,83.25,80.3062515258789,82.5374984741211,36.374061584472656,7203634
2012-04-11,81.5625,84.5250015258789,80.83125305175781,83.13749694824219,36.63847351074219,6771383
2012-04-12,83.25,84.9375,82.19999694824219,82.5562515258789,36.382320404052734,4543949
2012-04-13,82.5,84.54374694824219,81.20625305175781,81.63749694824219,35.9774284362793,3779711
2012-04-16,80.5875015258789,83.4000015258789,80.34375,82.875,36.52279281616211,1905421
2012-04-17,83.13749694824219,87.9375,82.5562515258789,87.1500015258789,38.406776428222656,9833394
2012-04-18,88.125,88.8375015258789,87.0,87.1500015258789,38.406776428222656,5961773
2012-04-19,87.75,88.125,85.57499694824219,86.36250305175781,38.059722900390625,7074039
2012-04-20,85.5374984741211,86.90625,82.14375305175781,83.2125015258789,36.6715202331543,4953010
2012-04-23,83.2125015258789,84.7874984741211,81.58125305175781,82.89375305175781,36.53105545043945,4905114
2012-04-24,82.85624694824219,83.9437484741211,80.8125,81.3187484741211,35.83695602416992,4182999
2012-04-25,81.4124984741211,82.98750305175781,78.9375,80.41874694824219,35.44032669067383,7534381
2012-04-26,79.1624984741211,81.1875,78.39375305175781,79.3687515258789,34.97760009765625,4427346
2012-04-27,79.85624694824219,81.1500015258789,76.6875,77.26875305175781,34.052127838134766,3969122
2012-04-30,78.11250305175781,79.80000305175781,77.13749694824219,78.1875,34.45702362060547,3402743
2012-05-02,78.95625305175781,79.5,76.19999694824219,77.0625,33.96123504638672,3799666
2012-05-03,77.08125305175781,77.08125305175781,74.45625305175781,74.8125,32.96967315673828,4274701
2012-05-04,74.25,75.1312484741211,71.2874984741211,71.625,31.564945220947266,6957498
2012-05-07,71.25,71.7750015258789,67.29374694824219,70.78125,31.193098068237305,9562647
2012-05-08,70.9124984741211,73.78125,69.375,70.3499984741211,31.003055572509766,8594589
2012-05-09,69.9000015258789,70.42500305175781,68.64375305175781,69.48750305175781,30.622962951660156,5555663
2012-05-10,69.75,71.41874694824219,67.875,68.4000015258789,30.143699645996094,4473431
2012-05-11,67.6312484741211,69.5250015258789,66.30000305175781,68.13749694824219,30.028017044067383,3965861
2012-05-14,68.25,69.01875305175781,65.6624984741211,66.67500305175781,29.38349723815918,3012810
2012-05-15,66.2437515258789,67.7249984741211,65.45625305175781,66.48750305175781,29.30086326599121,6267685
2012-05-16,65.25,65.26875305175781,63.1875,63.5625,28.011825561523438,5320858
2012-05-17,63.75,65.79374694824219,63.75,64.5374984741211,28.44150733947754,4289234
2012-05-18,63.5625,64.3687515258789,62.287498474121094,63.39374923706055,27.93745994567871,5151541
2012-05-21,62.868751525878906,66.0,62.868751525878906,65.08125305175781,28.681135177612305,5157693
2012-05-22,65.625,67.05000305175781,64.59375,65.0250015258789,28.656343460083008,5641823
2012-05-23,64.61250305175781,66.07499694824219,63.056251525878906,63.599998474121094,28.02834701538086,6103933
2012-05-24,64.4625015258789,65.1187515258789,63.375,64.29374694824219,28.33408546447754,6230543
2012-05-25,64.38749694824219,64.7249984741211,63.037498474121094,63.599998474121094,28.02834701538086,5379685
2012-05-28,63.75,64.94999694824219,63.412498474121094,63.993751525878906,28.201881408691406,4028967
2012-05-29,64.125,64.48124694824219,63.056251525878906,63.28125,27.887880325317383,2740583
2012-05-30,63.35625076293945,64.125,61.875,63.28125,27.887880325317383,5958986
2012-05-31,62.88750076293945,62.962501525878906,60.9375,61.724998474121094,27.202041625976562,10556533
2012-06-01,62.23125076293945,63.75,60.5625,60.95624923706055,26.86326026916504,4695215
2012-06-04,60.16875076293945,61.3125,59.34375,61.03125,26.896299362182617,3552775
2012-06-05,61.76250076293945,62.0625,59.13750076293945,59.54999923706055,26.2435245513916,5082389
2012-06-06,59.71875,63.35625076293945,59.71875,63.056251525878906,27.788726806640625,11454786
2012-06-07,63.75,64.03125,62.381248474121094,63.76874923706055,28.10271644592285,7996645
2012-06-08,63.73125076293945,63.84375,62.15625,63.599998474121094,28.02834701538086,5614338
2012-06-11,64.03125,65.73750305175781,63.75,64.33125305175781,28.35061264038086,10116039
2012-06-12,64.10624694824219,66.09375,63.806251525878906,65.6812515258789,28.9455509185791,12366266
2012-06-13,65.53125,68.13749694824219,65.53125,67.4625015258789,29.730548858642578,9872826
2012-06-14,67.4625015258789,68.1187515258789,64.3499984741211,64.7249984741211,28.524133682250977,7155359
2012-06-15,65.0625,67.0687484741211,64.7249984741211,66.6187515258789,29.358701705932617,4354418
2012-06-18,68.23124694824219,68.4375,63.599998474121094,64.3687515258789,28.367143630981445,4333634
2012-06-19,63.974998474121094,64.85624694824219,62.756248474121094,64.4625015258789,28.40845489501953,3394765
2012-06-20,64.23750305175781,66.375,64.23750305175781,66.1500015258789,29.152128219604492,3699645
2012-06-21,65.64375305175781,67.4437484741211,64.89375305175781,67.0875015258789,29.565284729003906,4298082
2012-06-22,65.98124694824219,67.0687484741211,65.08125305175781,66.65625,29.375226974487305,2775258
2012-06-25,66.9375,67.85624694824219,65.3062515258789,65.69999694824219,28.95380973815918,2069711
2012-06-26,65.83125305175781,67.125,65.64375305175781,66.58125305175781,29.342174530029297,2400047
2012-06-27,67.125,69.75,67.125,69.26249694824219,30.523799896240234,8376205
2012-06-28,69.7125015258789,70.3125,67.89375305175781,68.0999984741211,30.01148796081543,6603989
2012-06-29,69.35624694824219,72.4124984741211,69.0374984741211,71.92500305175781,31.697158813476562,10100202
2012-07-02,72.46875,72.63749694824219,70.7437515258789,72.0562515258789,31.7549991607666,4354586
2012-07-03,72.35624694824219,73.76249694824219,72.11250305175781,72.3375015258789,31.878948211669922,3956458
2012-07-04,72.67500305175781,73.3125,71.0250015258789,72.67500305175781,32.02768325805664,3526933
2012-07-05,73.3687515258789,74.7750015258789,72.375,74.51249694824219,32.83745574951172,4987863
2012-07-06,74.25,75.63749694824219,74.0999984741211,74.9437484741211,33.02750778198242,7249242
2012-07-09,75.0,75.0,72.39375305175781,72.65625,32.01941680908203,4022349
2012-07-10,72.8062515258789,74.9625015258789,72.7874984741211,74.60624694824219,32.87876892089844,5696525
2012-07-11,74.55000305175781,75.75,73.66874694824219,73.96875,32.59783172607422,6711967
2012-07-12,73.875,73.875,72.44999694824219,72.76875305175781,32.069000244140625,4114111
2012-07-13,73.01249694824219,73.6875,72.1875,72.5062484741211,31.953310012817383,3330071
2012-07-16,72.75,72.9937515258789,71.25,71.5687484741211,31.540151596069336,3348479
2012-07-17,72.1500015258789,73.03125,71.69999694824219,72.0562515258789,31.7549991607666,3492194
2012-07-18,72.44999694824219,72.9000015258789,70.94999694824219,72.11250305175781,31.779787063598633,3202719
2012-07-19,72.3375015258789,73.57499694824219,71.3812484741211,71.66250610351562,31.581470489501953,3630279
2012-07-20,71.53125,72.46875,70.33125305175781,71.83125305175781,31.655834197998047,6195882
2012-07-23,70.1624984741211,71.25,68.64375305175781,69.05624389648438,30.432897567749023,3169495
2012-07-24,69.84375,70.5,68.4937515258789,70.19999694824219,30.93695640563965,2669103
2012-07-25,68.4375,70.61250305175781,68.4375,68.96249389648438,30.39158821105957,3751442
2012-07-26,69.09375,69.4124984741211,66.7874984741211,67.14375305175781,29.59007453918457,6557122
2012-07-27,68.0062484741211,69.9375,67.6875,68.73750305175781,30.292428970336914,3506045
2012-07-30,70.4437484741211,71.15625,68.88749694824219,70.96875,31.275733947753906,3857285
2012-07-31,70.51875305175781,71.53125,69.07499694824219,70.66874694824219,31.143535614013672,2405842
2012-08-01,70.6500015258789,75.73124694824219,70.51875305175781,74.85000610351562,32.98619842529297,12751693
2012-08-02,74.92500305175781,76.78125,74.64375305175781,76.55624389648438,33.73814010620117,5702181
2012-08-03,76.5,76.875,73.1624984741211,73.51875305175781,32.3995246887207,4156746
2012-08-06,76.5,77.9625015258789,74.13749694824219,77.66250610351562,34.22566223144531,6245754
2012-08-07,77.6624984741211,79.0687484741211,77.4375,78.20625305175781,34.46529006958008,4298925
2012-08-08,78.44999694824219,80.0250015258789,77.53125,78.28125,34.49834060668945,6336786
2012-08-09,80.92500305175781,80.92500305175781,78.30000305175781,78.88125610351562,34.76275634765625,4413202
2012-08-10,78.375,79.98750305175781,77.8499984741211,78.84375,34.74623489379883,5461327
2012-08-13,78.6187515258789,79.6312484741211,77.71875,79.03125,34.828861236572266,2499962
2012-08-14,79.125,80.0250015258789,78.375,79.59375,35.076751708984375,4022303
2012-08-16,79.85624694824219,80.7750015258789,78.16874694824219,78.46875,34.58097839355469,5966133
2012-08-17,79.10624694824219,80.53125,78.5999984741211,79.36874389648438,34.977596282958984,4432018
2012-08-21,79.10624694824219,79.6500015258789,77.92500305175781,78.86250305175781,34.754493713378906,2542498
2012-08-22,78.07499694824219,79.875,78.07499694824219,78.43124389648438,34.56443405151367,3033485
2012-08-23,79.14375305175781,79.1624984741211,77.0250015258789,78.0,34.3743896484375,2460661
2012-08-24,76.98750305175781,77.625,75.5625,76.01249694824219,33.498504638671875,1901869
2012-08-27,76.10624694824219,76.80000305175781,74.15625,74.49374389648438,32.829185485839844,2913858
2012-08-28,74.36250305175781,74.5875015258789,71.625,72.73124694824219,32.052467346191406,4091871
2012-08-29,72.75,73.70625305175781,70.98750305175781,71.38125610351562,31.457530975341797,5023474
2012-08-30,71.55000305175781,71.55000305175781,67.89375305175781,69.73124694824219,30.73038101196289,7985735
2012-08-31,69.375,71.51249694824219,68.53125,70.76249694824219,31.184843063354492,5137991
2012-09-03,71.0625,72.3375015258789,69.01875305175781,69.31875610351562,30.54859161376953,4130885
2012-09-04,69.26249694824219,72.1875,68.23124694824219,71.88749694824219,32.11496353149414,3796495
2012-09-05,71.625,72.0374984741211,68.08125305175781,68.30624389648438,30.51508331298828,5146791
2012-09-06,68.625,69.2437515258789,67.38749694824219,68.0625,30.406190872192383,6088277
2012-09-07,68.8687515258789,70.19999694824219,68.8687515258789,69.88125610351562,31.21869468688965,3084658
2012-09-10,70.5,71.625,69.5999984741211,71.32499694824219,31.86367416381836,3361650
2012-09-11,70.4437484741211,71.79374694824219,70.4437484741211,71.19375610351562,31.80504608154297,2999322
2012-09-12,71.64375305175781,71.7750015258789,69.7874984741211,70.36874389648438,31.43647575378418,2542138
2012-09-13,70.38749694824219,71.51249694824219,69.375,69.9375,31.24382972717285,3011650
2012-09-14,70.5,73.98750305175781,70.5,73.57499694824219,32.868839263916016,5652181
2012-09-17,75.5625,79.1624984741211,74.60624694824219,78.11250305175781,34.89592361450195,9395386
2012-09-18,78.75,83.25,78.73124694824219,82.44375610351562,36.83085632324219,12176101
2012-09-20,81.75,82.96875,79.96875,81.16874694824219,36.261268615722656,11283895
2012-09-21,82.01249694824219,85.5,81.2437515258789,82.21875,36.73033905029297,12220301
2012-09-24,83.25,88.10624694824219,82.85624694824219,86.56875610351562,38.67366027832031,13825914
2012-09-25,88.19999694824219,89.2874984741211,83.4937515258789,84.13125610351562,37.58473205566406,15114693
2012-09-26,84.11250305175781,84.9937515258789,81.01875305175781,81.41250610351562,36.37015914916992,9988277
2012-09-27,81.375,82.96875,80.4000015258789,81.28125,36.3115234375,7314669
2012-09-28,82.125,83.9625015258789,81.39375305175781,81.84375,36.56281280517578,5784807
2012-10-01,81.9375,82.2750015258789,79.875,80.38125610351562,35.909454345703125,4140293
2012-10-03,80.3812484741211,84.54374694824219,80.25,84.11250305175781,37.57635498046875,8643490
2012-10-04,82.29374694824219,85.14375305175781,82.29374694824219,83.08125305175781,37.11565399169922,5688447
2012-10-05,83.25,86.3062515258789,81.1312484741211,85.44375610351562,38.171077728271484,7868170
2012-10-08,86.25,86.7750015258789,82.7437515258789,83.0625,37.107276916503906,8552373
2012-10-09,83.625,86.4000015258789,83.625,85.94999694824219,38.39724349975586,8743442
2012-10-10,81.9375,85.76249694824219,81.9375,83.90625,37.48421096801758,8261335
2012-10-11,84.0,86.1937484741211,82.76249694824219,85.80000305175781,38.330230712890625,6742055
2012-10-12,85.875,87.1875,84.4312515258789,85.2750015258789,38.09568405151367,7439186
2012-10-15,85.33125305175781,85.33125305175781,82.875,83.26875305175781,37.19941711425781,4125218
2012-10-16,83.64375305175781,84.9000015258789,81.0,81.52499389648438,36.420413970947266,5172794
2012-10-17,82.125,82.94999694824219,78.91874694824219,79.70625305175781,35.607913970947266,9222679
2012-10-18,79.7249984741211,81.54374694824219,79.6312484741211,81.0,36.18587112426758,4284610
2012-10-19,80.7562484741211,81.8812484741211,79.1624984741211,81.41250610351562,36.37015914916992,4957117
2012-10-22,81.26249694824219,81.84375,79.96875,81.52499389648438,36.420413970947266,3508167
2012-10-23,81.6187515258789,82.4625015258789,80.625,81.20625305175781,36.278018951416016,4145170
2012-10-25,81.0,82.125,80.4000015258789,81.03750610351562,36.202632904052734,6054949
2012-10-29,78.9937515258789,80.55000305175781,77.3062515258789,80.15625,35.80894088745117,5428277
2012-10-30,80.25,81.09375,77.0999984741211,78.13125610351562,34.904300689697266,3770711
2012-10-31,78.16874694824219,80.9625015258789,77.4937515258789,80.75625610351562,36.076988220214844,4215231
2012-11-01,81.0,82.5,80.51249694824219,82.16250610351562,36.70521545410156,6486354
2012-11-02,83.4375,84.0562515258789,82.29374694824219,82.6312484741211,36.91461944580078,6939751
2012-11-05,83.625,85.05000305175781,81.54374694824219,82.40625,36.81410598754883,6768607
2012-11-06,82.59375,83.2125015258789,81.07499694824219,81.84375,36.56281280517578,5832247
2012-11-07,82.125,83.7750015258789,81.48750305175781,83.04374694824219,37.09891128540039,3574381
2012-11-08,82.0875015258789,83.90625,81.39375305175781,83.23124694824219,37.18265914916992,3562119
2012-11-09,83.23124694824219,84.07499694824219,81.5625,81.97500610351562,36.62145233154297,4582042
2012-11-12,81.75,86.0625,81.5625,85.61250305175781,38.2464714050293,7622653
2012-11-15,84.30000305175781,85.80000305175781,82.89375305175781,85.08749389648438,38.01191329956055,6332927
2012-11-16,85.10624694824219,86.4375,83.71875,84.2437515258789,37.63499450683594,5566815
2012-11-19,84.5625,84.67500305175781,80.6624984741211,80.94375610351562,36.16075134277344,3859375
2012-11-20,81.9375,81.9749984741211,79.875,80.4937515258789,35.959720611572266,3043927
2012-11-21,80.625,82.3687515258789,80.36250305175781,81.73124694824219,36.512550354003906,3087031
2012-11-22,81.20625305175781,84.0,81.20625305175781,83.73750305175781,37.40883255004883,4182735
2012-11-23,84.1875,84.2249984741211,82.1624984741211,82.9124984741211,37.04026794433594,2729301
2012-11-26,83.4749984741211,83.4749984741211,81.5999984741211,82.16250610351562,36.70521545410156,2406967
2012-11-27,82.5,83.0625,81.75,82.3499984741211,36.788978576660156,3940717
2012-11-29,82.7437515258789,86.25,82.57499694824219,85.89375305175781,38.37210464477539,7470455
2012-11-30,86.36250305175781,87.7125015258789,85.33125305175781,86.4937515258789,38.64015197753906,6241319
2012-12-03,86.625,88.7249984741211,85.3499984741211,87.84375,39.243247985839844,4532071
2012-12-04,88.01249694824219,89.15625,87.1875,87.82499694824219,39.23486328125,3983311
2012-12-05,88.57499694824219,88.7249984741211,87.11250305175781,87.48750305175781,39.084102630615234,2915007
2012-12-06,88.01249694824219,90.7874984741211,87.9000015258789,90.3187484741211,40.34893798828125,6416167
2012-12-07,90.95625305175781,91.66874694824219,88.5374984741211,89.25,39.87147521972656,5152935
2012-12-10,90.0,90.0,87.9937515258789,89.41874694824219,39.94685745239258,3844901
2012-12-11,90.0,90.48750305175781,87.4124984741211,88.98750305175781,39.754207611083984,4099143
2012-12-12,89.26875305175781,89.45625305175781,86.8499984741211,87.16874694824219,38.94170379638672,4960309
2012-12-13,86.13749694824219,88.3125,85.6312484741211,86.28750610351562,38.54800796508789,2841223
2012-12-14,86.0062484741211,87.0,84.73124694824219,85.8375015258789,38.34697341918945,3626874
2012-12-17,85.8375015258789,88.0687484741211,85.38749694824219,87.58125305175781,39.1259880065918,4165661
2012-12-18,87.86250305175781,92.90625,87.3375015258789,92.17500305175781,41.178184509277344,8047231
2012-12-19,91.125,93.4124984741211,91.125,93.0374984741211,41.563507080078125,5419607
2012-12-20,93.30000305175781,93.9000015258789,91.23750305175781,92.83125305175781,41.47136688232422,3428922
2012-12-21,91.6500015258789,93.16874694824219,90.11250305175781,91.0687484741211,40.683982849121094,4384415
2012-12-24,91.125,92.53125,90.0,92.0250015258789,41.11117172241211,1579666
2012-12-26,92.25,92.5875015258789,90.9000015258789,91.4625015258789,40.859886169433594,1702685
2012-12-27,91.6875,93.375,88.9312515258789,89.6624984741211,40.055755615234375,5484421
2012-12-28,90.26249694824219,91.5,89.8125,90.76875305175781,40.549957275390625,2245629
2012-12-31,90.54374694824219,92.34375,90.5062484741211,91.94999694824219,41.07767868041992,1614663
2013-01-01,92.6812515258789,94.6500015258789,92.13749694824219,93.9749984741211,41.9823112487793,2780951
2013-01-02,94.5,96.5625,94.5,96.1875,42.97072982788086,4896901
2013-01-03,96.3375015258789,99.9000015258789,96.1875,99.54374694824219,44.47010040283203,7227021
2013-01-04,99.9000015258789,100.5,97.89375305175781,99.76875305175781,44.57061004638672,3661669
2013-01-07,97.5374984741211,99.82499694824219,96.84375,97.10624694824219,43.38117980957031,2156215
2013-01-08,96.82499694824219,97.0875015258789,94.96875,96.58125305175781,43.146629333496094,1633421
2013-01-09,96.8062515258789,98.60624694824219,95.7750015258789,96.14999389648438,42.953975677490234,2467917
2013-01-10,96.9375,97.7249984741211,94.6875,96.28125,43.01261901855469,2591965
2013-01-11,96.75,96.75,93.9000015258789,94.48124694824219,42.20847702026367,1691477
2013-01-14,94.125,95.2125015258789,92.98124694824219,94.0875015258789,42.03258514404297,4390375
2013-01-15,94.21875,96.44999694824219,93.3187484741211,93.97500610351562,41.98231887817383,4787871
2013-01-16,94.05000305175781,95.53125,92.13749694824219,92.9625015258789,41.52999496459961,4828431
2013-01-17,93.375,94.2750015258789,92.0062484741211,93.2249984741211,41.64725875854492,3754722
2013-01-18,93.0,95.55000305175781,92.2874984741211,94.0687484741211,42.024200439453125,4128295
2013-01-21,94.125,95.92500305175781,93.75,95.0062484741211,42.44302749633789,2953431
2013-01-22,95.34375,95.64375305175781,90.44999694824219,90.7874984741211,40.5583381652832,5361933
2013-01-23,91.14375305175781,91.8187484741211,86.45625305175781,87.8062515258789,39.226497650146484,6139061
2013-01-24,88.125,88.125,84.54374694824219,85.3499984741211,38.12919616699219,4671623
2013-01-25,84.73124694824219,90.86250305175781,84.73124694824219,90.30000305175781,40.34054946899414,4339741
2013-01-28,88.8187484741211,91.3125,88.8187484741211,90.8062515258789,40.56671142578125,2532818
2013-01-29,91.125,92.13749694824219,88.61250305175781,89.41874694824219,39.94685745239258,3649959
2013-01-30,89.88749694824219,90.35624694824219,88.2750015258789,88.96875,39.7458381652832,3034962
2013-01-31,88.8375015258789,91.10624694824219,88.3499984741211,90.54374694824219,40.44943618774414,5453261
2013-02-01,90.9749984741211,91.38749694824219,88.1624984741211,88.70625305175781,39.628562927246094,3110866
2013-02-04,89.4000015258789,93.6937484741211,88.2750015258789,93.07499694824219,41.58025360107422,9406050
2013-02-05,93.82499694824219,95.4937515258789,91.3499984741211,93.30000305175781,41.68077087402344,10946855
2013-02-06,91.9124984741211,96.30000305175781,91.875,95.00625610351562,42.44302749633789,9437431
2013-02-07,95.0062484741211,95.71875,93.375,94.3687515258789,42.15822219848633,6367303
2013-02-08,93.30000305175781,93.5999984741211,90.73124694824219,91.05000305175781,41.796730041503906,4078125
2013-02-11,91.10624694824219,91.7437515258789,89.71875,90.5999984741211,41.59014129638672,3842109
2013-02-12,90.6187515258789,91.6500015258789,89.73750305175781,91.0875015258789,41.81393814086914,3491565
2013-02-13,91.33125305175781,92.4937515258789,90.0374984741211,90.28125,41.44381332397461,3426125
2013-02-14,90.5625,90.5625,87.4312515258789,87.76875305175781,40.29045104980469,2562517
2013-02-15,87.7874984741211,89.0625,85.89375305175781,88.51875305175781,40.63474655151367,2741538
2013-02-18,88.875,89.88749694824219,87.9937515258789,88.3499984741211,40.557273864746094,1976250
2013-02-19,88.76249694824219,91.1812515258789,87.54374694824219,90.4312515258789,41.51268005371094,2957589
2013-02-20,90.73124694824219,92.25,90.3187484741211,91.29374694824219,41.90861129760742,6608090
2013-02-21,91.2750015258789,92.7750015258789,89.8499984741211,90.44999694824219,41.52128219604492,9434415
2013-02-22,90.2249984741211,91.1624984741211,88.5,90.07499694824219,41.34914016723633,3843221
2013-02-25,90.76875305175781,92.25,89.53125,91.5562515258789,42.029117584228516,3036029
2013-02-26,91.01249694824219,91.5562515258789,89.25,89.6812515258789,41.168399810791016,2816730
2013-02-27,90.0,91.05000305175781,88.125,90.4312515258789,41.51268005371094,4752511
2013-02-28,91.4625015258789,91.6875,84.8062515258789,85.57499694824219,39.28341293334961,4273914
2013-03-01,86.34375,86.34375,79.57499694824219,80.0999984741211,36.77009582519531,9498797
2013-03-04,79.80000305175781,81.5250015258789,78.4124984741211,80.8499984741211,37.1143913269043,5260309
2013-03-05,80.64375305175781,85.5,80.64375305175781,84.54374694824219,38.81000900268555,4783879
2013-03-06,85.33125305175781,89.0250015258789,84.82499694824219,88.59375,40.66917037963867,5431181
2013-03-07,87.63749694824219,89.60624694824219,87.63749694824219,89.25,40.970428466796875,6945711
2013-03-08,89.55000305175781,90.6937484741211,86.88749694824219,87.30000305175781,40.075279235839844,11178402
2013-03-11,87.46875,88.6312484741211,86.4375,87.0,39.93756103515625,5387207
2013-03-12,87.9937515258789,87.9937515258789,83.71875,84.95625305175781,38.999359130859375,5475231
2013-03-13,84.1875,84.35624694824219,80.4000015258789,80.69999694824219,37.04552459716797,7731482
2013-03-14,81.6937484741211,83.98124694824219,79.5562515258789,83.6624984741211,38.40547180175781,10991799
2013-03-15,84.375,85.23750305175781,82.7437515258789,83.15625,38.17307662963867,7191413
2013-03-18,82.10624694824219,82.4625015258789,80.0250015258789,80.9437484741211,37.15742492675781,5246826
2013-03-19,81.375,82.1624984741211,76.76249694824219,77.3062515258789,35.48762130737305,7799287
2013-03-20,76.875,78.1312484741211,75.2437515258789,75.9937515258789,34.88511276245117,9146551
2013-03-21,77.4937515258789,78.5062484741211,73.14375305175781,73.48124694824219,33.731746673583984,6904269
2013-03-22,74.0250015258789,76.29374694824219,73.29374694824219,75.28125,34.55803680419922,7084021
2013-03-25,75.7125015258789,77.79374694824219,72.5625,73.29374694824219,33.64566421508789,7684943
2013-03-26,73.29374694824219,78.7125015258789,73.05000305175781,75.9000015258789,34.842079162597656,13234079
2013-03-28,75.9000015258789,79.875,74.4937515258789,78.16874694824219,35.883548736572266,7388127
2013-04-01,79.5,80.13749694824219,78.09375,79.5,36.494667053222656,2444709
2013-04-02,79.6875,80.5875015258789,77.90625,80.04374694824219,36.744266510009766,6640333
2013-04-03,80.04374694824219,81.67500305175781,76.29374694824219,77.17500305175781,35.4273681640625,7786799
2013-04-04,76.5,78.63749694824219,74.73750305175781,78.1500015258789,35.87495040893555,7935738
2013-04-05,77.25,79.6500015258789,77.23124694824219,79.21875,36.365562438964844,3619490
2013-04-08,78.9749984741211,80.25,78.75,79.48124694824219,36.48605728149414,2890861
2013-04-09,80.1187515258789,81.2249984741211,79.6875,80.60624694824219,37.00249099731445,5931327
2013-04-10,80.8687515258789,81.9375,78.65625,80.98124694824219,37.17463302612305,5556298
2013-04-11,81.375,81.75,79.3125,79.875,36.66680145263672,2614853
2013-04-12,79.125,82.6875,79.05000305175781,81.82499694824219,37.56195831298828,4098157
2013-04-15,81.75,84.0,80.51249694824219,82.5562515258789,37.89765167236328,6297866
2013-04-16,82.5,84.95625305175781,82.3125,84.58125305175781,38.82722473144531,2739090
2013-04-17,84.75,85.6875,81.63749694824219,82.03125,37.65664291381836,3960423
2013-04-18,81.75,82.2562484741211,79.6312484741211,81.88125610351562,37.58778762817383,8294338
2013-04-22,81.75,83.88749694824219,79.7437515258789,81.09375,37.226287841796875,6503925
2013-04-23,80.9625015258789,82.94999694824219,80.3812484741211,82.38749694824219,37.82017517089844,2857479
2013-04-25,82.38749694824219,84.4312515258789,82.2562484741211,84.1875,38.64647674560547,3776215
2013-04-26,83.7750015258789,84.375,81.09375,81.58125305175781,37.4500732421875,1683719
2013-04-29,81.75,84.0,80.71875,83.8125,38.474327087402344,1914511
2013-04-30,84.2437515258789,85.125,82.5374984741211,84.1500015258789,38.62925720214844,4358239
2013-05-02,83.90625,85.0875015258789,83.4375,84.5625,38.81861877441406,3611143
2013-05-03,84.5999984741211,84.73124694824219,81.4124984741211,81.73124694824219,37.5189208984375,2542474
2013-05-06,81.82499694824219,84.16874694824219,81.09375,83.85000610351562,38.49155044555664,2716765
2013-05-07,83.1187515258789,87.9375,83.1187515258789,87.4124984741211,40.12691879272461,3172375
2013-05-08,87.375,88.4437484741211,85.80000305175781,86.45625305175781,39.687950134277344,4493087
2013-05-09,85.98750305175781,89.1187515258789,85.05000305175781,87.07499694824219,39.971988677978516,4151823
2013-05-10,87.375,88.0687484741211,85.7437515258789,87.3375015258789,40.09247970581055,2027127
2013-05-13,87.11250305175781,87.1875,83.55000305175781,84.1312484741211,38.62065124511719,2643047
2013-05-14,84.01875305175781,85.23750305175781,83.0250015258789,84.1500015258789,38.62925720214844,2217802
2013-05-15,84.5062484741211,88.85624694824219,84.5062484741211,88.03125,40.41096115112305,2904959
2013-05-16,87.95625305175781,90.3375015258789,86.8125,89.2874984741211,40.98763656616211,4240895
2013-05-17,89.25,91.8375015258789,89.25,90.9749984741211,41.762290954589844,5332829
2013-05-20,91.5374984741211,92.0625,89.13749694824219,89.66250610351562,41.159786224365234,1812351
2013-05-21,89.53125,90.9375,88.125,88.6500015258789,40.694984436035156,2156522
2013-05-22,88.8375015258789,89.13749694824219,87.20625305175781,88.5374984741211,40.64335632324219,2078917
2013-05-23,88.19999694824219,88.19999694824219,82.78125,84.54374694824219,38.81000900268555,3094693
2013-05-24,84.375,86.08125305175781,83.90625,85.40625,39.205936431884766,1939829
2013-05-27,84.84375,88.125,84.46875,87.3187484741211,40.083885192871094,1448210
2013-05-28,87.75,89.0625,85.98750305175781,86.51249694824219,39.713768005371094,3297333
2013-05-29,87.1312484741211,88.4625015258789,85.33125305175781,88.16250610351562,40.471214294433594,3473077
2013-05-30,87.375,88.5,85.875,86.51249694824219,39.713768005371094,3149002
2013-05-31,86.25,86.8125,82.40625,82.91250610351562,38.06119155883789,3207175
2013-06-03,82.9124984741211,83.45625305175781,81.375,82.96875,38.087005615234375,2161535
2013-06-04,83.13749694824219,85.0875015258789,82.78125,83.3062515258789,38.24193572998047,4023575
2013-06-05,82.875,83.9437484741211,81.84375,82.33125305175781,37.79435729980469,2214293
2013-06-06,81.5999984741211,82.23750305175781,80.32499694824219,81.35624694824219,37.34677505493164,3707551
2013-06-07,81.09375,83.4375,80.69999694824219,82.51875305175781,37.88043212890625,3779077
2013-06-10,83.0625,84.0,82.1624984741211,83.4375,38.302181243896484,3246831
2013-06-11,82.5,83.53125,79.875,80.2874984741211,36.85616683959961,3701157
2013-06-12,79.21875,80.0625,76.4437484741211,77.51249694824219,35.58230209350586,5593805
2013-06-13,76.5,76.5,73.125,73.3687515258789,33.68010330200195,6250501
2013-06-14,74.7750015258789,76.05000305175781,73.94999694824219,75.35624694824219,34.59246063232422,5024930
2013-06-17,75.0,75.8812484741211,74.08125305175781,75.375,34.601070404052734,2881573
2013-06-18,75.1875,77.6624984741211,74.73750305175781,76.85624694824219,35.281036376953125,3980375
2013-06-19,76.5374984741211,78.7125015258789,76.3499984741211,78.1500015258789,35.87495040893555,3447951
2013-06-20,77.625,77.625,73.875,74.2874984741211,34.101844787597656,3282925
2013-06-21,73.51875305175781,74.3812484741211,69.73124694824219,71.4937515258789,32.81937789916992,5966463
2013-06-24,71.4375,72.1875,68.73750305175781,69.24374389648438,31.786500930786133,3151794
2013-06-25,69.7125015258789,72.2437515258789,68.55000305175781,71.53125,32.83658981323242,4387250
2013-06-26,72.67500305175781,72.67500305175781,68.69999694824219,68.96249389648438,31.657398223876953,5308306
2013-06-27,70.76249694824219,72.9375,70.33125305175781,72.26249694824219,33.17226791381836,5862287
2013-06-28,72.44999694824219,75.5999984741211,72.44999694824219,75.28125,34.55803680419922,5811325
2013-07-01,75.375,77.73750305175781,75.1500015258789,77.23124694824219,35.45317459106445,3009511
2013-07-02,76.875,79.5,76.875,78.5062484741211,36.03847885131836,4909431
2013-07-03,77.55000305175781,77.55000305175781,73.21875,74.30624389648438,34.1104621887207,4178951
2013-07-04,74.32499694824219,74.625,69.75,73.59375,33.783390045166016,6346935
2013-07-05,74.26875305175781,75.75,73.5374984741211,74.25,34.08464050292969,2814415
2013-07-08,73.5,74.53125,71.71875,73.6312484741211,33.80060958862305,2699951
2013-07-09,73.80000305175781,76.61250305175781,73.80000305175781,75.95625305175781,34.867897033691406,2658122
2013-07-10,76.38749694824219,77.0625,74.6624984741211,75.41250610351562,34.61829376220703,2840375
2013-07-11,76.1624984741211,77.73750305175781,74.0625,74.60624694824219,34.248172760009766,8231786
2013-07-12,75.0374984741211,76.61250305175781,74.2874984741211,76.14375305175781,34.95397186279297,2775927
2013-07-15,76.125,77.625,75.2249984741211,77.26875305175781,35.47040939331055,2792295
2013-07-16,75.375,75.44999694824219,73.03125,73.6875,33.8264274597168,2852837
2013-07-17,73.7249984741211,74.71875,71.32499694824219,72.76875305175781,33.404666900634766,3384247
2013-07-18,73.125,73.875,70.5374984741211,73.01249694824219,33.516563415527344,3457917
2013-07-19,73.125,73.80000305175781,71.7750015258789,72.0562515258789,33.077598571777344,3889154
2013-07-22,72.0562515258789,73.4437484741211,71.3062515258789,72.52499389648438,33.29277420043945,2072261
2013-07-23,73.125,74.0250015258789,71.5687484741211,73.7437515258789,33.85224914550781,3544269
2013-07-24,72.91874694824219,72.91874694824219,68.32499694824219,68.88749694824219,31.622970581054688,4565106
2013-07-25,68.25,68.88749694824219,62.474998474121094,65.96249389648438,30.280248641967773,15041541
2013-07-26,67.10624694824219,67.4437484741211,62.53125,63.48749923706055,29.144084930419922,7160799
2013-07-29,63.375,63.375,60.787498474121094,61.89374923706055,28.412471771240234,5021250
2013-07-30,62.15625,62.212501525878906,60.45000076293945,61.06875228881836,28.03375816345215,3308074
2013-07-31,60.712501525878906,60.75,56.849998474121094,59.4375,27.284923553466797,5507837
2013-08-01,59.625,61.125,56.0625,56.75625228881836,26.054094314575195,6926261
2013-08-02,56.25,57.67499923706055,54.82500076293945,56.64374923706055,26.0024471282959,3668543
2013-08-05,56.88750076293945,60.337501525878906,54.787498474121094,59.64374923706055,27.379602432250977,5932919
2013-08-06,58.875,59.41875076293945,55.95000076293945,56.68124771118164,26.01966094970703,4763055
2013-08-07,56.662498474121094,60.525001525878906,55.51874923706055,59.66250228881836,27.388214111328125,4256479
2013-08-08,60.0,61.743751525878906,58.537498474121094,60.337501525878906,27.698076248168945,5150210
2013-08-12,61.724998474121094,63.86249923706055,60.618751525878906,63.431251525878906,29.118274688720703,5293589
2013-08-13,63.26250076293945,65.9437484741211,62.26874923706055,65.60624694824219,30.1167049407959,5498063
2013-08-14,65.9437484741211,67.6312484741211,65.1187515258789,66.75,30.641746520996094,4279159
2013-08-16,65.5875015258789,65.625,63.75,64.76249694824219,29.72938346862793,6625090
2013-08-19,63.5625,65.17500305175781,62.662498474121094,64.64999389648438,29.677738189697266,3763431
2013-08-20,63.75,66.0,60.09375,65.64375305175781,30.133926391601562,12298797
2013-08-21,66.82499694824219,68.69999694824219,64.5562515258789,65.3062515258789,29.978988647460938,6729173
2013-08-22,64.21875,68.0625,64.21875,67.3687515258789,30.9257869720459,5023959
2013-08-23,67.70625305175781,71.41874694824219,67.38749694824219,70.72500610351562,32.466487884521484,5379946
2013-08-26,71.34375,71.83125305175781,68.8499984741211,70.125,32.19104766845703,4678570
2013-08-27,69.11250305175781,71.5875015258789,63.46875,64.25625610351562,29.496990203857422,5188173
2013-08-28,61.89374923706055,65.5687484741211,60.224998474121094,64.3687515258789,29.809587478637695,4110325
2013-08-29,64.33125305175781,65.2125015258789,61.5,62.45624923706055,28.923891067504883,8430535
2013-08-30,62.4375,63.787498474121094,60.525001525878906,63.31875228881836,29.323318481445312,9113559
2013-09-02,64.125,65.5875015258789,64.05000305175781,64.875,30.04403305053711,2966938
2013-09-03,65.51249694824219,65.51249694824219,60.412498474121094,61.76250076293945,28.602611541748047,5492461
2013-09-04,61.89374923706055,66.35624694824219,61.162498474121094,65.73750305175781,30.443462371826172,5040925
2013-09-05,67.1624984741211,69.0374984741211,66.46875,67.91250610351562,31.450719833374023,3761802
2013-09-06,68.0625,70.3499984741211,66.375,69.375,32.12800979614258,4576199
2013-09-10,69.75,72.48750305175781,69.375,72.26249694824219,33.46522903442383,4552178
2013-09-11,71.0999984741211,73.875,71.0999984741211,73.57499694824219,34.073055267333984,4008885
2013-09-12,73.59375,74.5875015258789,70.19999694824219,71.6812515258789,33.19605255126953,5240927
2013-09-13,71.92500305175781,74.9625015258789,70.89375305175781,74.2874984741211,34.40300750732422,5045714
2013-09-16,75.30000305175781,75.6187515258789,71.32499694824219,73.19999694824219,33.89938735961914,4275821
2013-09-17,72.5999984741211,74.55000305175781,71.9437484741211,73.5374984741211,34.05569076538086,2131799
2013-09-18,73.19999694824219,73.57499694824219,71.92500305175781,72.95625305175781,33.78651428222656,2332442
2013-09-19,74.625,76.8375015258789,74.53125,76.08749389648438,35.23661422729492,4363215
2013-09-20,75.9749984741211,76.7249984741211,72.07499694824219,76.23750305175781,35.30607604980469,5952343
2013-09-23,73.5,76.05000305175781,73.1624984741211,74.625,34.55931854248047,6455234
2013-09-24,74.60624694824219,75.1312484741211,73.59375,74.625,34.55931854248047,6782975
2013-09-25,74.32499694824219,75.4124984741211,70.875,74.83125305175781,34.65483856201172,7421719
2013-09-26,74.83125305175781,74.88749694824219,72.9749984741211,73.23750305175781,33.916751861572266,3245175
2013-09-27,73.3125,73.70625305175781,70.7249984741211,73.0875015258789,33.84728240966797,5904103
2013-09-30,71.625,72.3375015258789,69.5062484741211,70.51875305175781,32.65768051147461,4268522
2013-10-01,70.5,72.0374984741211,69.11250305175781,71.64375305175781,33.178680419921875,7460957
2013-10-03,72.0,73.05000305175781,71.625,72.39375305175781,33.52601623535156,2867477
2013-10-04,72.0374984741211,73.875,71.625,72.7125015258789,33.673622131347656,5969546
2013-10-07,72.7125015258789,72.76875305175781,70.96875,72.1500015258789,33.41313171386719,5193741
2013-10-08,72.75,73.6875,71.83125305175781,72.76875305175781,33.69968032836914,6253607
2013-10-09,72.0,73.875,71.8125,73.48124694824219,34.029640197753906,3868866
2013-10-10,73.6875,74.41874694824219,72.4124984741211,72.73124694824219,33.682308197021484,4270869
2013-10-11,73.14375305175781,73.4437484741211,71.8687515258789,72.46875,33.56074142456055,4380874
2013-10-14,72.375,72.9375,70.5,70.74374389648438,32.76188659667969,2796767
2013-10-15,70.9124984741211,72.0374984741211,70.2562484741211,71.4749984741211,33.100528717041016,4105957
2013-10-17,71.25,71.25,67.5374984741211,68.15625,31.563600540161133,4664367
2013-10-18,67.70625305175781,70.42500305175781,67.70625305175781,70.10624694824219,32.466651916503906,3037349
2013-10-21,69.5625,71.15625,69.16874694824219,70.74374389648438,32.76188659667969,2328439
2013-10-22,70.5,72.4124984741211,70.3125,71.69999694824219,33.20472717285156,3035813
2013-10-23,71.36250305175781,72.39375305175781,69.2437515258789,70.05000305175781,32.44060134887695,2712250
2013-10-24,69.75,71.51249694824219,69.75,70.21875,32.51875305175781,2543303
2013-10-25,70.19999694824219,70.19999694824219,67.98750305175781,69.80624389648438,32.32772445678711,2481445
2013-10-28,69.84375,70.70625305175781,68.1187515258789,68.6812515258789,31.806730270385742,2298154
2013-10-29,69.0,71.25,68.0999984741211,70.875,32.82267379760742,3888946
2013-10-30,71.4000015258789,72.35624694824219,69.67500305175781,71.69999694824219,33.20472717285156,5051197
2013-10-31,71.88749694824219,73.4437484741211,70.57499694824219,72.84375,33.734405517578125,5919077
2013-11-01,73.125,77.0625,72.375,76.3499984741211,35.358177185058594,6103682
2013-11-05,75.11250305175781,79.38749694824219,74.6624984741211,77.5687484741211,35.92259216308594,4828250
2013-11-06,77.625,78.9000015258789,76.21875,77.36250305175781,35.82706832885742,3596858
2013-11-07,77.25,79.19999694824219,75.9937515258789,76.40625,35.38423538208008,3176207
2013-11-08,76.125,78.84375,75.82499694824219,78.09375,36.16572189331055,3166154
2013-11-11,78.75,78.8812484741211,76.2750015258789,77.98124694824219,36.113616943359375,3414783
2013-11-12,78.0,81.6187515258789,78.0,79.10624694824219,36.63461685180664,5530181
2013-11-13,79.2750015258789,80.4749984741211,77.51249694824219,78.4124984741211,36.31333541870117,3663479
2013-11-14,79.1624984741211,82.03125,79.1624984741211,81.1312484741211,37.57239532470703,4281493
2013-11-18,81.9375,83.0062484741211,81.1875,81.84375,37.902366638183594,2996757
2013-11-19,81.84375,83.25,81.4312515258789,82.29374694824219,38.11076736450195,4889994
2013-11-20,81.75,82.5,79.38749694824219,79.6875,36.90378952026367,3291834
2013-11-21,79.80000305175781,79.80000305175781,77.4749984741211,78.58125305175781,36.39149475097656,3204653
2013-11-22,78.7874984741211,80.4749984741211,78.75,80.0250015258789,37.06009292602539,1692738
2013-11-25,81.3375015258789,82.98750305175781,80.4937515258789,82.40625,38.162864685058594,1721141
2013-11-26,82.48124694824219,83.25,81.5625,82.9312515258789,38.40599822998047,3747954
2013-11-27,81.75,83.625,81.75,83.13749694824219,38.50151062011719,2462375
2013-11-28,82.80000305175781,84.3187484741211,81.0374984741211,81.86250305175781,37.91106414794922,2734631
2013-11-29,82.5,85.5,82.48124694824219,85.06875610351562,39.39588928222656,3398861
2013-12-02,85.5,86.17500305175781,83.6624984741211,85.2562484741211,39.48271179199219,2939274
2013-12-03,85.125,86.9625015258789,84.3187484741211,85.6875,39.682437896728516,3288810
2013-12-04,85.6875,85.6875,82.59375,82.89375305175781,38.388633728027344,2908159
2013-12-05,84.30000305175781,86.4000015258789,84.0374984741211,84.46875,39.11802291870117,3975037
2013-12-06,84.1500015258789,84.54374694824219,82.66874694824219,83.0062484741211,38.440731048583984,3030906
2013-12-09,85.875,85.875,83.73750305175781,84.3375015258789,39.057247161865234,4529490
2013-12-10,84.3375015258789,85.2750015258789,82.38749694824219,83.41874694824219,38.63176345825195,4532781
2013-12-11,82.875,83.73750305175781,80.71875,81.58125305175781,37.780799865722656,2296045
2013-12-12,81.375,81.4124984741211,78.9937515258789,79.19999694824219,36.67803192138672,2387189
2013-12-13,78.75,78.91874694824219,75.9749984741211,76.2750015258789,35.32344436645508,2580293
2013-12-16,76.7249984741211,78.09375,75.2249984741211,76.875,35.60129928588867,4597210
2013-12-17,77.2874984741211,79.66874694824219,77.2874984741211,77.90625,36.078887939453125,5147570
2013-12-18,77.9437484741211,80.13749694824219,77.2874984741211,79.01249694824219,36.59120178222656,3784597
2013-12-19,79.125,79.8375015258789,76.40625,76.6875,35.51447296142578,2630517
2013-12-20,76.38749694824219,80.7562484741211,75.5250015258789,80.13749694824219,37.11219024658203,4542466
2013-12-23,80.36250305175781,81.9375,80.0999984741211,80.75625610351562,37.398738861083984,2867202
2013-12-24,80.625,81.1875,79.875,80.625,37.337955474853516,1608783
2013-12-26,80.45625305175781,82.3125,80.45625305175781,81.03750610351562,37.528995513916016,3189917
2013-12-27,81.4124984741211,82.2750015258789,81.1875,81.52499389648438,37.754756927490234,1480914
2013-12-30,81.5625,81.95625305175781,78.9375,79.4437484741211,36.79090881347656,2094733
2013-12-31,79.5,83.2125015258789,79.05000305175781,82.7249984741211,38.31048583984375,4167914
2014-01-01,83.25,83.25,81.76875305175781,82.1812515258789,38.05866241455078,1331421
2014-01-02,81.9375,83.71875,79.7249984741211,80.2874984741211,37.18165969848633,1916402
2014-01-03,79.875,80.41874694824219,77.83125305175781,79.4437484741211,36.79090881347656,2815277
2014-01-06,78.75,78.91874694824219,77.36250305175781,77.8687515258789,36.061519622802734,2466354
2014-01-07,77.6624984741211,78.75,75.9375,76.125,35.25397872924805,3103986
2014-01-08,76.5374984741211,80.04374694824219,76.5374984741211,78.48750305175781,36.34807205200195,6684463
2014-01-09,78.73124694824219,79.2562484741211,76.125,76.3125,35.34081268310547,3637986
2014-01-10,76.80000305175781,77.3812484741211,74.13749694824219,74.4749984741211,34.48984909057617,4640973
2014-01-13,74.625,76.70625305175781,74.625,76.38749694824219,35.37554168701172,1833319
2014-01-14,76.3499984741211,76.8375015258789,74.0625,74.39999389648438,34.455116271972656,2447746
2014-01-15,75.0,76.05000305175781,74.4375,75.26249694824219,34.85454559326172,4095743
2014-01-16,75.75,75.9000015258789,74.0625,74.36250305175781,34.4377555847168,2102671
2014-01-17,74.625,74.88749694824219,72.0562515258789,72.30000305175781,33.48259735107422,3661111
2014-01-20,72.09375,72.8812484741211,70.98750305175781,71.92500305175781,33.308937072753906,3025090
2014-01-21,72.0,72.86250305175781,71.1937484741211,71.51249694824219,33.117897033691406,4067375
2014-01-22,71.60624694824219,71.90625,69.84375,70.27499389648438,32.544795989990234,4786103
2014-01-23,70.05000305175781,70.94999694824219,69.5625,69.9000015258789,32.37113571166992,4554602
2014-01-24,69.3375015258789,69.5250015258789,67.1624984741211,67.40625,31.216266632080078,4352434
2014-01-27,66.6187515258789,66.6187515258789,63.037498474121094,63.28125,29.305957794189453,5828317
2014-01-28,63.5625,66.0,63.5625,64.875,30.04403305053711,8100301
2014-01-29,64.59375,65.8125,64.29374694824219,64.61250305175781,29.922470092773438,4682269
2014-01-30,63.91875076293945,65.23124694824219,62.4375,64.5562515258789,29.89641761779785,6866250
2014-01-31,64.9124984741211,67.8187484741211,64.7249984741211,67.40625,31.216266632080078,4901274
2014-02-03,67.125,67.5,65.625,67.125,31.086015701293945,5439290
2014-02-04,66.09375,68.04374694824219,66.0,67.125,31.086015701293945,3859234
2014-02-05,67.3125,70.66874694824219,67.1624984741211,70.25625610351562,32.53612518310547,8073218
2014-02-06,70.5,72.0,69.0,71.32499694824219,33.031070709228516,6560714
2014-02-07,72.0,72.1875,70.1624984741211,71.36250305175781,33.04843521118164,4508938
2014-02-10,71.5875015258789,72.26249694824219,70.57499694824219,71.23124694824219,32.987648010253906,3873887
2014-02-11,71.25,71.90625,69.9749984741211,71.2125015258789,32.978965759277344,5511410
2014-02-12,71.2125015258789,71.7562484741211,70.59375,71.34375,33.03975296020508,2906466
2014-02-13,71.8125,71.92500305175781,70.125,70.4625015258789,32.63163757324219,2144869
2014-02-14,70.6875,72.16874694824219,70.2562484741211,71.8125,33.2568359375,3789943
2014-02-17,73.125,73.125,70.7249984741211,71.9625015258789,33.3262939453125,3495223
2014-02-18,71.9625015258789,72.75,71.8125,72.4312515258789,33.54338073730469,2963103
2014-02-19,72.3187484741211,73.0875015258789,72.2249984741211,72.75,33.69099044799805,2821149
2014-02-20,69.75,70.2562484741211,68.69999694824219,69.16874694824219,33.36538314819336,3199925
2014-02-21,69.20625305175781,69.9375,68.625,69.1500015258789,33.35633850097656,2367391
2014-02-24,69.54374694824219,70.1812515258789,69.01875305175781,69.9937515258789,33.76335525512695,1466765
2014-02-25,69.9937515258789,70.48124694824219,68.9437484741211,69.4124984741211,33.48297119140625,1894455
2014-02-26,69.44999694824219,70.875,68.0250015258789,70.59375,34.052772521972656,4035685
2014-02-28,70.96875,73.05000305175781,70.38749694824219,72.5999984741211,35.020538330078125,5902063
2014-03-03,72.75,73.01249694824219,69.75,70.2750015258789,33.899017333984375,2259175
2014-03-04,70.42500305175781,72.3187484741211,69.9749984741211,71.5875015258789,34.532142639160156,2767983
2014-03-05,72.7125015258789,72.7125015258789,70.51875305175781,71.8499984741211,34.65875244140625,3360186
2014-03-06,72.35624694824219,75.375,72.0,75.03750610351562,36.19633483886719,7394858
2014-03-07,75.1875,77.92500305175781,75.0374984741211,77.19375610351562,37.23646545410156,6889031
2014-03-10,77.0062484741211,78.5250015258789,76.3125,77.60624694824219,37.4354362487793,4991690
2014-03-11,76.9312515258789,78.26249694824219,75.5250015258789,76.0687484741211,36.693790435791016,2148415
2014-03-12,76.125,77.55000305175781,75.1875,76.5562515258789,36.928951263427734,2606789
2014-03-13,77.73750305175781,80.5687484741211,77.2125015258789,78.54374694824219,37.88767623901367,5106354
2014-03-14,78.375,79.03125,77.26875305175781,78.35624694824219,37.79722213745117,5984933
2014-03-18,79.05000305175781,82.6875,78.82499694824219,81.58125305175781,39.3528938293457,6784167
2014-03-19,82.10624694824219,82.40625,78.91874694824219,79.23750305175781,38.22232437133789,4542935
2014-03-20,79.42500305175781,79.42500305175781,76.5562515258789,76.8375015258789,37.06461715698242,4542941
2014-03-21,77.5875015258789,78.67500305175781,77.2874984741211,77.6624984741211,37.46257019042969,3664002
2014-03-24,78.26249694824219,80.25,77.5687484741211,79.48124694824219,38.33989715576172,3958594
2014-03-25,79.6312484741211,82.5,79.5,82.0687484741211,39.58804702758789,7748573
2014-03-26,82.33125305175781,83.25,80.51249694824219,80.79374694824219,38.973018646240234,3744373
2014-03-27,81.26249694824219,83.0250015258789,80.0250015258789,80.79374694824219,38.973018646240234,5164039
2014-03-28,81.6937484741211,85.4625015258789,81.09375,84.8062515258789,40.90855407714844,6963442
2014-03-31,85.4625015258789,87.48750305175781,84.86250305175781,86.13749694824219,41.550716400146484,4873954
2014-04-01,86.2874984741211,86.45625305175781,83.45625305175781,84.44999694824219,40.73670959472656,3188327
2014-04-02,84.46875,89.4375,84.46875,89.1187515258789,42.98879623413086,5758941
2014-04-03,88.125,89.2125015258789,85.51875305175781,86.4000015258789,41.677345275878906,4202583
2014-04-04,85.57499694824219,87.0,83.625,85.55624389648438,41.27034378051758,14276162
2014-04-07,84.95625305175781,88.10624694824219,84.0,87.03750610351562,41.98486328125,4137111
2014-04-09,88.10624694824219,90.9000015258789,87.9000015258789,90.60000610351562,43.70332717895508,4982141
2014-04-10,90.75,91.875,88.48124694824219,90.9749984741211,43.88421630859375,4688661
2014-04-11,90.75,90.75,88.89375305175781,89.88749694824219,43.35962677001953,3609810
2014-04-15,90.82499694824219,92.5875015258789,88.5,90.52499389648438,43.667144775390625,6169047
2014-04-16,90.375,91.5,88.125,89.4749984741211,43.16064453125,5155173
2014-04-17,89.25,93.5062484741211,88.875,93.03750610351562,44.87911605834961,6553882
2014-04-21,93.48750305175781,94.6875,91.5,93.4312515258789,45.06904983520508,5162978
2014-04-22,93.5625,94.29374694824219,91.6500015258789,92.13749694824219,44.44497299194336,3140810
2014-04-23,92.32499694824219,94.66874694824219,90.01875305175781,91.53750610351562,44.155555725097656,7460162
2014-04-24,91.53750610351562,91.53750610351562,91.53750610351562,91.53750610351562,44.155555725097656,0
2014-04-25,90.75,93.6187515258789,90.375,90.9937515258789,43.89326095581055,4281642
2014-04-28,91.125,91.8187484741211,88.94999694824219,90.71249389648438,43.75758743286133,4146703
2014-04-29,91.3125,91.57499694824219,89.36250305175781,89.90625,43.36866760253906,2694903
2014-04-30,88.94999694824219,91.6500015258789,88.2750015258789,89.21249389648438,43.03401565551758,6070615
2014-05-02,89.51249694824219,91.61250305175781,89.3062515258789,89.86874389648438,43.3505859375,3060498
2014-05-05,89.625,92.79374694824219,88.76249694824219,91.98750305175781,44.37263488769531,2890309
2014-05-06,92.5875015258789,95.73750305175781,92.5875015258789,94.23750305175781,45.45797348022461,7134461
2014-05-07,94.59375,94.76249694824219,91.61250305175781,92.19375610351562,44.47210693359375,2686458
2014-05-08,92.625,93.82499694824219,90.16874694824219,91.35000610351562,44.06511306762695,3001631
2014-05-09,91.125,94.23750305175781,90.76875305175781,93.65625,45.17757797241211,6480930
2014-05-12,94.1624984741211,96.5250015258789,93.75,95.1187515258789,45.883056640625,6328581
2014-05-13,97.01249694824219,97.85624694824219,93.0,96.07499694824219,46.34433364868164,5187999
2014-05-14,96.01875305175781,101.98124694824219,94.4437484741211,100.78125,48.61451721191406,6285551
2014-05-15,102.0,103.4625015258789,100.5374984741211,102.11250305175781,49.256690979003906,8360570
2014-05-16,105.0,132.7312469482422,104.51249694824219,108.82499694824219,52.49462890625,19268509
2014-05-19,110.98124694824219,130.5749969482422,110.98124694824219,123.91874694824219,59.7755126953125,19741362
2014-05-20,125.8687515258789,127.42500305175781,116.8125,120.1312484741211,57.94850158691406,12393175
2014-05-21,120.75,125.4000015258789,117.1312484741211,122.71875,59.196659088134766,9966669
2014-05-22,123.82499694824219,128.4187469482422,121.5374984741211,125.17500305175781,60.38150405883789,8795141
2014-05-23,126.30000305175781,132.2624969482422,124.70625305175781,131.4187469482422,63.393333435058594,13869029
2014-05-26,132.61874389648438,142.72500610351562,124.61250305175781,129.2062530517578,62.32607650756836,12252682
2014-05-27,129.2062530517578,130.08749389648438,121.5374984741211,124.36874389648438,59.992576599121094,9646538
2014-05-28,124.125,131.1374969482422,122.2874984741211,128.75625610351562,62.109012603759766,15924637
2014-05-29,129.375,129.75,124.21875,126.20624542236328,60.87894821166992,11482546
2014-05-30,126.5625,127.23750305175781,119.3062515258789,119.88750457763672,57.830936431884766,10879154
2014-06-02,120.82499694824219,125.4375,120.5625,124.2562484741211,59.938297271728516,8067015
2014-06-03,124.94999694824219,125.36250305175781,120.91874694824219,122.90625,59.2870979309082,9579434
2014-06-04,121.70625305175781,125.13749694824219,121.5374984741211,122.90625,59.2870979309082,4931661
2014-06-05,123.48750305175781,127.0875015258789,121.7249984741211,126.4124984741211,60.97843933105469,10366522
2014-06-06,127.3125,133.46249389648438,127.3125,132.7312469482422,64.02645111083984,11106663
2014-06-09,133.93124389648438,142.6875,133.875,141.3562469482422,68.18695068359375,13273975
2014-06-10,141.75,141.99374389648438,135.0187530517578,138.6374969482422,66.87548828125,6875327
2014-06-11,138.75,139.875,132.0187530517578,133.3312530517578,64.31587982177734,7375442
2014-06-12,133.5,137.47500610351562,131.3625030517578,132.8625030517578,64.08976745605469,6151570
2014-06-13,133.3874969482422,135.0,125.17500305175781,126.82500457763672,61.17741394042969,6158213
2014-06-16,126.75,130.3874969482422,125.1187515258789,128.5124969482422,61.99142074584961,6968701
2014-06-17,129.1125030517578,131.39999389648438,125.0999984741211,130.1999969482422,62.80543518066406,5657122
2014-06-18,130.8562469482422,135.33749389648438,127.5562515258789,131.28750610351562,63.330039978027344,7607058
2014-06-19,132.41250610351562,132.7312469482422,126.16874694824219,127.0687484741211,61.29500198364258,4609741
2014-06-20,128.21249389648438,130.46249389648438,126.63749694824219,128.9812469482422,62.21753692626953,5883479
2014-06-23,129.375,132.0,128.28750610351562,128.90625,62.18135452270508,4125959
2014-06-24,130.5,133.2375030517578,129.375,132.1875,63.76416778564453,5114562
2014-06-25,133.1437530517578,138.71249389648438,133.1437530517578,138.1125030517578,66.62223815917969,8127677
2014-06-26,138.50625610351562,139.35000610351562,133.3125,133.8562469482422,64.56914520263672,4689423
2014-06-27,134.21249389648438,135.6750030517578,131.25,132.9375,64.12594604492188,4510053
2014-06-30,133.6125030517578,137.1750030517578,133.53750610351562,134.7375030517578,64.99422454833984,4195381
2014-07-01,135.4499969482422,136.83749389648438,132.3562469482422,133.64999389648438,64.46963500976562,2380554
2014-07-02,134.85000610351562,139.5,134.85000610351562,138.7312469482422,66.92071533203125,7043634
2014-07-03,139.59375,142.40625,137.6999969482422,138.50625610351562,66.81218719482422,7558469
2014-07-04,139.8562469482422,141.5625,136.6125030517578,140.53125,67.78898620605469,5646743
2014-07-07,140.94375610351562,143.77499389648438,140.625,142.8000030517578,68.88338470458984,6494959
2014-07-08,143.25,143.49374389648438,130.6875,133.35000610351562,64.32493591308594,10790933
2014-07-09,133.35000610351562,135.1875,126.6187515258789,130.4250030517578,62.91397476196289,6295207
2014-07-10,131.25,142.6125030517578,124.5374984741211,137.7937469482422,66.46849060058594,13867751
2014-07-11,138.375,139.59375,122.2125015258789,123.39375305175781,59.52225875854492,9788629
2014-07-14,124.7249984741211,128.77499389648438,120.39375305175781,123.95625305175781,59.793601989746094,7391570
2014-07-15,125.0250015258789,129.52499389648438,124.3499984741211,128.9250030517578,62.19041442871094,7038341
2014-07-16,129.0,130.5,120.4124984741211,122.23124694824219,58.96150588989258,9992546
2014-07-17,121.875,124.61250305175781,121.14375305175781,121.9124984741211,58.8077507019043,9394434
2014-07-18,120.5625,121.10624694824219,115.5562515258789,117.58125305175781,56.71845245361328,12650599
2014-07-21,117.5999984741211,120.09375,117.1500015258789,117.67500305175781,56.763671875,5314559
2014-07-22,118.5,120.73124694824219,117.20625305175781,118.8187484741211,57.315406799316406,8231226
2014-07-23,119.3062515258789,121.61250305175781,118.125,120.5999984741211,58.17462158203125,6351759
2014-07-24,120.75,122.625,119.17500305175781,119.6624984741211,57.722389221191406,5879226
2014-07-25,119.36250305175781,120.9000015258789,112.875,114.8812484741211,55.41603088378906,5842506
2014-07-28,114.4124984741211,117.0,111.3375015258789,112.59375,54.31260299682617,4296525
2014-07-30,112.21875,117.28125,112.125,116.4375,56.16672134399414,9897479
2014-07-31,116.41874694824219,116.88749694824219,113.36250305175781,114.75,55.35272216796875,9079922
2014-08-01,113.5875015258789,117.0,113.25,114.375,55.171836853027344,5443255
2014-08-04,114.75,116.23124694824219,113.7750015258789,114.30000305175781,55.135650634765625,5839077
2014-08-05,114.75,115.03125,112.6875,114.1312484741211,55.05424118041992,5444117
2014-08-06,113.92500305175781,116.60624694824219,113.4375,114.16874694824219,55.07234191894531,4677927
2014-08-07,114.5250015258789,115.6500015258789,112.21875,112.57499694824219,54.303550720214844,7339207
2014-08-08,111.35624694824219,111.44999694824219,107.7562484741211,108.26249694824219,52.22328567504883,4239989
2014-08-11,109.4625015258789,110.5687484741211,108.95625305175781,109.9124984741211,53.019222259521484,4833146
2014-08-12,110.1187515258789,112.875,110.0999984741211,112.01249694824219,54.03220748901367,5294023
2014-08-13,112.78125,112.78125,103.66874694824219,105.30000305175781,50.794254302978516,6067021
2014-08-14,105.5625,107.88749694824219,103.7437515258789,107.0999984741211,51.662532806396484,9384087
2014-08-18,106.875,108.75,106.875,107.71875,51.96100997924805,4931535
2014-08-19,108.26249694824219,109.42500305175781,105.9375,106.4437484741211,51.34598159790039,7733666
2014-08-20,105.76875305175781,107.625,104.71875,105.7125015258789,50.993247985839844,7603797
2014-08-21,106.05000305175781,107.7750015258789,105.4124984741211,106.76249694824219,51.499732971191406,5119615
2014-08-22,107.2874984741211,107.36250305175781,104.71875,105.28125,50.78520584106445,4215594
2014-08-25,105.5999984741211,106.19999694824219,100.1624984741211,100.7249984741211,48.58738327026367,7356810
2014-08-26,99.375,100.76249694824219,96.4124984741211,100.05000305175781,48.261783599853516,6538943
2014-08-27,100.76249694824219,101.4375,98.7750015258789,99.63749694824219,48.062801361083984,4066693
2014-08-28,99.01875305175781,101.41874694824219,97.7249984741211,100.6312484741211,48.54216766357422,8189981
2014-09-01,101.0250015258789,105.26249694824219,100.875,104.5875015258789,50.450565338134766,6197778
2014-09-02,104.4000015258789,104.5875015258789,101.41874694824219,102.07499694824219,49.54949951171875,6164629
2014-09-03,102.07499694824219,102.58125305175781,100.125,100.6500015258789,48.85778045654297,6772085
2014-09-04,100.21875,103.23750305175781,99.44999694824219,100.89375305175781,48.97610092163086,4832453
2014-09-05,100.59375,103.4625015258789,99.9375,102.75,49.87716293334961,3602293
2014-09-08,102.84375,103.6500015258789,101.36250305175781,101.7750015258789,49.40388107299805,5079677
2014-09-09,101.98124694824219,102.8062515258789,101.17500305175781,101.9625015258789,49.4948844909668,2015847
2014-09-10,101.92500305175781,102.0,100.14375305175781,100.5,48.78495407104492,2116714
2014-09-11,100.70625305175781,106.48124694824219,100.6312484741211,106.1812515258789,51.54276657104492,10635050
2014-09-12,106.4437484741211,107.5687484741211,105.09375,106.03125,51.46996307373047,5452245
2014-09-15,105.48750305175781,108.46875,104.0250015258789,107.13749694824219,52.006954193115234,4743573
2014-09-16,107.13749694824219,108.67500305175781,100.4625015258789,101.08125305175781,49.06711959838867,5024333
2014-09-17,101.6624984741211,102.5062484741211,97.33125305175781,98.26875305175781,47.70186233520508,5142586
2014-09-18,98.23124694824219,101.51249694824219,97.125,101.0250015258789,49.03980255126953,6274810
2014-09-19,101.53125,102.6187515258789,99.65625,101.3062515258789,49.17633056640625,7663301
2014-09-22,100.38749694824219,100.38749694824219,97.96875,98.32499694824219,47.72916030883789,3792551
2014-09-23,98.625,99.65625,92.4375,93.16874694824219,45.22621154785156,7044869
2014-09-24,93.3375015258789,94.5,87.4124984741211,93.3187484741211,45.299015045166016,7216186
2014-09-25,93.0,94.2750015258789,87.95625305175781,90.1875,43.779048919677734,7596229
2014-09-26,89.2874984741211,96.1875,89.25,95.6812515258789,46.445838928222656,6153490
2014-09-29,95.60624694824219,95.69999694824219,92.45625305175781,93.2437515258789,45.262611389160156,2830431
2014-09-30,92.51249694824219,96.1312484741211,91.6500015258789,93.73124694824219,45.49925994873047,5448290
2014-10-01,93.375,95.13749694824219,93.1312484741211,94.42500305175781,45.836021423339844,2877154
2014-10-07,94.05000305175781,94.9124984741211,89.32499694824219,89.79374694824219,43.587913513183594,3710495
2014-10-08,88.96875,90.3375015258789,88.3499984741211,89.51249694824219,43.45138168334961,5353722
2014-10-09,90.0,94.38749694824219,90.0,93.75,45.50836944580078,6943247
2014-10-10,92.71875,96.30000305175781,90.9375,94.3125,45.781410217285156,6195999
2014-10-13,93.375,94.48124694824219,91.3125,94.10624694824219,45.68128967285156,6920855
2014-10-14,94.14375305175781,98.4375,93.75,97.23750305175781,47.20127487182617,7267159
2014-10-15,97.23750305175781,97.23750305175781,97.23750305175781,97.23750305175781,47.20127487182617,0
2014-10-16,96.3187484741211,98.625,94.51875305175781,95.2125015258789,46.21828842163086,6842533
2014-10-17,96.0,98.34375,93.1500015258789,97.14375305175781,47.155757904052734,5145730
2014-10-20,99.0,103.9312515258789,98.2874984741211,102.86250305175781,49.93178176879883,8776655
2014-10-21,104.0250015258789,111.0,102.2249984741211,106.94999694824219,51.91594314575195,16679887
2014-10-22,108.375,108.375,104.13749694824219,106.4437484741211,51.670196533203125,3944274
2014-10-27,107.25,109.4625015258789,106.6875,107.25,52.06156539916992,5869818
2014-10-28,107.25,108.86250305175781,105.6187515258789,108.54374694824219,52.6895751953125,4139501
2014-10-29,109.5374984741211,111.48750305175781,107.8125,110.4749984741211,53.62704849243164,9320253
2014-10-30,110.55000305175781,112.05000305175781,109.5374984741211,110.26875305175781,53.52693557739258,7451882
2014-10-31,110.6812515258789,113.98124694824219,109.5,113.25,54.974098205566406,5963738
2014-11-03,113.5687484741211,113.9625015258789,111.375,112.9312515258789,54.819374084472656,3837095
2014-11-05,112.57499694824219,114.84375,112.1812515258789,113.64375305175781,55.16524124145508,5060735
2014-11-07,113.25,115.40625,112.3125,113.32499694824219,55.01050567626953,3139445
2014-11-10,113.32499694824219,116.79374694824219,107.0999984741211,112.9124984741211,54.81027603149414,13900906
2014-11-11,113.8125,114.7874984741211,110.4375,111.6187515258789,54.1822509765625,6564469
2014-11-12,112.23750305175781,115.2750015258789,111.7874984741211,113.55000305175781,55.11972427368164,7675541
2014-11-13,114.0,115.51875305175781,110.8125,112.3499984741211,54.53720474243164,8327919
2014-11-14,112.8187484741211,114.67500305175781,111.26249694824219,114.1875,55.429176330566406,6033645
2014-11-17,114.8812484741211,126.54374694824219,114.1875,125.7750015258789,61.054019927978516,19991143
2014-11-18,126.7125015258789,129.3000030517578,123.01875305175781,126.26249694824219,61.290645599365234,15050639
2014-11-19,126.3375015258789,130.0500030517578,123.1875,126.0374984741211,61.18143081665039,11015514
2014-11-20,126.375,128.8125,121.96875,125.1187515258789,60.73545837402344,11027805
2014-11-21,125.625,129.71249389648438,124.33125305175781,127.5562515258789,61.918678283691406,9107157
2014-11-24,128.85000610351562,131.8125,127.6312484741211,128.1750030517578,62.21903991699219,9448445
2014-11-25,128.25,128.5124969482422,121.03125,123.9749984741211,60.18024826049805,9323653
2014-11-26,124.10624694824219,125.92500305175781,122.9625015258789,123.91874694824219,60.1529426574707,6251285
2014-11-27,123.5625,125.55000305175781,123.0562515258789,123.84375,60.11654281616211,6049357
2014-11-28,124.3125,128.5500030517578,124.3125,126.48750305175781,61.399879455566406,9219925
2014-12-01,126.375,129.375,126.11250305175781,128.625,62.437477111816406,11132058
2014-12-02,127.875,129.6750030517578,125.4937515258789,127.5562515258789,61.918678283691406,9765634
2014-12-03,127.57499694824219,132.3000030517578,127.57499694824219,129.2062530517578,62.7196159362793,6243445
2014-12-04,129.52499389648438,130.46249389648438,124.89375305175781,126.5625,61.436283111572266,7885679
2014-12-05,127.125,128.4375,123.9000015258789,125.0250015258789,60.689945220947266,6819341
2014-12-08,124.875,124.98750305175781,119.25,120.0,58.25068664550781,4806554
2014-12-09,119.23124694824219,122.17500305175781,114.8812484741211,116.0625,56.33934783935547,8061069
2014-12-10,116.625,122.25,115.94999694824219,121.6500015258789,59.05164337158203,8728810
2014-12-11,121.38749694824219,121.8375015258789,117.2437515258789,118.94999694824219,57.74101638793945,4994559
2014-12-12,119.2125015258789,121.40625,117.2249984741211,118.1624984741211,57.35873031616211,5296309
2014-12-15,117.0,119.0625,115.94999694824219,117.35624694824219,56.96736145019531,3915575
2014-12-16,115.5562515258789,117.2249984741211,110.13749694824219,111.2437515258789,54.00022888183594,5895522
2014-12-17,110.13749694824219,119.5875015258789,110.13749694824219,116.83125305175781,56.71251678466797,12626442
2014-12-18,119.55000305175781,125.0250015258789,118.98750305175781,123.44999694824219,59.9254150390625,13739679
2014-12-19,125.88749694824219,125.9437484741211,122.0999984741211,123.65625,60.025535583496094,8275903
2014-12-22,123.75,125.79374694824219,122.25,125.2125015258789,60.78095245361328,3704893
2014-12-23,125.25,126.30000305175781,121.94999694824219,122.69999694824219,59.561336517333984,5399162
2014-12-24,123.375,123.5625,119.69999694824219,121.59375,59.02433395385742,7253730
2014-12-26,122.2125015258789,126.1875,121.2562484741211,125.6812515258789,61.00851821899414,4540119
2014-12-29,126.1875,127.875,124.6875,125.0062484741211,60.68083953857422,2950095
2014-12-30,125.73750305175781,126.5062484741211,123.375,124.42500305175781,60.39868927001953,2769703
2014-12-31,124.5,126.65625,123.9749984741211,125.6812515258789,61.00851821899414,2961775
2015-01-01,125.4749984741211,126.5625,124.5,125.88749694824219,61.10862350463867,2048687
2015-01-02,125.9625015258789,129.1687469482422,125.25,125.5875015258789,60.96299362182617,3836530
2015-01-05,125.625,126.375,124.76249694824219,125.23124694824219,60.790061950683594,4518095
2015-01-06,124.89375305175781,124.89375305175781,119.34375,119.9437484741211,58.223384857177734,4128829
2015-01-07,120.1500015258789,121.23750305175781,116.4375,119.1937484741211,57.85933303833008,5979365
2015-01-08,120.375,122.4000015258789,116.34375,120.3375015258789,58.41452407836914,7959559
2015-01-09,120.0374984741211,120.8062515258789,117.84375,118.19999694824219,57.37693786621094,4003538
2015-01-12,120.0,120.09375,117.4312515258789,118.1812515258789,57.367828369140625,3925183
2015-01-13,119.1187515258789,119.25,116.2125015258789,116.5875015258789,56.59419250488281,5424194
2015-01-14,117.375,118.875,116.25,117.0374984741211,56.81263732910156,3912738
2015-01-15,119.25,125.4375,118.48124694824219,122.90625,59.66147232055664,12690349
2015-01-16,122.25,124.33125305175781,120.5999984741211,122.34375,59.38841247558594,4620018
2015-01-19,122.36250305175781,125.5687484741211,122.36250305175781,123.4312515258789,59.91630935668945,4186066
2015-01-20,124.1624984741211,124.66874694824219,120.48750305175781,120.6937484741211,58.58746337890625,3673055
2015-01-21,121.05000305175781,123.26249694824219,120.7874984741211,121.8187484741211,59.13355255126953,5930301
2015-01-22,120.95625305175781,122.4375,117.5625,119.41874694824219,57.968536376953125,5808951
2015-01-23,120.5625,122.2874984741211,118.125,119.3062515258789,57.9139404296875,6465986
2015-01-27,120.30000305175781,123.0,117.75,122.4000015258789,59.41571044921875,8273586
2015-01-28,122.90625,129.99374389648438,122.0625,127.76249694824219,62.01878356933594,14049794
2015-01-29,128.1750030517578,131.21249389648438,126.5250015258789,127.59375,61.93688201904297,12694509
2015-01-30,128.6437530517578,130.875,123.8062515258789,124.9124984741211,60.635353088378906,7427485
2015-02-02,124.9124984741211,130.5,123.75,129.4499969482422,62.83794403076172,5573493
2015-02-03,131.1374969482422,131.86874389648438,125.0062484741211,126.1500015258789,61.23604202270508,5808322
2015-02-04,126.5625,127.3125,123.46875,124.10624694824219,60.24397277832031,4556333
2015-02-05,124.125,126.0374984741211,119.625,120.5625,58.523746490478516,3597695
2015-02-06,121.125,124.125,120.0,122.9437484741211,59.679649353027344,4130895
2015-02-09,121.125,122.17500305175781,117.5999984741211,118.4625015258789,57.50436782836914,3743730
2015-02-10,117.375,123.75,117.11250305175781,121.7437515258789,59.0971565246582,5970183
2015-02-11,122.69999694824219,123.1875,120.07499694824219,122.23124694824219,59.33379364013672,3562461
2015-02-12,123.0562515258789,123.3375015258789,120.39375305175781,121.89375305175781,59.16997146606445,3111458
2015-02-13,122.4375,126.44999694824219,120.54374694824219,122.13749694824219,59.288299560546875,7676090
2015-02-16,122.8125,127.89375305175781,122.0999984741211,126.8812484741211,61.59101486206055,9034111
2015-02-18,126.75,126.75,117.5625,118.33125305175781,58.83167266845703,9214391
2015-02-19,119.13749694824219,119.9625015258789,115.3125,118.6875,59.00878143310547,7369549
2015-02-20,119.625,121.0687484741211,117.2249984741211,119.2125015258789,59.269813537597656,4744239
2015-02-23,119.3062515258789,120.07499694824219,117.58125305175781,118.2562484741211,58.794395446777344,7400239
2015-02-24,118.5374984741211,120.5062484741211,117.2437515258789,120.1500015258789,59.73591995239258,6398405
2015-02-25,120.375,121.01249694824219,119.15625,119.55000305175781,59.437618255615234,4312445
2015-02-26,120.375,121.4437484741211,118.98750305175781,120.7874984741211,60.05287170410156,6187266
2015-02-27,121.76249694824219,125.8499984741211,120.9749984741211,125.4000015258789,62.346092224121094,6967530
2015-03-02,125.0999984741211,137.25,124.125,135.8625030517578,67.54782104492188,13348525
2015-03-03,136.83749389648438,138.89999389648438,132.9375,134.9250030517578,67.08171844482422,8306181
2015-03-04,136.08749389648438,139.40625,129.375,131.0625,65.16136169433594,14432863
2015-03-05,131.0625,133.0500030517578,129.31875610351562,131.5500030517578,65.40374755859375,4814698
2015-03-09,129.97500610351562,131.7375030517578,127.4437484741211,128.25,63.763065338134766,3406938
2015-03-10,127.875,132.09375,127.3687515258789,129.4499969482422,64.35967254638672,6319501
2015-03-11,129.75,133.08749389648438,127.05000305175781,130.5,64.88170623779297,7153626
2015-03-12,131.7375030517578,132.375,130.3125,130.8937530517578,65.07746887207031,4660159
2015-03-13,132.1125030517578,132.1125030517578,122.8499984741211,123.7125015258789,61.50710678100586,4291591
2015-03-16,124.4625015258789,126.0,122.13749694824219,122.8125,61.059654235839844,2483218
2015-03-17,124.125,128.8874969482422,123.73124694824219,128.2687530517578,63.77236557006836,9753775
2015-03-18,128.25,131.1750030517578,126.54374694824219,130.21875,64.74186706542969,6062389
2015-03-19,131.1750030517578,132.33749389648438,126.75,127.5562515258789,63.418148040771484,5171930
2015-03-20,127.875,129.31875610351562,123.82499694824219,125.2874984741211,62.2901611328125,4694994
2015-03-23,126.0,127.5,122.34375,123.5625,61.432552337646484,3226101
2015-03-24,124.125,126.95625305175781,123.7874984741211,125.90625,62.597816467285156,4625058
2015-03-25,126.9000015258789,126.9000015258789,123.9749984741211,124.7437515258789,62.01982879638672,2813810
2015-03-26,124.125,125.41874694824219,122.0625,122.7562484741211,61.03168487548828,8424445
2015-03-27,123.3375015258789,125.2125015258789,119.25,120.1500015258789,59.73591995239258,6653445
2015-03-30,121.875,124.61250305175781,121.01249694824219,122.7562484741211,61.03168487548828,2679946
2015-03-31,123.1875,125.90625,122.6624984741211,124.94999694824219,62.122371673583984,3868151
2015-04-01,124.875,126.7874984741211,123.9375,126.5999984741211,62.94270324707031,3871751
2015-04-06,126.9749984741211,127.61250305175781,123.82499694824219,126.0374984741211,62.66304397583008,5564818
2015-04-07,121.3499984741211,123.0,120.0,120.46875,59.89439010620117,15208234
2015-04-08,119.25,125.25,119.17500305175781,123.86250305175781,61.58168411254883,29079138
2015-04-09,128.5124969482422,129.97500610351562,125.0625,126.1312484741211,62.70966339111328,45899519
2015-04-10,125.8125,129.8625030517578,125.60624694824219,129.03750610351562,64.15458679199219,21072847
2015-04-13,128.8874969482422,130.46249389648438,127.33125305175781,127.9312515258789,63.604583740234375,7470773
2015-04-15,127.80000305175781,128.49374389648438,124.875,125.6624984741211,62.47660446166992,8119338
2015-04-16,125.9437484741211,126.1312484741211,123.09375,124.05000305175781,61.67491149902344,6398583
2015-04-17,124.125,125.08125305175781,123.0,123.9937515258789,61.646949768066406,5619493
2015-04-20,124.4437484741211,124.48124694824219,121.5,121.875,60.59355163574219,4018165
2015-04-21,122.17500305175781,123.26249694824219,121.125,121.3687515258789,60.34184265136719,3983805
2015-04-22,121.89375305175781,122.98124694824219,119.8499984741211,122.23124694824219,60.77066421508789,4599895
2015-04-23,123.01875305175781,123.375,120.75,121.0687484741211,60.192691802978516,5505021
2015-04-24,121.3125,121.48124694824219,118.01249694824219,120.7125015258789,60.01557540893555,9045431
2015-04-27,120.5625,121.10624694824219,116.8125,117.75,58.542686462402344,7053325
2015-04-28,117.67500305175781,119.41874694824219,116.9437484741211,118.9312515258789,59.129981994628906,5274687
2015-04-29,118.9312515258789,119.23124694824219,115.96875,117.3375015258789,58.33760070800781,6989722
2015-04-30,117.6937484741211,118.38749694824219,115.875,116.83125305175781,58.085906982421875,14217069
2015-05-04,117.4312515258789,120.35624694824219,117.3187484741211,119.625,59.47490310668945,3849325
2015-05-05,119.3812484741211,120.5250015258789,118.2562484741211,119.53125,59.42829895019531,5114151
2015-05-06,120.0,120.46875,111.63749694824219,115.1812515258789,57.26556396484375,14867973
2015-05-07,113.69999694824219,116.0062484741211,106.6875,108.1500015258789,53.769779205322266,9677941
2015-05-08,109.80000305175781,112.05000305175781,109.5,111.07499694824219,55.224037170410156,5206877
2015-05-11,111.4124984741211,113.69999694824219,109.29374694824219,111.6937484741211,55.531654357910156,6698322
2015-05-12,111.9375,112.0875015258789,106.4625015258789,107.5687484741211,53.48078536987305,9408514
2015-05-13,109.125,111.30000305175781,106.96875,110.53125,54.953697204589844,5073709
2015-05-14,110.25,112.3125,108.7874984741211,111.9749984741211,55.671485900878906,4364685
2015-05-15,112.76249694824219,112.98750305175781,109.5374984741211,110.6812515258789,55.02826690673828,3616269
2015-05-18,111.30000305175781,112.76249694824219,110.0625,112.10624694824219,55.73674011230469,5137365
2015-05-19,111.7125015258789,113.13749694824219,110.8499984741211,112.03125,55.69945526123047,4460327
2015-05-20,112.98750305175781,114.67500305175781,112.125,113.55000305175781,56.45454406738281,4894085
2015-05-21,113.71875,114.8812484741211,111.07499694824219,114.5625,56.95793914794922,5730434
2015-05-22,115.05000305175781,116.7750015258789,113.9437484741211,116.2874984741211,57.815574645996094,8175205
2015-05-25,115.5374984741211,116.23124694824219,114.46875,114.6937484741211,57.0231819152832,3130493
2015-05-26,114.375,115.125,113.4375,114.75,57.051151275634766,2536050
2015-05-27,113.5875015258789,114.07499694824219,112.125,113.0999984741211,56.23080825805664,4020378
2015-05-28,113.0999984741211,113.73750305175781,111.7874984741211,113.13749694824219,56.24946212768555,4267493
2015-05-29,113.04374694824219,114.3375015258789,110.2874984741211,111.09375,55.23335647583008,6535365
2015-06-01,111.375,111.9937515258789,109.70625305175781,111.5250015258789,55.44776916503906,3694783
2015-06-02,111.5250015258789,111.5250015258789,107.8125,108.39375305175781,53.89097595214844,6314949
2015-06-03,108.375,108.9375,105.58125305175781,108.0562515258789,53.72317123413086,6316335
2015-06-04,109.0875015258789,109.38749694824219,104.45625305175781,106.1624984741211,52.781639099121094,6222165
2015-06-05,105.75,107.4375,104.625,107.1187515258789,53.2570686340332,4827391
2015-06-08,107.90625,108.63749694824219,104.69999694824219,105.95625305175781,52.679100036621094,5103205
2015-06-09,105.65625,107.25,104.53125,106.1812515258789,52.79096221923828,3856450
2015-06-10,106.29374694824219,108.375,106.125,106.9312515258789,53.16385269165039,6045039
2015-06-11,107.4375,107.7562484741211,102.54374694824219,102.8812484741211,51.150272369384766,5352178
2015-06-12,102.75,103.5,101.6624984741211,102.26249694824219,50.8426399230957,4126970
2015-06-15,102.7125015258789,103.59375,100.875,102.1500015258789,50.78671646118164,2510018
2015-06-16,102.0,103.0875015258789,100.3125,102.16874694824219,50.7960319519043,2779311
2015-06-17,102.75,103.98750305175781,102.26249694824219,102.76875305175781,51.09434509277344,3865927
2015-06-18,103.125,103.3687515258789,101.90625,102.2249984741211,50.82400131225586,4766807
2015-06-19,102.7125015258789,105.75,102.5625,105.5062484741211,52.45536804199219,5130623
2015-06-22,106.5,107.9437484741211,104.6624984741211,107.26875305175781,53.33165740966797,4400210
2015-06-23,107.2874984741211,108.9000015258789,106.6875,108.3187484741211,53.85368347167969,3616575
2015-06-24,109.125,109.76249694824219,107.1187515258789,108.07499694824219,53.732486724853516,4704133
2015-06-25,107.25,108.3187484741211,106.57499694824219,106.94999694824219,53.17317581176758,6642503
2015-06-26,106.6500015258789,107.60624694824219,105.375,106.2750015258789,52.837581634521484,2609751
2015-06-29,104.25,104.625,100.78125,102.5062484741211,50.963836669921875,3537826
2015-06-30,102.75,103.7437515258789,101.8125,103.1812515258789,51.2994384765625,4992621
2015-07-01,102.5999984741211,105.65625,102.4124984741211,105.01875305175781,52.21299362182617,5309490
2015-07-02,105.0,106.59375,104.25,105.26249694824219,52.33418273925781,3333522
2015-07-03,105.48750305175781,107.34375,105.11250305175781,106.96875,53.182498931884766,3685154
2015-07-06,105.73124694824219,108.75,105.01875305175781,108.1312484741211,53.76046371459961,3185770
2015-07-07,108.0,109.42500305175781,106.57499694824219,106.85624694824219,53.12655258178711,3726637
2015-07-08,106.125,106.3125,103.125,105.4312515258789,52.41807556152344,4231002
2015-07-09,105.5625,107.79374694824219,105.2249984741211,107.1187515258789,53.2570686340332,2945181
2015-07-10,107.51249694824219,108.16874694824219,105.75,106.5562515258789,52.97740936279297,3723333
2015-07-13,106.5562515258789,107.98124694824219,106.5562515258789,107.45625305175781,53.42485809326172,3463749
2015-07-14,107.98124694824219,108.26249694824219,106.14375305175781,106.875,53.13588333129883,2340285
2015-07-15,105.76875305175781,107.34375,104.9437484741211,105.09375,52.250282287597656,3161685
2015-07-16,105.8062515258789,111.5999984741211,105.1875,111.1312484741211,55.25200271606445,5356949
2015-07-17,111.76875305175781,112.94999694824219,109.57499694824219,109.89375305175781,54.636741638183594,6467621
2015-07-20,110.51249694824219,110.5687484741211,107.90625,109.01249694824219,54.19858932495117,3450378
2015-07-21,109.01249694824219,110.98124694824219,105.375,105.9937515258789,52.69774627685547,3697250
2015-07-22,105.75,110.17500305175781,105.375,109.57499694824219,54.47826385498047,5013639
2015-07-23,109.875,110.15625,108.09375,108.5625,53.97488021850586,2563165
2015-07-24,108.5625,109.23750305175781,106.61250305175781,106.89375305175781,53.14520263671875,4080178
2015-07-27,105.375,107.36250305175781,105.2249984741211,106.1812515258789,52.79096221923828,5622730
2015-07-28,106.40625,106.6500015258789,102.5625,103.5,51.4578971862793,4674802
2015-07-29,103.5,103.9124984741211,101.2874984741211,102.5062484741211,50.963836669921875,4207271
2015-07-30,103.3125,104.625,101.92500305175781,103.33125305175781,51.37400436401367,16406023
2015-07-31,103.7437515258789,104.26875305175781,100.14375305175781,101.625,50.525699615478516,5880279
2015-08-03,102.26249694824219,102.8812484741211,101.0062484741211,101.98124694824219,50.70281219482422,4422383
2015-08-04,102.35624694824219,105.48750305175781,101.8687515258789,104.71875,52.0638427734375,5987079
2015-08-05,105.11250305175781,105.75,102.3375015258789,102.7874984741211,51.103660583496094,4023397
2015-08-06,103.125,103.57499694824219,100.3125,100.80000305175781,50.11553192138672,5797637
2015-08-07,100.5,102.11250305175781,99.5625,99.7874984741211,49.61213302612305,4024093
2015-08-10,102.4312515258789,104.2874984741211,100.4437484741211,101.0062484741211,50.21806335449219,8910114
2015-08-11,101.79374694824219,102.9375,100.8375015258789,101.5687484741211,50.49773025512695,7089245
2015-08-12,101.25,101.34375,93.82499694824219,95.4937515258789,47.47737121582031,6994378
2015-08-13,96.54374694824219,97.19999694824219,93.65625,94.3687515258789,46.918060302734375,4679701
2015-08-14,95.625,98.25,94.5562515258789,97.3125,48.381614685058594,2775069
2015-08-17,97.3499984741211,100.42500305175781,95.92500305175781,98.7750015258789,49.10873794555664,3727213
2015-08-18,98.69999694824219,100.2750015258789,97.76249694824219,99.16874694824219,49.304508209228516,3364442
2015-08-19,99.1875,99.35624694824219,95.92500305175781,96.46875,47.96213150024414,2149623
2015-08-20,95.45625305175781,97.33125305175781,94.57499694824219,95.3062515258789,47.384159088134766,5009370
2015-08-21,94.5,95.60624694824219,92.3812484741211,95.0062484741211,47.23500442504883,4126042
2015-08-24,92.25,92.25,82.3499984741211,82.96875,41.25022506713867,11012613
2015-08-25,84.7125015258789,89.60624694824219,79.19999694824219,87.67500305175781,43.59006881713867,12191957
2015-08-26,86.625,93.28125,84.7125015258789,89.8687515258789,44.680755615234375,10659319
2015-08-27,90.375,95.5875015258789,90.375,94.9124984741211,47.18840026855469,9120005
2015-08-28,96.75,97.03125,92.0250015258789,93.5250015258789,46.49856185913086,5901037
2015-08-31,91.80000305175781,95.51249694824219,91.23750305175781,94.96875,47.216365814208984,8083234
2015-09-01,93.375,95.92500305175781,91.59375,93.58125305175781,46.526519775390625,5978797
2015-09-02,94.33125305175781,95.625,90.8062515258789,91.4437484741211,45.46381378173828,4996402
2015-09-03,92.25,95.2125015258789,91.3687515258789,94.80000305175781,47.13246154785156,3803695
2015-09-04,93.95625305175781,94.05000305175781,88.1812515258789,88.9124984741211,44.205326080322266,6923829
2015-09-07,89.2125015258789,90.75,86.92500305175781,89.15625,44.326507568359375,4738077
2015-09-08,89.08125305175781,92.4749984741211,88.5,91.21875,45.35194396972656,3242762
2015-09-09,91.875,95.0250015258789,91.5,93.8812484741211,47.199581146240234,5606911
2015-09-10,92.625,94.6500015258789,90.5250015258789,94.23750305175781,47.37868881225586,5863405
2015-09-11,94.7249984741211,94.7249984741211,91.875,92.64375305175781,46.577415466308594,2419143
2015-09-14,93.1875,95.8499984741211,92.0250015258789,94.5374984741211,47.529518127441406,2780973
2015-09-15,94.5374984741211,95.7750015258789,92.625,93.0,46.75651931762695,3307941
2015-09-16,94.42500305175781,95.25,93.375,94.98750305175781,47.755767822265625,3299639
2015-09-18,96.1312484741211,98.8687515258789,95.0625,98.45625305175781,49.49969482421875,5417959
2015-09-21,98.25,103.875,96.76875305175781,103.03125,51.79982376098633,6588314
2015-09-22,103.3125,103.98750305175781,99.9749984741211,100.78125,50.66861343383789,6599218
2015-09-23,98.69999694824219,100.6875,98.69999694824219,99.75,50.150146484375,2818626
2015-09-24,99.7125015258789,102.375,99.20625305175781,100.3687515258789,50.46122741699219,3092967
2015-09-28,100.5,101.41874694824219,97.125,97.51875305175781,49.028358459472656,2391210
2015-09-29,96.75,100.48124694824219,96.0562515258789,98.98124694824219,49.763648986816406,3355018
2015-09-30,100.48124694824219,103.3125,99.0,102.76875305175781,51.66783905029297,4566898
2015-10-01,103.5,104.51249694824219,101.8125,102.86250305175781,51.71498489379883,4614554
2015-10-05,104.4000015258789,111.58125305175781,104.34375,110.15625,55.38196563720703,9087183
2015-10-06,110.625,110.625,104.1937484741211,105.2249984741211,52.90273666381836,10077098
2015-10-07,105.75,106.125,101.32499694824219,101.71875,51.13993453979492,8538018
2015-10-08,102.20625305175781,103.38749694824219,99.76875305175781,100.5,50.527198791503906,6828621
2015-10-09,101.4000015258789,101.8499984741211,98.0999984741211,98.7562484741211,49.65052032470703,5427623
2015-10-12,98.92500305175781,100.0875015258789,97.66874694824219,98.51249694824219,49.527976989746094,5969631
2015-10-13,98.51249694824219,99.63749694824219,97.3499984741211,98.8125,49.67880630493164,7408266
2015-10-14,98.625,98.90625,95.4375,95.73750305175781,48.13282775878906,5062543
2015-10-15,96.5625,97.6500015258789,96.28125,97.10624694824219,48.82097625732422,3862266
2015-10-16,97.14375305175781,97.4437484741211,95.13749694824219,96.2437515258789,48.387332916259766,5672997
2015-10-19,97.38749694824219,97.875,95.8499984741211,96.44999694824219,48.49103546142578,4843562
2015-10-20,96.84375,99.86250305175781,96.5625,97.38749694824219,48.962364196777344,7780213
2015-10-21,97.6875,98.90625,96.44999694824219,97.85624694824219,49.19804000854492,4004255
2015-10-23,98.90625,98.90625,96.86250305175781,97.42500305175781,48.981231689453125,4676802
2015-10-26,97.875,98.0999984741211,94.29374694824219,94.5,47.510658264160156,5673613
2015-10-27,94.5,96.35624694824219,94.125,95.92500305175781,48.227088928222656,3077050
2015-10-28,95.32499694824219,96.20625305175781,94.29374694824219,94.9312515258789,47.727481842041016,4003701
2015-10-29,94.875,95.0250015258789,92.0625,92.32499694824219,46.41716766357422,8718973
2015-10-30,92.2874984741211,95.4000015258789,92.2874984741211,93.5999984741211,47.05818176269531,6242789
2015-11-02,93.44999694824219,95.0250015258789,92.625,93.28125,46.897926330566406,4616738
2015-11-03,94.875,97.03125,94.5562515258789,96.58125305175781,48.55702209472656,7044597
2015-11-04,97.7437515258789,100.14375305175781,97.3125,99.63749694824219,50.093570709228516,9284815
2015-11-05,100.125,101.55000305175781,97.96875,99.8062515258789,50.178428649902344,6203375
2015-11-06,97.80000305175781,97.80000305175781,86.9437484741211,89.36250305175781,44.927734375,20453583
2015-11-09,88.125,90.1875,85.4437484741211,88.05000305175781,44.26787185668945,6476493
2015-11-10,87.75,89.5875015258789,86.25,88.3499984741211,44.418697357177734,10466983
2015-11-13,88.875,90.5625,87.76875305175781,89.7750015258789,45.13512420654297,7602610
2015-11-16,89.36250305175781,90.30000305175781,88.125,88.40625,44.446983337402344,4971546
2015-11-17,88.9124984741211,89.25,87.75,88.59375,44.54125213623047,4481826
2015-11-18,89.4937515258789,89.60624694824219,85.2750015258789,85.6312484741211,43.051815032958984,7851010
2015-11-19,86.3062515258789,87.30000305175781,84.7874984741211,85.5,42.98583221435547,8448386
2015-11-20,85.6875,87.0,85.1624984741211,86.0625,43.268638610839844,4749266
2015-11-23,86.4375,86.92500305175781,84.4312515258789,84.67500305175781,42.57106399536133,3368261
2015-11-24,84.5062484741211,86.23124694824219,84.5062484741211,84.8812484741211,42.67475891113281,3785362
2015-11-26,85.5,85.80000305175781,84.5625,85.19999694824219,42.83500671386719,6731626
2015-11-27,85.59375,87.84375,85.5,87.6937484741211,44.08875274658203,5583663
2015-11-30,88.125,89.0999984741211,87.1875,87.5999984741211,44.0416259765625,7178442
2015-12-01,88.0875015258789,88.66874694824219,85.6875,86.8125,43.64570617675781,8241018
2015-12-02,86.92500305175781,87.7125015258789,86.32499694824219,86.64375305175781,43.56086730957031,2547589
2015-12-03,86.6624984741211,87.4124984741211,86.0062484741211,86.3812484741211,43.42888641357422,4029911
2015-12-04,86.13749694824219,86.13749694824219,84.54374694824219,84.73124694824219,42.59933853149414,4547154
2015-12-07,84.8062515258789,85.38749694824219,83.55000305175781,84.16874694824219,42.31653594970703,3140135
2015-12-08,84.16874694824219,84.16874694824219,80.25,80.53125,40.48775100708008,9005301
2015-12-09,80.625,81.65625,79.5,80.6812515258789,40.563175201416016,7289183
2015-12-10,80.92500305175781,81.4312515258789,77.4937515258789,78.1312484741211,39.281131744384766,8890127
2015-12-11,78.0374984741211,80.5875015258789,77.8125,79.125,39.78075408935547,6789759
2015-12-14,78.75,81.8812484741211,78.4312515258789,81.35624694824219,40.902523040771484,5554333
2015-12-15,81.5625,81.8062515258789,79.875,80.5687484741211,40.50660705566406,3584319
2015-12-16,81.375,82.80000305175781,80.625,81.2437515258789,40.845970153808594,3047719
2015-12-17,82.05000305175781,83.4375,81.46875,83.1937484741211,41.82634735107422,3092743
2015-12-18,83.23124694824219,83.92500305175781,82.3125,82.6500015258789,41.55297088623047,4135093
2015-12-21,82.6500015258789,85.01249694824219,82.51875305175781,84.35624694824219,42.410804748535156,2962522
2015-12-22,84.5062484741211,85.80000305175781,83.0250015258789,83.2874984741211,41.87348175048828,5245650
2015-12-23,84.28125,84.84375,83.625,84.0374984741211,42.25054931640625,2329999
2015-12-24,84.7125015258789,84.7125015258789,83.0999984741211,83.69999694824219,42.080867767333984,1169621
2015-12-28,84.1500015258789,84.54374694824219,83.6624984741211,83.92500305175781,42.19398880004883,2412749
2015-12-29,83.98124694824219,84.9937515258789,83.6624984741211,83.79374694824219,42.12799835205078,3564703
2015-12-30,84.375,84.9937515258789,83.69999694824219,84.46875,42.467369079589844,5780357
2015-12-31,84.9375,86.0625,84.20625305175781,84.95625305175781,42.712459564208984,30789698
2016-01-01,84.95625305175781,85.80000305175781,84.8062515258789,85.5562515258789,43.01411819458008,1388205
2016-01-04,85.42500305175781,86.4000015258789,83.625,83.83125305175781,42.14685821533203,2181629
2016-01-05,83.98124694824219,86.15625,83.60624694824219,85.4625015258789,42.96697235107422,4767407
2016-01-06,85.5,86.73750305175781,84.91874694824219,85.61250305175781,43.04240417480469,4209519
2016-01-07,84.7125015258789,84.7125015258789,79.875,80.36250305175781,40.402923583984375,5390778
2016-01-08,80.625,81.67500305175781,80.26875305175781,80.6624984741211,40.55373764038086,2544757
2016-01-11,80.5875015258789,80.79374694824219,79.05000305175781,79.8375015258789,40.13896942138672,3996671
2016-01-12,80.0999984741211,81.0562515258789,78.375,79.125,39.78075408935547,4749079
2016-01-13,79.85624694824219,80.2125015258789,76.78125,78.8062515258789,39.62050247192383,4175615
2016-01-14,78.0,78.2249984741211,76.5,77.17500305175781,38.800376892089844,2589346
2016-01-15,77.2125015258789,77.7750015258789,72.84375,73.23750305175781,36.82075881958008,4006735
2016-01-18,73.125,73.29374694824219,68.8125,69.4312515258789,34.907142639160156,3936413
2016-01-19,69.5625,70.875,68.36250305175781,69.09375,34.737457275390625,4927466
2016-01-20,68.51249694824219,68.55000305175781,66.3375015258789,66.7125015258789,33.540260314941406,6299271
2016-01-21,67.21875,68.17500305175781,65.1187515258789,65.3812484741211,32.87096405029297,5706221
2016-01-22,66.6937484741211,69.30000305175781,65.8499984741211,68.83125305175781,34.60548400878906,5373850
2016-01-25,69.75,71.25,69.7125015258789,69.95625305175781,35.17108154296875,5148183
2016-01-27,70.10624694824219,71.25,68.6812515258789,70.125,35.25592803955078,7025757
2016-01-28,70.125,72.07499694824219,69.7874984741211,70.38749694824219,35.38789749145508,13879661
2016-01-29,70.51875305175781,72.75,70.125,72.30000305175781,36.349430084228516,5371373
2016-02-01,72.8812484741211,73.875,71.45625305175781,72.5999984741211,36.500244140625,3558501
2016-02-02,72.375,72.9000015258789,69.375,69.65625,35.02025604248047,5559797
2016-02-03,68.625,69.0,66.5062484741211,67.0875015258789,33.728797912597656,5370821
2016-02-04,67.80000305175781,69.9000015258789,67.38749694824219,68.4749984741211,34.42637634277344,3911647
2016-02-05,68.6624984741211,71.8125,68.51249694824219,71.4937515258789,35.94407272338867,3808501
2016-02-08,72.35624694824219,74.69999694824219,71.92500305175781,72.20625305175781,36.30229187011719,4889893
2016-02-09,71.8125,72.67500305175781,68.7562484741211,69.1875,34.78459167480469,5221981
2016-02-10,69.0,69.28125,63.63750076293945,64.59375,32.47504425048828,19925277
2016-02-11,64.8187484741211,65.9625015258789,61.875,62.34375,31.34383773803711,12223197
2016-02-12,63.63750076293945,63.67499923706055,58.98749923706055,60.76874923706055,30.5519962310791,14102975
2016-02-15,62.400001525878906,65.32499694824219,61.912498474121094,64.10624694824219,32.22994613647461,7480813
2016-02-16,64.85624694824219,66.1500015258789,63.11249923706055,63.46875,31.90944480895996,11752303
2016-02-17,58.42499923706055,61.125,57.09375,60.58124923706055,32.78200149536133,12001653
2016-02-18,61.3125,61.98749923706055,57.46875,58.443748474121094,31.625354766845703,10416738
2016-02-19,57.86249923706055,60.07500076293945,57.618751525878906,59.83124923706055,32.37616729736328,8064250
2016-02-22,60.01874923706055,60.5625,59.08124923706055,59.587501525878906,32.2442626953125,2939594
2016-02-23,59.587501525878906,60.037498474121094,58.3125,58.556251525878906,31.68622589111328,5572810
2016-02-24,58.5,58.79999923706055,57.16875076293945,57.46875,31.09775733947754,6725589
2016-02-25,57.525001525878906,59.13750076293945,57.35625076293945,58.57500076293945,31.696367263793945,11211866
2016-02-26,59.625,59.625,57.84375,58.66875076293945,31.747100830078125,5960333
2016-02-29,58.837501525878906,59.681251525878906,57.412498474121094,58.462501525878906,31.635496139526367,13322807
2016-03-01,58.875,60.1875,58.5,59.83124923706055,32.37616729736328,7808047
2016-03-02,60.86249923706055,62.60625076293945,60.75,61.48125076293945,33.26900863647461,7531327
2016-03-03,62.17499923706055,62.625,60.9375,62.193748474121094,33.654563903808594,6185981
2016-03-04,62.474998474121094,65.4000015258789,61.912498474121094,64.40625,34.851810455322266,11471821
2016-03-08,64.6875,64.78125,62.0625,62.625,33.88793182373047,8290917
2016-03-09,62.32500076293945,63.9375,61.6875,63.599998474121094,34.4155158996582,6256479
2016-03-10,63.993751525878906,64.6500015258789,62.45624923706055,62.83124923706055,33.99953079223633,6764165
2016-03-11,63.28125,63.712501525878906,61.78125,62.381248474121094,33.75602722167969,5245981
2016-03-14,63.375,63.58124923706055,62.34375,62.775001525878906,33.96909713745117,5772906
2016-03-15,62.92499923706055,63.46875,62.26874923706055,62.681251525878906,33.918365478515625,4780703
2016-03-16,62.400001525878906,63.431251525878906,60.84375,61.89374923706055,33.49223327636719,5868871
2016-03-17,62.587501525878906,64.125,61.96875,63.11249923706055,34.151729583740234,10686831
2016-03-18,63.63750076293945,63.91875076293945,62.70000076293945,63.318748474121094,34.263328552246094,6873082
2016-03-21,63.412498474121094,64.29374694824219,63.1875,63.86249923706055,34.55757141113281,5698687
2016-03-22,63.787498474121094,64.2750015258789,62.849998474121094,63.45000076293945,34.3343505859375,6864309
2016-03-23,63.75,64.05000305175781,62.662498474121094,63.037498474121094,34.11113739013672,4446519
2016-03-28,63.375,63.525001525878906,61.875,61.98749923706055,33.54296112060547,4062162
2016-03-29,61.79999923706055,61.96875,60.5625,60.91875076293945,32.964637756347656,4529778
2016-03-30,61.57500076293945,62.71875,61.21875,62.53125,33.83720016479492,4319957
2016-03-31,62.587501525878906,62.962501525878906,61.79999923706055,62.32500076293945,33.725589752197266,6092959
2016-04-01,62.4375,62.662498474121094,61.3125,62.006248474121094,33.55310821533203,4807085
2016-04-04,62.587501525878906,62.587501525878906,61.21875,61.743751525878906,33.41106033325195,3645549
2016-04-05,61.57500076293945,61.724998474121094,59.474998474121094,60.0,32.46746826171875,4775719
2016-04-06,60.0,60.318748474121094,59.0625,59.8125,32.36601257324219,3975903
2016-04-07,59.98125076293945,61.70624923706055,59.32500076293945,60.29999923706055,32.62981414794922,5713959
2016-04-08,60.375,60.9375,60.07500076293945,60.39374923706055,32.68054962158203,2471743
2016-04-11,60.63750076293945,60.75,60.09375,60.65625,32.82258987426758,3737063
2016-04-12,60.75,61.443748474121094,60.07500076293945,60.16875076293945,32.55878829956055,6169442
2016-04-13,60.75,61.66875076293945,60.65625,60.993751525878906,33.005226135253906,7089402
2016-04-18,61.087501525878906,61.23749923706055,59.70000076293945,59.98125076293945,32.457332611083984,5916786
2016-04-20,60.28125,60.28125,59.54999923706055,59.775001525878906,32.34572219848633,6599159
2016-04-21,60.0,64.01249694824219,60.0,62.73749923706055,33.94881057739258,19516967
2016-04-22,63.412498474121094,65.36250305175781,63.0,64.3499984741211,34.82136917114258,16021082
2016-04-25,64.3125,65.34375,63.375,64.61250305175781,34.963409423828125,8316901
2016-04-26,64.8187484741211,68.9625015258789,64.21875,68.8125,37.23613739013672,24904346
2016-04-27,69.11250305175781,69.63749694824219,67.66874694824219,68.36250305175781,36.99263000488281,11120663
2016-04-28,68.51249694824219,69.2249984741211,67.0875015258789,67.51875305175781,36.53606033325195,11067967
2016-04-29,67.42500305175781,67.85624694824219,65.6812515258789,66.9000015258789,36.201236724853516,7071498
2016-05-02,66.1500015258789,67.8375015258789,66.11250305175781,66.9000015258789,36.201236724853516,3186853
2016-05-03,67.125,67.98750305175781,64.5,64.9312515258789,35.13589859008789,6816223
2016-05-04,64.94999694824219,66.1312484741211,63.63750076293945,64.125,34.69961166381836,8449522
2016-05-05,64.19999694824219,64.6312484741211,62.662498474121094,62.943748474121094,34.0604133605957,8234103
2016-05-06,62.79375076293945,62.88750076293945,61.875,62.118751525878906,33.613983154296875,5687781
2016-05-09,62.36249923706055,64.19999694824219,62.32500076293945,63.67499923706055,34.45610046386719,6364290
2016-05-10,63.75,63.993751525878906,62.53125,62.70000076293945,33.92851257324219,4681170
2016-05-11,61.79999923706055,63.150001525878906,61.48125076293945,61.6875,33.38062286376953,8810053
2016-05-12,61.98749923706055,62.8125,60.82500076293945,61.556251525878906,33.309600830078125,10710471
2016-05-13,61.125,63.07500076293945,60.525001525878906,61.650001525878906,33.36033248901367,14220117
2016-05-16,62.099998474121094,62.25,60.29999923706055,60.881248474121094,32.944339752197266,6598085
2016-05-17,61.20000076293945,61.29375076293945,60.01874923706055,60.11249923706055,32.528350830078125,5024754
2016-05-18,60.1875,60.9375,59.64374923706055,60.712501525878906,32.853023529052734,8661199
2016-05-19,60.712501525878906,60.75,58.79999923706055,59.006248474121094,31.929733276367188,6175607
2016-05-20,59.212501525878906,59.36249923706055,58.03125,58.21875,31.50359535217285,7550397
2016-05-23,58.38750076293945,59.099998474121094,57.65625,57.806251525878906,31.280385971069336,4846965
2016-05-24,57.75,58.162498474121094,57.29999923706055,57.974998474121094,31.371706008911133,9990658
2016-05-25,58.42499923706055,58.650001525878906,57.806251525878906,58.181251525878906,31.483304977416992,7448162
2016-05-26,58.650001525878906,59.0625,57.9375,58.14374923706055,31.463014602661133,9595266
2016-05-27,58.5,59.381248474121094,58.03125,58.275001525878906,31.534040451049805,15450677
2016-05-30,59.8125,61.3125,59.8125,60.224998474121094,32.589229583740234,15517415
2016-05-31,60.375,60.9375,59.08124923706055,60.037498474121094,32.48777389526367,87202437
2016-06-01,60.787498474121094,63.0,60.787498474121094,61.875,33.482093811035156,22345042
2016-06-02,62.13750076293945,62.51250076293945,61.125,61.931251525878906,33.51251983642578,7810855
2016-06-03,62.0625,62.756248474121094,60.75,60.91875076293945,32.964637756347656,14612490
2016-06-06,60.86249923706055,61.3125,60.1875,60.35625076293945,32.660247802734375,8133735
2016-06-07,60.318748474121094,61.23749923706055,60.318748474121094,60.5625,32.7718620300293,9086549
2016-06-08,60.599998474121094,61.10625076293945,60.337501525878906,60.525001525878906,32.751564025878906,6781325
2016-06-09,60.84375,62.25,60.5625,61.3125,33.177703857421875,11713797
2016-06-10,61.275001525878906,62.025001525878906,61.03125,61.162498474121094,33.09653091430664,6708805
2016-06-13,60.599998474121094,60.86249923706055,59.849998474121094,60.243751525878906,32.5993766784668,4769719
2016-06-14,60.375,61.181251525878906,60.375,60.900001525878906,32.95448684692383,4435031
2016-06-15,61.125,61.98749923706055,60.84375,61.70624923706055,33.39076614379883,7721293
2016-06-16,61.96875,61.96875,60.20624923706055,61.01250076293945,33.01536560058594,10383991
2016-06-17,61.3125,61.76250076293945,61.04999923706055,61.275001525878906,33.157405853271484,7982535
2016-06-20,60.599998474121094,62.381248474121094,60.45000076293945,62.099998474121094,33.60383987426758,10815885
2016-06-21,62.41875076293945,64.42500305175781,62.287498474121094,63.881248474121094,34.56771469116211,20953538
2016-06-22,64.3125,65.0062484741211,62.662498474121094,63.09375,34.141578674316406,16026887
2016-06-23,63.07500076293945,63.375,62.287498474121094,62.64374923706055,33.8980712890625,5436114
2016-06-24,61.85625076293945,61.85625076293945,58.125,60.91875076293945,32.964637756347656,19024925
2016-06-27,60.75,62.4375,60.67499923706055,62.193748474121094,33.654563903808594,6855991
2016-06-28,62.0625,62.756248474121094,61.537498474121094,62.26874923706055,33.695152282714844,7078101
2016-06-29,62.41875076293945,64.6500015258789,62.34375,64.5374984741211,34.92283630371094,10522367
2016-06-30,65.23124694824219,65.55000305175781,64.66874694824219,65.04374694824219,35.19677734375,11764013
2016-07-01,65.41874694824219,67.66874694824219,65.32499694824219,67.38749694824219,36.465030670166016,19437010
2016-07-04,68.08125305175781,69.0374984741211,67.3499984741211,68.3062515258789,36.96219253540039,12603466
2016-07-05,68.5875015258789,71.4937515258789,68.32499694824219,70.0687484741211,37.91592025756836,30772082
2016-07-07,70.3125,70.78125,68.64375305175781,69.0374984741211,37.35789108276367,8733135
2016-07-08,68.9437484741211,70.8375015258789,67.5562515258789,70.5374984741211,38.169578552246094,13365239
2016-07-11,71.83125305175781,73.0875015258789,71.23124694824219,72.63749694824219,39.305938720703125,14794386
2016-07-12,72.9375,73.125,71.32499694824219,72.01875305175781,38.97111511230469,11584626
2016-07-13,72.375,73.80000305175781,71.3062515258789,73.05000305175781,39.52914810180664,13158895
2016-07-14,73.03125,76.6312484741211,72.7874984741211,75.9749984741211,41.111934661865234,20069831
2016-07-15,76.3499984741211,76.875,74.4000015258789,75.0,40.58434295654297,11281343
2016-07-18,76.05000305175781,76.57499694824219,72.5250015258789,72.9375,39.46827697753906,12171663
2016-07-19,72.95625305175781,74.79374694824219,72.07499694824219,74.0625,40.0770378112793,10072234
2016-07-20,74.25,75.91874694824219,73.3687515258789,75.54374694824219,40.87858200073242,9302474
2016-07-21,75.5999984741211,76.6500015258789,74.13749694824219,74.5687484741211,40.350982666015625,9549631
2016-07-22,74.6624984741211,79.05000305175781,74.625,78.35624694824219,42.40048599243164,16646389
2016-07-25,78.65625,81.7125015258789,78.1875,81.09375,43.8818244934082,20752029
2016-07-26,81.0374984741211,81.5250015258789,79.59375,80.0999984741211,43.344078063964844,10524583
2016-07-27,80.25,81.2437515258789,79.0687484741211,80.53125,43.57743835449219,6621082
2016-07-28,80.7750015258789,81.1875,79.125,79.5374984741211,43.03969955444336,19224271
2016-07-29,79.61250305175781,80.41874694824219,79.1624984741211,79.57499694824219,43.05998992919922,6449575
2016-08-01,80.25,83.9625015258789,79.89375305175781,82.57499694824219,44.6833610534668,16150778
2016-08-02,83.13749694824219,84.1500015258789,79.70625305175781,80.71875,43.67890930175781,12705117
2016-08-03,80.7750015258789,81.65625,79.3499984741211,79.80000305175781,43.181739807128906,7214346
2016-08-04,80.34375,80.625,79.33125305175781,80.3062515258789,43.45569610595703,6137957
2016-08-05,80.79374694824219,82.23750305175781,80.79374694824219,81.48750305175781,44.09490203857422,7719615
2016-08-08,82.0875015258789,84.2437515258789,81.6187515258789,83.69999694824219,45.2921257019043,11294581
2016-08-09,87.0,87.375,85.1812515258789,85.5562515258789,46.296592712402344,24985130
2016-08-10,86.25,86.36250305175781,83.26875305175781,83.6624984741211,45.27183532714844,12850450
2016-08-11,83.4375,85.61250305175781,81.6937484741211,84.67500305175781,45.81972885131836,33704159
2016-08-12,85.0875015258789,85.40625,83.45625305175781,84.91874694824219,45.95163345336914,8793882
2016-08-16,84.375,85.80000305175781,83.9625015258789,85.57499694824219,46.306739807128906,12071957
2016-08-17,85.6875,87.8812484741211,85.51875305175781,87.39375305175781,47.29091262817383,13783250
2016-08-18,88.125,89.9437484741211,87.9937515258789,89.60624694824219,48.48815155029297,16738682
2016-08-19,89.7562484741211,90.0,88.21875,88.5562515258789,47.91997146606445,12395591
2016-08-22,86.8499984741211,87.9937515258789,85.7437515258789,87.1500015258789,48.1999626159668,12411111
2016-08-23,86.8125,87.7874984741211,86.23124694824219,86.9437484741211,48.08588790893555,9864018
2016-08-24,86.8125,87.9375,86.7750015258789,87.4124984741211,48.34513854980469,7979410
2016-08-25,87.67500305175781,88.9124984741211,86.32499694824219,86.71875,47.9614372253418,20123810
2016-08-26,87.09375,88.01249694824219,85.9124984741211,86.41874694824219,47.7955207824707,8269938
2016-08-29,86.5875015258789,86.5875015258789,84.1500015258789,85.29374694824219,47.173316955566406,6389909
2016-08-30,85.59375,86.0625,84.9375,85.14375305175781,47.09035873413086,7340173
2016-08-31,85.2750015258789,89.7750015258789,85.19999694824219,89.3812484741211,49.433990478515625,15043711
2016-09-01,89.4375,91.76249694824219,88.51875305175781,89.45625305175781,49.475467681884766,12080357
2016-09-02,89.625,90.375,88.875,90.0562515258789,49.807315826416016,4732149
2016-09-06,90.48750305175781,91.23750305175781,90.11250305175781,90.7874984741211,50.21173858642578,5256141
2016-09-07,91.05000305175781,91.3125,89.36250305175781,89.88749694824219,49.71397399902344,12288303
2016-09-08,90.2249984741211,91.85624694824219,90.1875,91.57499694824219,50.647281646728516,6751847
2016-09-09,91.66874694824219,92.17500305175781,90.0,90.6187515258789,50.118408203125,8486607
2016-09-12,89.13749694824219,89.17500305175781,84.7874984741211,85.0687484741211,47.04888153076172,13757199
2016-09-14,85.125,86.88749694824219,85.125,86.60624694824219,47.89921951293945,9988277
2016-09-15,86.45625305175781,87.0374984741211,85.3499984741211,86.25,47.70219802856445,4485946
2016-09-16,86.7750015258789,88.40625,86.64375305175781,87.26249694824219,48.262168884277344,16939581
2016-09-19,87.44999694824219,89.0062484741211,86.88749694824219,88.51875305175781,48.956966400146484,18431519
2016-09-20,88.78125,90.28125,88.57499694824219,89.71875,49.62065124511719,12845655
2016-09-21,89.9625015258789,91.33125305175781,89.73750305175781,90.39375305175781,49.99396896362305,13200631
2016-09-22,91.21875,93.16874694824219,91.19999694824219,92.83125305175781,51.34208297729492,13937978
2016-09-23,92.625,94.5,92.13749694824219,93.44999694824219,51.68429183959961,12884711
2016-09-26,93.84375,94.85624694824219,93.0374984741211,93.46875,51.694664001464844,17759877
2016-09-27,94.2562484741211,94.2750015258789,90.75,91.59375,50.657649993896484,23226215
2016-09-28,90.44999694824219,92.55000305175781,89.88749694824219,91.61250305175781,50.66802978515625,11107255
2016-09-29,93.375,93.375,86.2874984741211,87.63749694824219,48.469566345214844,17352666
2016-09-30,87.0,90.5250015258789,86.7750015258789,90.2249984741211,49.9006462097168,11195466
2016-10-03,91.19999694824219,93.30000305175781,90.5625,92.92500305175781,51.393917083740234,5669211
2016-10-04,93.375,97.875,92.7750015258789,97.01249694824219,53.654598236083984,9780123
2016-10-05,98.17500305175781,100.875,96.82499694824219,100.42500305175781,55.541954040527344,13261181
2016-10-06,100.7249984741211,100.98750305175781,97.5,98.51249694824219,54.48419952392578,11772341
2016-10-07,98.32499694824219,100.125,97.42500305175781,98.4375,54.44272232055664,5308561
2016-10-10,98.69999694824219,100.05000305175781,97.7249984741211,98.8499984741211,54.670860290527344,4184498
2016-10-13,98.4375,101.25,95.8499984741211,97.57499694824219,53.965694427490234,16004643
2016-10-14,98.0999984741211,99.44999694824219,96.375,97.875,54.13161087036133,5699299
2016-10-17,98.25,99.82499694824219,97.1624984741211,98.92500305175781,54.712345123291016,8322899
2016-10-18,99.0374984741211,101.13749694824219,99.0374984741211,100.94999694824219,55.832313537597656,5723357
2016-10-19,101.25,102.9000015258789,100.57499694824219,101.8499984741211,56.330074310302734,7618683
2016-10-20,102.5999984741211,103.3499984741211,101.25,101.8125,56.30933380126953,4680510
2016-10-21,102.2249984741211,105.0,100.5,104.4375,57.761131286621094,5748389
2016-10-24,104.9625015258789,105.67500305175781,102.44999694824219,103.125,57.035240173339844,4523950
2016-10-25,102.9749984741211,103.42500305175781,101.2874984741211,102.9000015258789,56.91079330444336,3350198
2016-10-26,101.8125,102.9000015258789,99.75,100.57499694824219,55.62490463256836,4700934
2016-10-27,100.125,102.30000305175781,97.1624984741211,101.4000015258789,56.08118438720703,7557643
2016-10-28,101.92500305175781,102.0,99.48750305175781,101.17500305175781,55.95676040649414,2628023
2016-11-01,101.2125015258789,101.8125,98.6624984741211,99.0,54.75383377075195,5031809
2016-11-02,97.125,98.17500305175781,95.55000305175781,95.88749694824219,53.03239440917969,4833863
2016-11-03,95.13749694824219,97.1624984741211,93.7874984741211,94.1624984741211,52.07835388183594,3642915
2016-11-04,93.82499694824219,94.05000305175781,89.625,92.9625015258789,51.414669036865234,8133082
2016-11-07,93.75,96.11250305175781,93.7125015258789,94.42500305175781,52.223533630371094,4902109
2016-11-08,94.80000305175781,95.73750305175781,93.5999984741211,94.05000305175781,52.01613235473633,4782879
2016-11-09,87.375,98.17500305175781,84.67500305175781,96.5999984741211,53.426456451416016,12170611
2016-11-10,98.25,103.875,98.0625,102.75,56.82783126831055,9551331
2016-11-11,101.17500305175781,103.4625015258789,99.0374984741211,99.75,55.16862869262695,7552663
2016-11-15,100.42500305175781,100.9124984741211,93.48750305175781,94.19999694824219,52.09909439086914,10806994
2016-11-16,96.0,97.5,93.5250015258789,94.5374984741211,52.2857551574707,4733478
2016-11-17,95.0999984741211,99.375,94.6875,96.7874984741211,53.53015899658203,10125271
2016-11-18,97.9124984741211,100.23750305175781,96.9375,99.375,54.96123504638672,6276161
2016-11-21,100.3125,100.3499984741211,93.86250305175781,94.5,52.265010833740234,6884197
2016-11-22,95.4749984741211,98.17500305175781,94.76249694824219,97.0875015258789,53.69607162475586,8833986
2016-11-23,98.0250015258789,101.13749694824219,96.375,99.86250305175781,55.23085403442383,6563523
2016-11-24,98.92500305175781,100.5,96.9375,99.3375015258789,54.940486907958984,12697433
2016-11-25,100.05000305175781,104.92500305175781,99.67500305175781,103.80000305175781,57.40855026245117,10490242
2016-11-28,104.32499694824219,104.625,100.9124984741211,101.92500305175781,56.371543884277344,7091326
2016-11-29,102.1875,104.25,101.69999694824219,102.11250305175781,56.475257873535156,4555505
2016-11-30,102.67500305175781,105.7125015258789,102.1500015258789,102.67500305175781,56.786346435546875,18423159
2016-12-01,103.875,103.94999694824219,101.32499694824219,101.7750015258789,56.28859329223633,4613326
2016-12-02,100.875,101.9625015258789,98.8499984741211,99.26249694824219,54.89899826049805,4123239
2016-12-05,98.69999694824219,100.6875,97.80000305175781,100.05000305175781,55.33454513549805,4252129
2016-12-06,100.125,101.4000015258789,99.5250015258789,99.7874984741211,55.189361572265625,3040594
2016-12-07,99.0374984741211,101.0250015258789,97.57499694824219,98.2125015258789,54.31827926635742,7100766
2016-12-08,98.92500305175781,100.6875,98.92500305175781,99.86250305175781,55.23085403442383,3741691
2016-12-09,100.3499984741211,102.5999984741211,100.23750305175781,101.25,55.998226165771484,8025755
2016-12-12,101.73750305175781,101.7750015258789,98.51249694824219,99.1875,54.85752868652344,3415397
2016-12-13,99.30000305175781,100.76249694824219,98.2874984741211,99.82499694824219,55.21010208129883,7556233
2016-12-14,100.0875015258789,100.125,97.5,97.7249984741211,54.048667907714844,3762245
2016-12-15,95.88749694824219,99.9000015258789,95.88749694824219,98.32499694824219,54.380496978759766,4830570
2016-12-16,98.25,98.7750015258789,96.375,96.67500305175781,53.46794509887695,3253170
2016-12-19,96.75,98.4375,95.625,96.7874984741211,53.53015899658203,3733942
2016-12-20,97.125,98.17500305175781,95.25,96.5999984741211,53.426456451416016,4689130
2016-12-21,98.25,98.8499984741211,97.125,97.42500305175781,53.88274002075195,5392858
2016-12-22,97.19999694824219,97.4625015258789,94.6875,95.4749984741211,52.804256439208984,4851665
2016-12-23,95.4749984741211,95.55000305175781,91.23750305175781,92.0625,50.91691207885742,7103597
2016-12-26,91.5,91.5,87.75,88.05000305175781,48.69771957397461,6715318
2016-12-27,87.9375,89.36250305175781,86.13749694824219,89.0625,49.25769805908203,8036673
2016-12-28,88.9124984741211,92.55000305175781,88.9124984741211,90.3375015258789,49.96286392211914,5800827
2016-12-29,90.5999984741211,93.67500305175781,90.0,92.0625,50.91691207885742,19493134
2016-12-30,92.32499694824219,94.38749694824219,91.94999694824219,93.63749694824219,51.78799057006836,5362169
2017-01-02,93.63749694824219,94.7249984741211,92.55000305175781,93.4124984741211,51.663543701171875,4068443
2017-01-03,93.67500305175781,96.44999694824219,93.30000305175781,94.80000305175781,52.430938720703125,4716569
2017-01-04,95.17500305175781,95.625,93.1875,93.4124984741211,51.663543701171875,3662071
2017-01-05,93.7874984741211,95.73750305175781,93.5999984741211,95.55000305175781,52.845733642578125,7237283
2017-01-06,96.1500015258789,97.2750015258789,95.92500305175781,96.375,53.30202102661133,4566701
2017-01-09,96.67500305175781,98.4749984741211,96.48750305175781,97.19999694824219,53.75830078125,3977517
2017-01-10,97.5,97.6500015258789,95.6624984741211,96.1500015258789,53.17756652832031,5039309
2017-01-11,96.5999984741211,100.38749694824219,96.375,100.0875015258789,55.355289459228516,9023938
2017-01-12,100.23750305175781,103.5,99.9749984741211,102.86250305175781,56.89006042480469,10927627
2017-01-13,103.5,104.92500305175781,102.30000305175781,104.6624984741211,57.88558578491211,11326765
2017-01-16,104.92500305175781,107.88749694824219,103.94999694824219,107.4000015258789,59.39961624145508,9427337
2017-01-17,107.4000015258789,108.9000015258789,105.63749694824219,107.69999694824219,59.56550979614258,10732423
2017-01-18,107.69999694824219,108.26249694824219,103.57499694824219,103.98750305175781,57.512245178222656,9838125
2017-01-19,104.0999984741211,105.9375,103.2750015258789,104.13749694824219,57.5952033996582,5665911
2017-01-20,104.13749694824219,105.9375,102.5250015258789,102.9375,56.93153762817383,6613157
2017-01-23,103.0875015258789,106.42500305175781,102.9000015258789,105.7874984741211,58.507781982421875,3878775
2017-01-24,105.5250015258789,107.0250015258789,104.625,106.23750305175781,58.75666046142578,4664533
2017-01-25,106.6500015258789,110.73750305175781,105.7874984741211,109.80000305175781,60.726966857910156,12034763
2017-01-27,111.3375015258789,113.9625015258789,109.2750015258789,112.19999694824219,62.0543212890625,12049610
2017-01-30,112.01249694824219,113.13749694824219,109.5,110.17500305175781,60.93436813354492,4135822
2017-01-31,109.6875,110.0999984741211,105.30000305175781,106.61250305175781,58.96405792236328,17712454
2017-02-01,106.9124984741211,111.48750305175781,106.8375015258789,111.0,61.39065933227539,10871218
2017-02-02,110.36250305175781,112.19999694824219,109.2750015258789,110.5875015258789,61.162506103515625,5559291
2017-02-03,110.25,112.0875015258789,109.98750305175781,111.2249984741211,61.51509475708008,5813197
2017-02-06,111.75,112.19999694824219,109.3499984741211,109.61250305175781,60.623268127441406,4789229
2017-02-07,109.875,112.0875015258789,105.0374984741211,105.7874984741211,58.507781982421875,12606743
2017-02-08,106.38749694824219,107.92500305175781,105.82499694824219,107.4000015258789,59.39961624145508,5221447
2017-02-09,108.0,110.25,107.6624984741211,109.875,60.76844787597656,10230025
2017-02-10,110.4000015258789,111.4124984741211,108.75,109.3499984741211,60.47808074951172,6158105
2017-02-13,109.6500015258789,110.2125015258789,105.9749984741211,108.5999984741211,60.063297271728516,5741889
2017-02-14,109.0875015258789,109.5374984741211,105.86250305175781,108.4124984741211,59.959590911865234,11273577
2017-02-15,109.05000305175781,109.42500305175781,104.51249694824219,105.11250305175781,58.134456634521484,8539774
2017-02-16,105.5250015258789,107.7750015258789,104.88749694824219,107.4375,59.42033004760742,6305019
2017-02-17,108.0374984741211,109.01249694824219,107.0999984741211,108.1500015258789,59.81440353393555,6519222
2017-02-20,108.75,113.25,108.75,112.875,62.427669525146484,13484754
2017-02-21,114.1875,117.375,114.1875,116.625,64.50167846679688,13787159
2017-02-22,117.67500305175781,119.9625015258789,117.11250305175781,118.5374984741211,65.55939483642578,16282947
2017-02-23,118.6500015258789,119.9625015258789,117.1500015258789,118.76249694824219,65.68384552001953,24153349
2017-02-27,112.5,115.2750015258789,112.2750015258789,113.6624984741211,65.7706298828125,13188730
2017-02-28,113.25,116.0250015258789,112.98750305175781,114.48750305175781,66.248046875,10569749
2017-03-01,114.5250015258789,116.2874984741211,114.5250015258789,115.01249694824219,66.55181884765625,8556727
2017-03-02,115.6875,117.30000305175781,113.625,114.82499694824219,66.44332122802734,15205223
2017-03-03,114.7125015258789,116.25,114.30000305175781,115.80000305175781,67.00751495361328,5584383
2017-03-06,116.9625015258789,119.0250015258789,116.25,118.38749694824219,68.50476837158203,8097197
2017-03-07,119.17500305175781,119.25,116.25,116.5875015258789,67.46318817138672,6807385
2017-03-08,116.69999694824219,117.375,113.88749694824219,114.1500015258789,66.052734375,6512419
2017-03-09,113.5875015258789,115.2750015258789,113.4749984741211,113.9625015258789,65.94424438476562,5730598
2017-03-10,114.5999984741211,115.6500015258789,113.8125,114.375,66.18293762207031,6581653
2017-03-14,117.3375015258789,118.98750305175781,116.2125015258789,118.5,68.56986236572266,11073659
2017-03-15,119.2125015258789,120.5999984741211,118.875,119.51249694824219,69.1557388305664,12282287
2017-03-16,120.0,121.8375015258789,119.55000305175781,121.5,70.3058090209961,4208651
2017-03-17,122.2125015258789,126.67500305175781,121.6500015258789,126.2249984741211,73.03993225097656,14651777
2017-03-20,126.67500305175781,127.6875,124.76249694824219,126.5999984741211,73.25691986083984,7586121
2017-03-21,126.4124984741211,127.01249694824219,124.5,125.8125,72.80121612548828,7178263
2017-03-22,124.5,127.3125,122.625,123.2249984741211,71.3039779663086,6840221
2017-03-23,123.30000305175781,125.55000305175781,123.30000305175781,124.9124984741211,72.28044891357422,6872993
2017-03-24,125.36250305175781,132.0,125.25,130.3874969482422,75.44854736328125,14346507
2017-03-27,130.3874969482422,132.1875,128.25,131.625,76.16462707519531,7883098
2017-03-28,131.21249389648438,131.21249389648438,127.7249984741211,129.52499389648438,74.94945526123047,8602646
2017-03-29,132.52499389648438,136.125,131.1374969482422,135.3000030517578,78.29115295410156,12404773
2017-03-30,135.6374969482422,139.0124969482422,133.16250610351562,136.6875,79.09403991699219,17014265
2017-03-31,135.4499969482422,137.4375,135.0,135.75,78.55154418945312,8292402
2017-04-03,136.5,137.02499389648438,134.5500030517578,134.85000610351562,78.03077697753906,6893983
2017-04-05,135.3000030517578,139.1999969482422,134.7375030517578,138.33749389648438,80.04879760742188,6383371
2017-04-06,137.625,140.1750030517578,137.3249969482422,139.35000610351562,80.63468933105469,9042817
2017-04-07,138.33749389648438,139.83749389648438,137.4375,138.0,79.85350799560547,5434029
2017-04-10,139.125,139.3874969482422,136.53750610351562,137.0625,79.31101989746094,4826805
2017-04-11,137.10000610351562,158.47500610351562,137.10000610351562,154.7624969482422,89.5531005859375,49880345
2017-04-12,154.83749389648438,158.3625030517578,150.375,155.0625,89.7267074584961,31931614
2017-04-13,154.5,157.4250030517578,154.0124969482422,155.1374969482422,89.7701187133789,8799366
2017-04-17,155.5500030517578,162.1875,148.5749969482422,151.0500030517578,87.40486907958984,34867795
2017-04-18,151.9499969482422,153.1875,145.4250030517578,146.28750610351562,84.64905548095703,19357969
2017-04-19,145.1999969482422,151.72500610351562,143.77499389648438,148.6125030517578,85.99441528320312,15661159
2017-04-20,150.0,153.4499969482422,148.91250610351562,150.33749389648438,86.99256896972656,13012966
2017-04-21,151.125,154.8000030517578,150.375,153.6750030517578,88.92382049560547,12106527
2017-04-24,154.27499389648438,155.39999389648438,152.8874969482422,154.4250030517578,89.3578109741211,6828131
2017-04-25,154.5,156.75,153.5625,155.10000610351562,89.74840545654297,8504574
2017-04-26,155.5500030517578,155.9250030517578,151.1999969482422,153.52499389648438,88.83702087402344,6137751
2017-04-27,153.5625,155.7375030517578,152.1750030517578,152.8874969482422,88.46814727783203,8103601
2017-04-28,153.375,154.5,151.3874969482422,151.91250610351562,87.9039535522461,8081267
2017-05-02,152.66250610351562,159.97500610351562,151.9499969482422,159.5625,92.33061218261719,12798487
2017-05-03,160.5,160.9499969482422,157.2375030517578,158.10000610351562,91.48433685302734,5745929
2017-05-04,157.9499969482422,160.5749969482422,157.6125030517578,158.8125,91.8966293334961,4116771
2017-05-05,158.96249389648438,163.7624969482422,157.7624969482422,159.60000610351562,92.35231018066406,11224002
2017-05-08,160.35000610351562,163.64999389648438,159.41250610351562,162.375,93.95806121826172,7684638
2017-05-09,163.46249389648438,167.9250030517578,162.60000610351562,165.4499969482422,95.73739624023438,17587718
2017-05-10,166.72500610351562,167.10000610351562,163.125,163.875,94.82604217529297,5361654
2017-05-11,164.625,164.9250030517578,158.8125,160.72500610351562,93.0033187866211,9402009
2017-05-12,161.25,163.5749969482422,159.0749969482422,161.10000610351562,93.22029113769531,6846247
2017-05-15,161.9250030517578,165.1125030517578,160.9875030517578,164.25,95.04302978515625,5575741
2017-05-16,165.4499969482422,166.2375030517578,162.0749969482422,162.75,94.175048828125,10478987
2017-05-17,161.66250610351562,165.75,161.4375,165.1125030517578,95.54212951660156,9546425
2017-05-18,163.5,166.83749389648438,162.75,164.02499389648438,94.91282653808594,9070442
2017-05-19,164.25,166.125,161.3249969482422,162.71249389648438,94.1533432006836,6980498
2017-05-22,163.8000030517578,164.0625,158.9250030517578,159.6750030517578,92.3957290649414,6112499
2017-05-23,160.125,161.9250030517578,156.6750030517578,160.0500030517578,92.61270141601562,12872798
2017-05-24,160.125,161.5500030517578,156.60000610351562,158.0625,91.46265411376953,9834682
2017-05-25,158.625,159.14999389648438,152.0625,153.9375,89.07572174072266,17023355
2017-05-26,152.7375030517578,155.1374969482422,147.33749389648438,153.2624969482422,88.68515014648438,14245689
2017-05-29,154.1999969482422,155.25,146.7375030517578,147.8249969482422,85.53873443603516,7918035
2017-05-30,142.875,157.5,134.58749389648438,154.27499389648438,89.27100372314453,63809135
2017-05-31,155.8125,156.71249389648438,142.875,144.9375,83.86786651611328,139428222
2017-06-01,146.0625,147.33749389648438,141.0,142.0500030517578,82.19703674316406,16763209
2017-06-02,144.0,144.0,139.64999389648438,142.46249389648438,82.43572998046875,22992379
2017-06-05,142.7624969482422,142.9499969482422,139.6875,141.3000030517578,81.76304626464844,7324025
2017-06-06,141.41250610351562,145.125,140.58749389648438,142.35000610351562,82.37064361572266,10118598
2017-06-07,142.5,142.83749389648438,139.53750610351562,140.96249389648438,81.56775665283203,15302342
2017-06-08,141.3000030517578,142.91250610351562,139.72500610351562,140.85000610351562,81.50265502929688,8443171
2017-06-09,140.58749389648438,141.5625,139.53750610351562,140.8874969482422,81.52435302734375,8082378
2017-06-12,140.3249969482422,144.1125030517578,139.1999969482422,143.66250610351562,83.13011169433594,11151525
2017-06-13,143.96249389648438,144.41250610351562,140.39999389648438,141.14999389648438,81.67623138427734,8979991
2017-06-14,141.41250610351562,141.6374969482422,137.66250610351562,138.71249389648438,80.26579284667969,12017715
2017-06-15,138.6750030517578,140.3249969482422,138.33749389648438,139.35000610351562,80.63468933105469,4111670
2017-06-16,139.0124969482422,142.64999389648438,138.14999389648438,140.5500030517578,81.32907104492188,10154535
2017-06-19,140.9250030517578,142.8000030517578,140.5124969482422,142.125,82.24044036865234,3470750
2017-06-20,142.3125,143.9250030517578,140.77499389648438,141.52499389648438,81.89324188232422,3559315
2017-06-21,141.4499969482422,141.4875030517578,138.4875030517578,138.8625030517578,80.35260772705078,5516446
2017-06-22,138.8249969482422,139.6875,135.8625030517578,136.27499389648438,78.85533142089844,5283486
2017-06-23,137.10000610351562,137.10000610351562,131.25,132.2624969482422,76.53350067138672,7964149
2017-06-27,131.5124969482422,131.5124969482422,124.8375015258789,126.9375,73.45220947265625,11055751
2017-06-28,125.8499984741211,129.5625,125.4375,128.77499389648438,74.51546478271484,8262054
2017-06-29,129.375,130.4250030517578,126.9749984741211,127.38749694824219,73.71260833740234,16891955
2017-06-30,127.38749694824219,129.71249389648438,125.8499984741211,128.96249389648438,74.62397766113281,6397459
2017-07-03,130.5749969482422,130.7624969482422,127.61250305175781,129.33749389648438,74.8409652709961,4279141
2017-07-04,129.4499969482422,131.625,128.9250030517578,129.52499389648438,74.94945526123047,5307391
2017-07-05,129.375,130.3125,128.02499389648438,129.1875,74.75416564941406,3700111
2017-07-06,129.9375,134.77499389648438,129.75,132.8625030517578,76.88070678710938,9874511
2017-07-07,134.02499389648438,136.3125,133.3125,135.5625,78.44306182861328,10930357
2017-07-10,138.97500610351562,140.6999969482422,137.25,140.25,81.15547180175781,1712981
2017-07-11,140.25,141.6750030517578,138.41250610351562,138.9375,80.39600372314453,6869241
2017-07-12,139.5,141.0749969482422,139.2375030517578,140.5124969482422,81.3073501586914,4429683
2017-07-13,141.1875,141.8625030517578,139.35000610351562,140.5124969482422,81.3073501586914,3590533
2017-07-14,139.5,140.8874969482422,136.7624969482422,137.77499389648438,79.72330474853516,11860362
2017-07-17,137.8874969482422,141.0,137.66250610351562,139.875,80.93848419189453,7807126
2017-07-18,139.3874969482422,140.3625030517578,137.1750030517578,137.66250610351562,79.65821838378906,4079953
2017-07-19,137.9250030517578,138.75,136.3125,136.7624969482422,79.13743591308594,5120993
2017-07-20,136.875,138.75,136.875,137.77499389648438,79.72330474853516,5867595
2017-07-21,138.14999389648438,138.4875030517578,136.0500030517578,136.875,79.20252990722656,5926183
2017-07-24,136.875,138.6750030517578,135.2624969482422,135.8625030517578,78.61664581298828,8902258
2017-07-25,136.16250610351562,136.8000030517578,132.97500610351562,133.3125,77.1410903930664,7150081
2017-07-26,132.9375,134.6999969482422,131.625,131.96249389648438,76.35991668701172,8903011
2017-07-27,132.52499389648438,133.27499389648438,130.46249389648438,130.8000030517578,75.6872329711914,5684206
2017-07-28,131.0625,132.22500610351562,130.3874969482422,131.5500030517578,76.12122344970703,4293417
2017-07-31,132.5625,132.71249389648438,130.125,131.28750610351562,75.96934509277344,4068795
2017-08-01,131.5500030517578,133.5749969482422,130.72500610351562,131.1374969482422,75.88253021240234,7729578
2017-08-02,131.25,131.8125,128.39999389648438,129.14999389648438,74.73246002197266,4437859
2017-08-03,129.3000030517578,131.85000610351562,127.05000305175781,130.125,75.29666137695312,8951217
2017-08-04,130.125,131.66250610351562,129.14999389648438,130.6125030517578,75.57872772216797,4928741
2017-08-07,131.25,136.53750610351562,130.8000030517578,135.97500610351562,78.6817398071289,9703453
2017-08-08,137.3625030517578,138.0,133.46249389648438,134.28750610351562,77.70528411865234,10151375
2017-08-09,134.21249389648438,136.0124969482422,130.875,131.4375,76.0561294555664,6400673
2017-08-10,130.7624969482422,131.47500610351562,120.1500015258789,122.8125,71.06527709960938,17281547
2017-08-11,119.8125,126.4124984741211,116.0250015258789,123.9000015258789,71.6945571899414,9462551
2017-08-14,123.0,126.0,121.875,125.13749694824219,72.41063690185547,5109631
2017-08-16,125.25,126.5999984741211,121.8375015258789,123.11250305175781,71.23887634277344,6133870
2017-08-17,123.5625,129.4875030517578,123.11250305175781,126.82499694824219,73.38709259033203,8836606
2017-08-18,126.0,128.85000610351562,124.2750015258789,125.17500305175781,72.43234252929688,8895621
2017-08-21,125.25,126.7874984741211,120.1500015258789,120.9749984741211,70.00202178955078,7502097
2017-08-22,122.4749984741211,122.8125,114.1500015258789,114.67500305175781,66.35652923583984,13240515
2017-08-23,115.5,118.5,115.38749694824219,117.9000015258789,68.2226791381836,8043547
2017-08-24,117.5999984741211,121.0875015258789,117.07499694824219,120.5999984741211,69.78502655029297,11302054
2017-08-28,121.7249984741211,125.4749984741211,121.4625015258789,123.86250305175781,71.67285919189453,10654693
2017-08-29,123.5250015258789,125.4000015258789,122.4000015258789,123.3375015258789,71.36907196044922,9733323
2017-08-30,124.5,127.23750305175781,123.9000015258789,125.17500305175781,72.43234252929688,6298406
2017-08-31,126.5625,127.125,124.94999694824219,126.4124984741211,73.14842987060547,12341691
2017-09-01,126.375,128.4375,126.1500015258789,127.2750015258789,73.64751434326172,7257827
2017-09-04,126.7125015258789,126.9000015258789,122.0999984741211,123.30000305175781,71.34737396240234,6776105
2017-09-05,123.9000015258789,124.38749694824219,121.8375015258789,122.92500305175781,71.13038635253906,5142234
2017-09-06,122.0250015258789,124.1624984741211,121.4625015258789,123.44999694824219,71.43417358398438,7630281
2017-09-07,124.0875015258789,124.6875,121.94999694824219,122.4375,70.84828186035156,4834102
2017-09-08,122.7750015258789,123.4124984741211,120.75,122.32499694824219,70.7831802368164,2932829
2017-09-11,122.55000305175781,124.05000305175781,122.4000015258789,123.375,71.3907699584961,5307050
2017-09-12,123.75,124.3125,122.4749984741211,123.4124984741211,71.41248321533203,5240907
2017-09-13,123.375,130.3874969482422,123.07499694824219,128.5124969482422,74.36357116699219,17566293
2017-09-14,127.3125,131.39999389648438,125.88749694824219,126.5625,74.3856201171875,13341567
2017-09-15,126.5625,128.0625,125.25,125.7750015258789,73.92277526855469,6571989
2017-09-18,126.7125015258789,128.5124969482422,124.6500015258789,125.17500305175781,73.57013702392578,6597019
2017-09-19,125.55000305175781,127.42500305175781,124.76249694824219,126.5250015258789,74.36358642578125,5858237
2017-09-20,128.3249969482422,129.375,126.0374984741211,126.48750305175781,74.34154510498047,7290993
2017-09-21,126.5250015258789,127.01249694824219,122.6624984741211,124.76249694824219,73.32768249511719,10042053
2017-09-22,124.125,125.4375,121.7249984741211,122.8499984741211,72.20365142822266,16599121
2017-09-25,123.7125015258789,126.0,121.7249984741211,125.51249694824219,73.76848602294922,11655261
2017-09-26,128.39999389648438,128.47500610351562,120.0,120.5999984741211,70.8812255859375,20617213
2017-09-27,120.75,121.23750305175781,113.32499694824219,113.88749694824219,66.93604278564453,21823314
2017-09-28,113.625,115.0875015258789,110.92500305175781,113.2874984741211,66.58338928222656,10457818
2017-09-29,113.92500305175781,116.13749694824219,113.8125,114.67500305175781,67.39888000488281,6935230
2017-10-03,113.25,115.38749694824219,113.25,114.1875,67.11235809326172,7783047
2017-10-04,114.375,116.92500305175781,114.0374984741211,116.0250015258789,68.19232177734375,6201986
2017-10-05,116.25,117.30000305175781,115.01249694824219,115.5,67.88378143310547,5302131
2017-10-06,116.0999984741211,117.75,115.8375015258789,116.6624984741211,68.5670166015625,5750706
2017-10-09,116.6624984741211,117.375,113.55000305175781,114.11250305175781,67.06829071044922,8156110
2017-10-10,114.67500305175781,115.6500015258789,114.0374984741211,114.5625,67.33277130126953,4172378
2017-10-11,115.1624984741211,116.625,112.23750305175781,113.6624984741211,66.80379486083984,8024918
2017-10-12,114.375,115.3125,113.13749694824219,115.01249694824219,67.59723663330078,6440143
2017-10-13,115.125,117.5250015258789,114.07499694824219,116.2874984741211,68.34659576416016,6402783
2017-10-16,116.55000305175781,116.7750015258789,113.13749694824219,114.3375015258789,67.20052337646484,6702458
2017-10-17,114.5999984741211,116.73750305175781,114.1500015258789,116.32499694824219,68.36863708496094,4817978
2017-10-18,116.6624984741211,120.5999984741211,115.5,119.6624984741211,70.33023071289062,9054095
2017-10-19,120.0,120.1875,117.0374984741211,117.82499694824219,69.25025939941406,1037583
2017-10-23,117.0,119.25,116.17500305175781,117.2249984741211,68.8976058959961,4956013
2017-10-24,118.61250305175781,118.61250305175781,116.0999984741211,117.11250305175781,68.83150482177734,3589643
2017-10-25,118.5374984741211,124.42500305175781,117.26249694824219,122.8499984741211,72.20365142822266,14289691
2017-10-26,122.88749694824219,126.75,122.4000015258789,125.2874984741211,73.63624572753906,24600423
2017-10-27,125.92500305175781,132.52499389648438,125.92500305175781,130.0500030517578,76.43537139892578,14752645
2017-10-30,130.5749969482422,132.2624969482422,127.61250305175781,127.9124984741211,75.17906951904297,6615975
2017-10-31,127.9124984741211,130.35000610351562,126.67500305175781,129.89999389648438,76.34720611572266,7528361
2017-11-01,130.5,132.1875,129.41250610351562,130.16250610351562,76.50148010253906,6832770
2017-11-02,130.27499389648438,136.6875,129.8625030517578,136.27499389648438,80.0940170288086,11216262
2017-11-03,136.9875030517578,138.0,133.875,134.96249389648438,79.32261657714844,9265965
2017-11-06,135.0,137.25,123.67500305175781,124.80000305175781,73.34973907470703,20381686
2017-11-07,125.55000305175781,128.85000610351562,124.23750305175781,125.2125015258789,73.5921630859375,14612875
2017-11-08,126.26249694824219,126.86250305175781,123.44999694824219,124.94999694824219,73.4378890991211,5268251
2017-11-09,125.0250015258789,126.0,122.0250015258789,123.3375015258789,72.49018096923828,5656395
2017-11-10,123.0,123.0374984741211,120.0374984741211,120.63749694824219,70.90326690673828,6554877
2017-11-13,121.125,122.8499984741211,118.05000305175781,120.67500305175781,70.9253158569336,7726314
2017-11-14,120.67500305175781,121.7249984741211,119.73750305175781,120.1875,70.63878631591797,4608778
2017-11-15,119.32499694824219,119.7750015258789,115.38749694824219,115.875,68.10417175292969,12135347
2017-11-16,116.8125,117.44999694824219,115.5,116.69999694824219,68.58905029296875,6594173
2017-11-17,118.0875015258789,122.8499984741211,117.9375,120.86250305175781,71.03551483154297,10625623
2017-11-20,120.86250305175781,121.6875,119.2125015258789,119.55000305175781,70.26411437988281,6652979
2017-11-21,120.5625,122.25,119.69999694824219,121.9124984741211,71.65264129638672,8636630
2017-11-22,122.51249694824219,123.0,120.44999694824219,121.5374984741211,71.43223571777344,7066890
2017-11-23,121.57499694824219,123.75,121.1624984741211,123.3375015258789,72.49018096923828,4137681
2017-11-24,123.82499694824219,123.82499694824219,121.4625015258789,122.55000305175781,72.0273208618164,4378939
2017-11-27,122.0999984741211,122.0999984741211,120.375,120.75,70.96939086914062,5752922
2017-11-28,120.0374984741211,120.44999694824219,118.875,119.32499694824219,70.1318588256836,6884914
2017-11-29,119.2874984741211,119.69999694824219,118.5,118.9124984741211,69.88941955566406,3576878
2017-11-30,118.3499984741211,118.5374984741211,115.125,115.5374984741211,67.90580749511719,14565785
2017-12-01,116.17500305175781,117.67500305175781,114.9375,115.1624984741211,67.6854019165039,7142403
2017-12-04,115.7249984741211,115.94999694824219,113.55000305175781,114.3375015258789,67.20052337646484,4947198
2017-12-05,114.5999984741211,114.86250305175781,113.51249694824219,114.1500015258789,67.09031677246094,4238338
2017-12-06,114.0,115.0875015258789,113.25,113.69999694824219,66.82584381103516,6220094
2017-12-07,114.30000305175781,114.5999984741211,113.51249694824219,114.26249694824219,67.15643310546875,3663599
2017-12-08,114.5999984741211,115.3499984741211,114.3375015258789,114.75,67.44296264648438,4278787
2017-12-11,115.3499984741211,115.3499984741211,113.17500305175781,113.4000015258789,66.6495132446289,4733129
2017-12-12,113.5875015258789,114.0,109.94999694824219,110.25,64.79814147949219,5775785
2017-12-13,109.3125,110.51249694824219,108.4124984741211,109.3125,64.24713897705078,8494191
2017-12-14,110.32499694824219,110.32499694824219,106.3125,108.0,63.475730895996094,10678585
2017-12-15,109.6875,110.9625015258789,109.125,109.98750305175781,64.64386749267578,5316813
2017-12-18,109.05000305175781,114.44999694824219,105.30000305175781,113.51249694824219,66.71562957763672,9772603
2017-12-19,118.5,119.0625,116.625,117.67500305175781,69.16209411621094,20263833
2017-12-20,118.01249694824219,118.01249694824219,116.0250015258789,116.7750015258789,68.63313293457031,5345775
2017-12-21,116.625,119.0999984741211,116.36250305175781,117.75,69.20616912841797,5304325
2017-12-22,117.9000015258789,118.38749694824219,117.07499694824219,117.48750305175781,69.05189514160156,3128423
2017-12-26,117.48750305175781,118.6875,116.55000305175781,118.3125,69.53678894042969,4659905
2017-12-27,118.5,119.25,117.0,117.48750305175781,69.05189514160156,3761943
2017-12-28,117.5250015258789,117.5250015258789,115.5,115.875,68.10417175292969,5239409
2017-12-29,115.875,117.86250305175781,115.875,116.8125,68.6551742553711,4723862
2018-01-01,116.92500305175781,120.30000305175781,116.8499984741211,118.80000305175781,69.82329559326172,6061265
2018-01-02,119.4375,119.8125,117.1500015258789,118.23750305175781,69.4926986694336,4650711
2018-01-03,118.5,119.4375,117.9375,118.38749694824219,69.58086395263672,3457506
2018-01-04,118.61250305175781,121.875,117.9749984741211,121.4625015258789,71.38816833496094,6112743
2018-01-05,122.17500305175781,123.11250305175781,120.9000015258789,121.0875015258789,71.16773986816406,5400301
2018-01-08,121.42500305175781,123.2249984741211,121.05000305175781,122.9625015258789,72.26976013183594,4920313
2018-01-09,123.375,124.01249694824219,121.5374984741211,122.55000305175781,72.0273208618164,4572961
2018-01-10,122.32499694824219,123.44999694824219,121.01249694824219,121.76249694824219,71.56446838378906,4455987
2018-01-11,121.3499984741211,123.11250305175781,120.44999694824219,121.76249694824219,71.56446838378906,4991331
2018-01-12,122.4000015258789,122.92500305175781,119.88749694824219,121.01249694824219,71.12367248535156,4697282
2018-01-15,121.23750305175781,122.0250015258789,120.0,120.2249984741211,70.66082763671875,3387581
2018-01-16,120.30000305175781,120.9749984741211,115.1624984741211,115.4625015258789,67.86173248291016,6141227
2018-01-17,115.5,116.92500305175781,113.51249694824219,116.5875015258789,68.52293395996094,5100510
2018-01-18,117.375,117.63749694824219,113.25,114.7125015258789,67.42092895507812,5648338
2018-01-19,114.82499694824219,118.80000305175781,114.67500305175781,117.3375015258789,68.9637451171875,7013705
2018-01-22,117.07499694824219,117.30000305175781,115.7249984741211,116.73750305175781,68.61109161376953,3200753
2018-01-23,117.82499694824219,118.5,116.7750015258789,118.3125,69.53678894042969,4853747
2018-01-24,117.7874984741211,120.5250015258789,117.5250015258789,120.1875,70.63878631591797,5895335
2018-01-25,120.0,120.67500305175781,117.7874984741211,118.38749694824219,69.58086395263672,16834122
2018-01-29,119.17500305175781,119.4375,117.375,118.19999694824219,69.47065734863281,2275185
2018-01-30,117.75,118.76249694824219,116.69999694824219,117.5999984741211,69.1180191040039,2831006
2018-01-31,117.0,118.1624984741211,114.82499694824219,116.625,68.54498291015625,4392853
2018-02-01,116.8499984741211,119.0250015258789,114.0,115.0875015258789,67.64132690429688,8129203
2018-02-02,114.0,114.44999694824219,108.75,109.05000305175781,64.09285736083984,9701566
2018-02-05,108.0,112.0875015258789,106.76249694824219,110.7750015258789,65.10670471191406,5152741
2018-02-06,106.5,109.2750015258789,105.1500015258789,108.4124984741211,63.718170166015625,6106707
2018-02-07,109.5,112.61250305175781,108.7125015258789,111.7874984741211,65.70179748535156,10892438
2018-02-08,112.5,114.0,111.3375015258789,112.9124984741211,66.36299133300781,5590619
2018-02-09,111.75,113.69999694824219,110.88749694824219,112.4625015258789,66.0985107421875,4079981
2018-02-12,113.4375,116.36250305175781,113.4375,115.5374984741211,67.90580749511719,5710282
2018-02-14,117.1875,117.75,115.0875015258789,116.0625,68.21437072753906,6578830
2018-02-15,110.92500305175781,110.9625015258789,106.875,107.4375,66.3163070678711,8618821
2018-02-16,108.07499694824219,108.4124984741211,105.0,105.9000015258789,65.36727905273438,6194067
2018-02-19,106.42500305175781,107.4749984741211,103.57499694824219,105.11250305175781,64.88119506835938,4744625
2018-02-20,105.5250015258789,105.9000015258789,102.86250305175781,103.98750305175781,64.18677520751953,4368033
2018-02-21,104.55000305175781,104.8499984741211,102.82499694824219,103.3125,63.770137786865234,3108255
2018-02-22,103.1624984741211,104.2125015258789,102.0,102.48750305175781,63.260894775390625,7840817
2018-02-23,102.75,105.375,102.75,105.2249984741211,64.95063781738281,3326859
2018-02-26,106.4625015258789,111.67500305175781,105.75,109.875,67.82088470458984,13196529
2018-02-27,110.0999984741211,111.0,108.4124984741211,109.01249694824219,67.2884750366211,12937191
2018-02-28,108.75,109.23750305175781,107.0250015258789,108.2249984741211,66.80240631103516,5727574
2018-03-01,107.8499984741211,108.48750305175781,106.3499984741211,106.61250305175781,65.80708312988281,7481139
2018-03-05,105.7125015258789,106.19999694824219,104.0625,105.1500015258789,64.90434265136719,3049950
2018-03-06,105.75,107.4375,103.5,104.17500305175781,64.30252075195312,5488921
2018-03-07,104.25,104.25,101.32499694824219,101.73750305175781,62.79795837402344,4180819
2018-03-08,101.25,101.36250305175781,92.92500305175781,94.2750015258789,58.19169235229492,15407657
2018-03-09,94.0875015258789,97.125,94.0875015258789,96.11250305175781,59.32589340209961,7960186
2018-03-12,97.38749694824219,97.38749694824219,92.4749984741211,94.8375015258789,58.538902282714844,5853435
2018-03-13,94.5,99.0,94.125,97.6875,60.298072814941406,6034775
2018-03-14,96.0374984741211,97.0875015258789,94.61250305175781,95.8499984741211,59.16386413574219,5431686
2018-03-15,96.30000305175781,97.875,95.73750305175781,96.7125015258789,59.69624710083008,4448511
2018-03-16,96.67500305175781,99.0,95.4375,96.375,59.487918853759766,7622806
2018-03-19,96.75,96.9000015258789,91.1624984741211,93.5625,57.75189971923828,10541321
2018-03-20,92.625,95.8499984741211,92.625,95.32499694824219,58.83980941772461,7059149
2018-03-21,96.5250015258789,98.17500305175781,95.88749694824219,97.57499694824219,60.22862243652344,5425382
2018-03-22,98.13749694824219,98.13749694824219,94.61250305175781,94.80000305175781,58.515743255615234,5204326
2018-03-23,93.75,93.75,91.5,92.5875015258789,57.15008544921875,6804442
2018-03-26,92.5875015258789,94.3499984741211,90.5625,94.01249694824219,58.0296630859375,9736621
2018-03-27,94.6875,96.07499694824219,94.5,95.2125015258789,58.77037048339844,16614855
2018-03-28,95.17500305175781,95.17500305175781,93.0374984741211,93.5250015258789,57.72875213623047,8254573
2018-04-02,94.8375015258789,96.9000015258789,93.9749984741211,96.0374984741211,59.279598236083984,2980950
2018-04-03,96.0,96.375,93.75,95.8125,59.14072036743164,6776034
2018-04-04,96.0,97.4625015258789,95.2874984741211,95.92500305175781,59.21017074584961,8503091
2018-04-05,96.75,98.32499694824219,96.07499694824219,97.6875,60.298072814941406,4549726
2018-04-06,97.98750305175781,99.375,97.3125,98.88749694824219,61.03877258300781,3500761
2018-04-09,98.88749694824219,99.2249984741211,97.61250305175781,98.4000015258789,60.73788070678711,3161714
2018-04-10,97.5,98.13749694824219,95.92500305175781,96.375,59.487918853759766,5758130
2018-04-11,96.75,99.0,95.92500305175781,98.0625,60.5295524597168,4248193
2018-04-12,98.625,99.375,95.7750015258789,96.67500305175781,59.67312240600586,4469465
2018-04-13,96.75,97.61250305175781,95.13749694824219,95.69999694824219,59.071285247802734,3469745
2018-04-16,95.625,97.125,94.57499694824219,96.7125015258789,59.69624710083008,3157811
2018-04-17,96.82499694824219,97.3499984741211,95.4000015258789,96.3375015258789,59.464778900146484,2268275
2018-04-18,96.5625,97.05000305175781,95.5875015258789,96.11250305175781,59.32589340209961,2074318
2018-04-19,96.1500015258789,97.23750305175781,95.69999694824219,96.7874984741211,59.7425537109375,2032646
2018-04-20,96.75,97.6500015258789,95.4000015258789,97.125,59.950862884521484,2804510
2018-04-23,96.82499694824219,97.7249984741211,95.6624984741211,96.07499694824219,59.3027458190918,2149614
2018-04-24,96.2249984741211,96.5625,95.4000015258789,95.55000305175781,58.97869873046875,1756546
2018-04-25,95.25,96.5625,94.5374984741211,94.9124984741211,58.58518600463867,2827629
2018-04-26,94.9124984741211,95.51249694824219,93.75,94.125,58.09911346435547,5383303
2018-04-27,94.57499694824219,95.51249694824219,94.23750305175781,94.5,58.33058166503906,8384015
2018-04-30,94.9124984741211,96.07499694824219,94.6875,95.625,59.02498245239258,2654211
2018-05-02,95.92500305175781,96.86250305175781,92.92500305175781,93.30000305175781,57.589866638183594,4031818
2018-05-03,92.625,93.75,91.94999694824219,92.8125,57.288944244384766,3327454
2018-05-04,92.8125,93.375,91.61250305175781,92.13749694824219,56.872314453125,1917275
2018-05-07,92.25,93.63749694824219,91.57499694824219,92.7750015258789,57.26581573486328,3192402
2018-05-08,92.9625015258789,93.3375015258789,91.5,91.80000305175781,56.66398620605469,2967570
2018-05-09,91.80000305175781,92.73750305175781,91.6500015258789,91.94999694824219,56.75657272338867,1659089
2018-05-10,92.17500305175781,92.17500305175781,89.55000305175781,89.9625015258789,55.52978515625,2749671
2018-05-11,90.30000305175781,90.44999694824219,88.2750015258789,89.32499694824219,55.13628387451172,2675383
2018-05-14,89.7750015258789,89.7750015258789,86.55000305175781,86.8499984741211,53.608577728271484,2933890
2018-05-15,86.6624984741211,88.3125,85.23750305175781,86.4000015258789,53.33081817626953,3207987
2018-05-16,85.875,87.5625,84.2249984741211,86.2874984741211,53.26136779785156,3380122
2018-05-17,86.55000305175781,88.05000305175781,85.61250305175781,86.69999694824219,53.5159912109375,3126385
2018-05-18,86.7750015258789,87.9000015258789,83.51249694824219,84.1500015258789,51.941993713378906,4678513
2018-05-21,84.0,84.4124984741211,81.86250305175781,82.23750305175781,50.7614860534668,3353999
2018-05-22,82.2750015258789,83.25,80.7750015258789,81.67500305175781,50.414283752441406,4503707
2018-05-23,81.67500305175781,83.17500305175781,80.7750015258789,81.11250305175781,50.06707763671875,3814045
2018-05-24,81.75,85.5,81.0374984741211,85.0875015258789,52.52066421508789,6346025
2018-05-25,85.6875,87.30000305175781,84.0,85.1624984741211,52.566959381103516,6457017
2018-05-28,85.8375015258789,90.48750305175781,85.57499694824219,89.4749984741211,55.22887420654297,8284035
2018-05-29,88.125,90.63749694824219,86.7750015258789,89.69999694824219,55.36774826049805,7279721
2018-05-30,89.13749694824219,90.1500015258789,88.0875015258789,88.5374984741211,54.65019607543945,3181501
2018-05-31,88.6875,90.0374984741211,88.2750015258789,88.61250305175781,54.69648742675781,13839070
2018-06-01,88.6500015258789,91.3125,85.2750015258789,87.9000015258789,54.25669479370117,9593487
2018-06-04,88.05000305175781,88.80000305175781,84.7874984741211,85.19999694824219,52.59010696411133,3875735
2018-06-05,84.9749984741211,85.42500305175781,81.0,81.67500305175781,50.414283752441406,5130778
2018-06-06,80.2874984741211,83.32499694824219,80.2874984741211,83.0250015258789,51.247589111328125,5544303
2018-06-07,83.4000015258789,88.125,83.4000015258789,87.75,54.16410827636719,7883627
2018-06-08,87.0,87.1875,84.86250305175781,86.17500305175781,53.191932678222656,6383906
2018-06-11,86.92500305175781,89.0625,86.55000305175781,86.88749694824219,53.63172149658203,5563558
2018-06-12,87.3375015258789,87.9000015258789,85.9124984741211,87.3375015258789,53.90948486328125,3116839
2018-06-13,87.63749694824219,89.4000015258789,86.9625015258789,88.3499984741211,54.53445816040039,5709585
2018-06-14,87.9375,87.9375,86.25,87.375,53.93263626098633,3816323
2018-06-15,87.375,87.9749984741211,84.82499694824219,85.0875015258789,52.52066421508789,6247142
2018-06-18,85.01249694824219,85.7249984741211,84.2249984741211,84.5625,52.19660568237305,2120593
2018-06-19,84.375,85.19999694824219,82.5,82.7249984741211,51.06239318847656,3521913
2018-06-20,82.3499984741211,84.375,81.75,83.55000305175781,51.57164001464844,6456627
2018-06-21,84.44999694824219,84.44999694824219,82.5374984741211,82.875,51.15498733520508,4036519
2018-06-22,82.5,83.625,81.9749984741211,83.13749694824219,51.317020416259766,4300826
2018-06-25,82.6500015258789,83.17500305175781,80.7750015258789,81.1500015258789,50.09022521972656,2740026
2018-06-26,80.92500305175781,81.9000015258789,80.25,80.6624984741211,49.78931427001953,2752825
2018-06-27,80.9625015258789,81.0374984741211,76.5,77.0250015258789,47.54404830932617,7468865
2018-06-28,75.75,77.55000305175781,74.25,74.7750015258789,46.15522766113281,8495694
2018-06-29,75.82499694824219,79.76249694824219,75.48750305175781,78.48750305175781,48.44678497314453,9347277
2018-07-02,78.75,78.82499694824219,75.75,76.125,46.988525390625,5580459
2018-07-03,76.6875,77.8125,75.67500305175781,76.5,47.21998977661133,4038555
2018-07-04,76.3125,76.875,74.8499984741211,75.5625,46.64131546020508,5019394
2018-07-05,75.5625,76.23750305175781,74.4375,74.8499984741211,46.20151901245117,4140082
2018-07-06,75.0,79.2750015258789,74.7750015258789,78.2249984741211,48.28475570678711,6341071
2018-07-09,79.05000305175781,79.42500305175781,76.875,77.2874984741211,47.706077575683594,4998643
2018-07-10,77.4000015258789,78.67500305175781,76.98750305175781,77.73750305175781,47.98384475708008,4431543
2018-07-11,77.55000305175781,78.3375015258789,75.375,76.01249694824219,46.9190673828125,5559377
2018-07-12,76.42500305175781,76.875,75.0374984741211,75.30000305175781,46.479286193847656,5043045
2018-07-13,75.375,75.67500305175781,72.0,72.3375015258789,44.65066909790039,10776630
2018-07-16,72.0,72.0374984741211,69.9749984741211,70.23750305175781,43.35443115234375,4884757
2018-07-17,70.76249694824219,72.75,69.5999984741211,71.8499984741211,44.349754333496094,7871834
2018-07-18,72.07499694824219,72.44999694824219,68.0250015258789,68.2874984741211,42.150787353515625,8924898
2018-07-19,68.4000015258789,70.875,67.5374984741211,69.07499694824219,42.63686752319336,9097539
2018-07-20,69.0,69.2249984741211,67.6875,68.69999694824219,42.40540313720703,9077645
2018-07-23,68.9625015258789,69.30000305175781,66.75,68.4749984741211,42.26652526855469,7627143
2018-07-24,68.625,73.3499984741211,68.625,72.67500305175781,44.85899353027344,11004793
2018-07-25,73.42500305175781,74.32499694824219,70.76249694824219,73.6500015258789,45.460819244384766,9771033
2018-07-26,73.6500015258789,81.75,73.125,80.2874984741211,49.55784225463867,33324314
2018-07-27,80.625,84.1500015258789,78.5250015258789,83.0250015258789,51.247589111328125,15369830
2018-07-30,83.0999984741211,86.4375,83.0999984741211,85.42500305175781,52.7289924621582,14480606
2018-07-31,85.125,88.2750015258789,83.69999694824219,87.7125015258789,54.14095687866211,13073621
2018-08-01,88.42500305175781,88.7249984741211,85.2750015258789,86.625,53.46969223022461,8449733
2018-08-02,86.0250015258789,86.7750015258789,84.2249984741211,85.23750305175781,52.61325454711914,6247218
2018-08-03,85.5,87.5250015258789,85.38749694824219,85.875,53.00675582885742,5553001
2018-08-06,86.25,88.05000305175781,85.01249694824219,86.8499984741211,53.608577728271484,5656746
2018-08-07,87.0,88.8375015258789,85.05000305175781,88.2750015258789,54.4881706237793,7579826
2018-08-08,88.2750015258789,88.42500305175781,82.05000305175781,83.2874984741211,51.409610748291016,11981145
2018-08-09,83.625,87.7874984741211,83.32499694824219,86.73750305175781,53.53913879394531,7296255
2018-08-10,86.9625015258789,87.75,85.6875,86.2125015258789,53.21508026123047,5582775
2018-08-13,85.5,85.6500015258789,81.5625,83.625,51.61793518066406,7648141
2018-08-14,83.55000305175781,84.7125015258789,82.6500015258789,84.26249694824219,52.01142883300781,4313219
2018-08-16,82.875,84.07499694824219,81.0374984741211,81.5625,50.344844818115234,6807314
2018-08-17,82.23750305175781,83.17500305175781,80.625,82.5374984741211,50.94666290283203,5657578
2018-08-20,83.17500305175781,85.38749694824219,82.61250305175781,84.9000015258789,52.40493392944336,5980783
2018-08-21,85.125,85.38749694824219,83.69999694824219,84.63749694824219,52.24290084838867,4060071
2018-08-23,85.05000305175781,85.23750305175781,82.2750015258789,83.8499984741211,51.756813049316406,4839775
2018-08-24,83.8499984741211,84.3375015258789,82.5374984741211,83.5875015258789,51.594791412353516,3863915
2018-08-27,84.26249694824219,90.0,83.8499984741211,89.625,55.32146072387695,18556998
2018-08-28,88.38749694824219,88.6500015258789,85.0875015258789,86.0250015258789,53.09933853149414,11226434
2018-08-29,86.69999694824219,89.8499984741211,85.125,88.6500015258789,54.71963882446289,10067757
2018-08-30,89.0250015258789,90.375,87.48750305175781,89.73750305175781,55.39091110229492,10379081
2018-08-31,90.0,91.125,88.5,89.8499984741211,55.46034240722656,10366250
2018-09-03,90.67500305175781,92.0625,89.0625,89.51249694824219,55.252017974853516,6081278
2018-09-04,89.5875015258789,89.88749694824219,84.82499694824219,85.38749694824219,52.705841064453125,7350031
2018-09-05,85.5,86.73750305175781,83.73750305175781,86.36250305175781,53.307674407958984,6250285
2018-09-06,86.625,89.0625,84.9000015258789,88.1624984741211,54.418724060058594,5988543
2018-09-07,87.75,87.75,84.86250305175781,85.98750305175781,53.076194763183594,8360578
2018-09-10,85.8375015258789,89.0625,85.0875015258789,86.55000305175781,53.423397064208984,9911513
2018-09-11,87.07499694824219,89.73750305175781,82.7249984741211,83.73750305175781,51.68737030029297,13612815
2018-09-12,82.80000305175781,82.98750305175781,79.7249984741211,81.5250015258789,50.32170104980469,11953578
2018-09-14,82.80000305175781,84.5999984741211,82.19999694824219,84.26249694824219,52.01142883300781,7130930
2018-09-17,84.375,87.1875,82.01249694824219,85.57499694824219,53.65736389160156,12196226
2018-09-18,85.5,86.625,82.8375015258789,83.6624984741211,52.45817565917969,7740383
2018-09-19,84.2249984741211,86.0999984741211,83.51249694824219,85.19999694824219,53.4222297668457,7887530
2018-09-21,85.6875,86.0250015258789,76.98750305175781,79.8375015258789,50.05982971191406,12398479
2018-09-24,79.9124984741211,80.73750305175781,72.9375,73.5374984741211,46.109596252441406,14083778
2018-09-25,73.3499984741211,76.3499984741211,72.1500015258789,75.5250015258789,47.355796813964844,10540610
2018-09-26,76.42500305175781,77.0999984741211,74.51249694824219,76.6875,48.084716796875,9003690
2018-09-27,75.9000015258789,76.6500015258789,73.01249694824219,73.4625015258789,46.06256866455078,8887402
2018-09-28,73.875,74.6624984741211,70.6500015258789,73.42500305175781,46.0390510559082,13609514
2018-10-01,74.0625,76.875,70.94999694824219,76.5,47.967140197753906,10074697
2018-10-03,76.5,81.375,75.75,78.9375,49.495506286621094,15630510
2018-10-04,76.94999694824219,79.19999694824219,76.42500305175781,78.0374984741211,48.931190490722656,8821014
2018-10-05,77.625,78.9375,75.0,75.67500305175781,47.44984436035156,9646562
2018-10-08,75.67500305175781,78.2249984741211,74.0250015258789,75.5250015258789,47.355796813964844,8208443
2018-10-09,75.75,76.80000305175781,72.9000015258789,74.36250305175781,46.62688064575195,7759718
2018-10-10,75.0,80.36250305175781,75.0,78.1500015258789,49.00172805786133,13982970
2018-10-11,76.125,77.8125,73.9124984741211,75.0,47.02661895751953,8203678
2018-10-12,76.42500305175781,77.7750015258789,74.9625015258789,76.6875,48.084716796875,6310774
2018-10-15,77.25,78.9375,75.75,77.5875015258789,48.649024963378906,5877857
2018-10-16,77.92500305175781,79.42500305175781,77.4000015258789,78.82499694824219,49.424957275390625,3835234
2018-10-17,80.55000305175781,80.55000305175781,75.4124984741211,77.0250015258789,48.29632568359375,7146463
2018-10-19,76.5,78.75,75.5250015258789,78.11250305175781,48.97822189331055,5810838
2018-10-22,78.75,79.42500305175781,76.80000305175781,78.11250305175781,48.97822189331055,5176361
2018-10-23,77.4375,78.67500305175781,76.80000305175781,77.7750015258789,48.76659393310547,4222867
2018-10-24,78.75,81.75,78.07499694824219,81.07499694824219,50.835758209228516,7806246
2018-10-25,80.5875015258789,82.4625015258789,79.1624984741211,80.25,50.3184700012207,22080385
2018-10-26,80.2874984741211,80.69999694824219,77.7750015258789,80.25,50.3184700012207,6145415
2018-10-29,80.4749984741211,85.7249984741211,79.5374984741211,84.67500305175781,53.09304428100586,10676394
2018-10-30,84.3375015258789,85.98750305175781,82.94999694824219,83.6624984741211,52.45817565917969,7400262
2018-10-31,83.7750015258789,87.75,82.9124984741211,87.30000305175781,54.738983154296875,7689993
2018-11-01,87.75,90.5625,86.25,88.3125,55.37382888793945,8422050
2018-11-02,89.4000015258789,90.375,88.3125,89.0625,55.84409713745117,7655621
2018-11-05,88.4625015258789,88.94999694824219,86.0999984741211,87.75,55.02113342285156,8210278
2018-11-06,87.44999694824219,91.125,87.2249984741211,88.76249694824219,55.65599822998047,19328397
2018-11-07,89.2874984741211,89.6624984741211,88.94999694824219,89.32499694824219,56.00869369506836,779785
2018-11-09,89.2125015258789,93.5999984741211,88.1624984741211,92.8499984741211,58.21894454956055,12559809
2018-11-12,93.63749694824219,95.32499694824219,91.3125,91.8375015258789,57.584075927734375,10137415
2018-11-13,90.75,94.42500305175781,90.5999984741211,93.1500015258789,58.40705490112305,7410283
2018-11-14,93.67500305175781,94.94999694824219,92.69999694824219,93.67500305175781,58.73623275756836,6678026
2018-11-15,93.67500305175781,95.2125015258789,91.9124984741211,94.6875,59.371089935302734,7370154
2018-11-16,94.875,95.17500305175781,88.6500015258789,90.7874984741211,56.92570495605469,8677338
2018-11-19,89.55000305175781,93.9375,88.6500015258789,93.3375015258789,58.524620056152344,10380751
2018-11-20,92.5875015258789,94.8375015258789,91.23750305175781,92.17500305175781,57.79570388793945,8756467
2018-11-21,92.17500305175781,94.125,91.3499984741211,93.5250015258789,58.64217758178711,5400770
2018-11-22,93.75,93.7874984741211,90.44999694824219,90.75,56.902191162109375,6815394
2018-11-26,90.75,92.69999694824219,90.375,91.8375015258789,57.584075927734375,5964897
2018-11-27,91.5,93.75,90.375,91.5,57.37245559692383,6557302
2018-11-28,90.9000015258789,92.0999984741211,81.63749694824219,83.13749694824219,52.128997802734375,17359110
2018-11-29,83.25,84.9375,78.1875,79.61250305175781,49.91875076293945,31985310
2018-11-30,80.55000305175781,81.11250305175781,74.4375,74.92500305175781,46.979583740234375,29408745
2018-12-03,75.9375,82.38749694824219,75.375,79.23750305175781,49.683624267578125,27936307
2018-12-04,78.9375,80.73750305175781,77.4000015258789,79.9124984741211,50.10685348510742,16847281
2018-12-05,79.6875,81.5625,77.625,78.7874984741211,49.401451110839844,20662585
2018-12-06,79.5,79.9124984741211,77.25,77.88749694824219,48.837135314941406,13592089
2018-12-07,78.0374984741211,79.7249984741211,76.94999694824219,78.48750305175781,49.213348388671875,18022774
2018-12-10,76.38749694824219,77.0250015258789,74.0625,75.26249694824219,47.191200256347656,29388793
2018-12-11,74.4375,78.375,74.4000015258789,76.98750305175781,48.27281188964844,18070717
2018-12-12,76.94999694824219,78.5999984741211,75.9749984741211,76.5,47.967140197753906,19972209
2018-12-13,77.625,79.3125,75.48750305175781,76.23750305175781,47.80255126953125,19303030
2018-12-14,76.5,78.86250305175781,75.5250015258789,78.0,48.90767288208008,18432134
2018-12-17,78.3375015258789,80.4375,77.9625015258789,79.23750305175781,49.683624267578125,12823630
2018-12-18,78.75,81.1875,77.625,80.8499984741211,50.694679260253906,15336109
2018-12-19,80.92500305175781,81.86250305175781,79.76249694824219,80.25,50.3184700012207,9740859
2018-12-20,79.94999694824219,83.0999984741211,79.76249694824219,82.38749694824219,51.65872573852539,18043901
2018-12-21,82.875,83.32499694824219,80.88749694824219,82.05000305175781,51.44711685180664,14419050
2018-12-24,83.25,86.17500305175781,81.5999984741211,85.3125,53.492774963378906,29941374
2018-12-26,85.19999694824219,87.2249984741211,83.0999984741211,86.7750015258789,54.4097785949707,17695810
2018-12-27,86.625,89.36250305175781,85.61250305175781,87.1500015258789,54.64492416381836,46309879
2018-12-28,87.5999984741211,92.25,87.5625,91.5,57.37245559692383,16545621
2018-12-31,92.25,92.8499984741211,90.2249984741211,91.61250305175781,57.442996978759766,11124906
2019-01-01,91.1624984741211,91.6500015258789,90.11250305175781,90.48750305175781,56.73760223388672,7199881
2019-01-02,90.0,91.38749694824219,88.98750305175781,89.2874984741211,55.98517608642578,8350071
2019-01-03,89.17500305175781,92.2125015258789,89.0999984741211,91.01249694824219,57.0667839050293,9948617
2019-01-04,91.5,92.0999984741211,89.8499984741211,91.1624984741211,57.16084289550781,6965269
2019-01-07,91.8375015258789,92.4000015258789,89.0250015258789,89.92500305175781,56.38490295410156,11668794
2019-01-08,90.30000305175781,91.5,90.0,91.19999694824219,57.184356689453125,5155595
2019-01-09,91.42500305175781,91.7249984741211,89.4000015258789,90.63749694824219,56.83164978027344,6889263
2019-01-10,90.75,93.48750305175781,90.63749694824219,92.13749694824219,57.77219009399414,12254421
2019-01-11,92.13749694824219,93.7125015258789,91.6500015258789,93.4124984741211,58.57162857055664,10372903
2019-01-14,93.0,94.0875015258789,92.2874984741211,93.4124984741211,58.57162857055664,7971006
2019-01-15,93.75,94.875,93.48750305175781,94.5374984741211,59.27703857421875,7095681
2019-01-16,94.42500305175781,95.4375,93.5999984741211,94.0875015258789,58.9948844909668,6436931
2019-01-17,94.4625015258789,97.23750305175781,94.3499984741211,96.26249694824219,60.35865783691406,15002965
2019-01-18,96.30000305175781,96.9749984741211,93.9375,94.61250305175781,59.324073791503906,8819649
2019-01-21,95.55000305175781,95.55000305175781,91.7249984741211,92.0625,57.72515869140625,6699663
2019-01-22,91.875,92.9625015258789,90.2249984741211,92.2125015258789,57.819210052490234,6009147
2019-01-23,92.4749984741211,94.125,90.4124984741211,90.7125015258789,56.878692626953125,6818297
2019-01-24,90.82499694824219,92.32499694824219,90.75,91.875,57.607601165771484,5243209
2019-01-25,92.17500305175781,92.7750015258789,89.4749984741211,90.5250015258789,56.7611198425293,7940531
2019-01-28,90.75,90.9749984741211,88.2750015258789,89.2125015258789,55.93814468383789,4653879
2019-01-29,89.17500305175781,93.5250015258789,88.94999694824219,92.36250305175781,57.913272857666016,11175605
2019-01-30,92.625,94.5,91.94999694824219,93.9749984741211,58.92433547973633,14804862
2019-01-31,94.3499984741211,94.98750305175781,92.0999984741211,93.5250015258789,58.64217758178711,18944982
2019-02-01,93.30000305175781,94.42500305175781,91.7249984741211,93.7874984741211,58.806766510009766,4600741
2019-02-04,93.30000305175781,93.30000305175781,90.0374984741211,90.9749984741211,57.04328155517578,4479953
2019-02-05,90.44999694824219,91.5374984741211,87.1875,87.5999984741211,54.927085876464844,5485107
2019-02-06,86.69999694824219,90.44999694824219,86.6624984741211,89.32499694824219,56.00869369506836,8812953
2019-02-07,89.8499984741211,94.38749694824219,89.55000305175781,93.82499694824219,58.830291748046875,8516757
2019-02-08,93.0,94.19999694824219,88.19999694824219,89.36250305175781,56.03219985961914,10676966
2019-02-11,89.51249694824219,90.375,87.4124984741211,89.4000015258789,56.05570983886719,6844430
2019-02-12,89.4000015258789,92.25,89.4000015258789,91.5374984741211,57.39597702026367,7027809
2019-02-14,89.4375,93.0,87.4124984741211,90.3375015258789,56.6435546875,11866182
2019-02-15,90.1875,92.9625015258789,88.2750015258789,92.13749694824219,57.77219009399414,15299101
2019-02-18,92.25,94.38749694824219,88.875,89.7750015258789,56.290855407714844,11560211
2019-02-19,90.0,94.57499694824219,89.8499984741211,93.5625,58.66569137573242,11331265
2019-02-20,93.75,96.67500305175781,93.375,95.8125,60.07648468017578,10277299
2019-02-21,95.7750015258789,97.7249984741211,95.0625,96.26249694824219,60.35865783691406,11313706
2019-02-22,96.3375015258789,100.3499984741211,96.3375015258789,99.86250305175781,62.61594009399414,12945386
2019-02-25,100.5,101.69999694824219,98.13749694824219,99.26249694824219,62.23971176147461,13397179
2019-02-26,97.5,101.17500305175781,97.5,100.76249694824219,63.18024826049805,12638213
2019-02-27,101.17500305175781,102.7874984741211,99.48750305175781,100.61250305175781,63.08619689941406,11882911
2019-02-28,101.25,103.05000305175781,99.2249984741211,102.26249694824219,64.12077331542969,37553505
2019-03-01,103.76249694824219,103.80000305175781,102.2249984741211,102.9749984741211,64.56753540039062,10161550
2019-03-05,102.375,108.67500305175781,102.2249984741211,108.0,67.71831512451172,19313297
2019-03-06,109.80000305175781,110.17500305175781,106.6500015258789,107.73750305175781,67.55372619628906,13387195
2019-03-07,110.25,110.25,107.4375,108.5250015258789,68.0475082397461,13489249
2019-03-08,108.30000305175781,108.5250015258789,104.73750305175781,107.17500305175781,67.20104217529297,20619515
2019-03-11,99.67500305175781,101.17500305175781,98.4749984741211,100.6875,68.39832305908203,25867566
2019-03-12,101.25,102.82499694824219,99.48750305175781,100.05000305175781,67.96525573730469,9926342
2019-03-13,99.75,101.69999694824219,98.0250015258789,101.0250015258789,68.62757873535156,13467585
2019-03-14,101.25,103.6500015258789,100.42500305175781,103.23750305175781,70.13056945800781,13157354
2019-03-15,103.3499984741211,109.7249984741211,103.05000305175781,108.7125015258789,73.84980773925781,34536390
2019-03-18,108.1875,110.0250015258789,107.4000015258789,109.0875015258789,74.10453796386719,9262237
2019-03-19,109.4625015258789,112.80000305175781,108.44999694824219,111.30000305175781,75.60752868652344,14677046
2019-03-20,111.86250305175781,112.5,108.1500015258789,108.67500305175781,73.8243179321289,10916054
2019-03-22,105.0,107.0999984741211,104.8499984741211,105.7125015258789,71.8118667602539,12237571
2019-03-25,105.5999984741211,117.7125015258789,104.4000015258789,116.55000305175781,79.17391204833984,86569563
2019-03-26,117.0,119.92500305175781,113.625,114.5250015258789,77.79830169677734,78309559
2019-03-27,113.5875015258789,114.1875,111.44999694824219,111.9000015258789,76.0151138305664,18243559
2019-03-28,112.3125,113.4375,110.13749694824219,111.9375,76.04058074951172,22133735
2019-04-01,114.75,114.82499694824219,108.4124984741211,109.0875015258789,74.10453796386719,17587549
2019-04-02,110.17500305175781,112.19999694824219,107.73750305175781,110.51249694824219,75.07255554199219,19096497
2019-04-03,111.07499694824219,114.1875,110.88749694824219,113.25,76.93218231201172,14311035
2019-04-04,113.8125,114.5250015258789,112.01249694824219,113.55000305175781,77.13597106933594,10727901
2019-04-05,113.4000015258789,116.0625,113.4000015258789,115.7249984741211,78.61347198486328,8333094
2019-04-08,115.7249984741211,116.4375,111.82499694824219,112.7249984741211,76.5755386352539,7833927
2019-04-09,113.25,115.3499984741211,112.19999694824219,115.125,78.20588684082031,7065238
2019-04-10,115.05000305175781,115.125,112.2750015258789,112.9124984741211,76.70291137695312,7109326
2019-04-11,113.13749694824219,114.4124984741211,112.125,113.69999694824219,77.23786163330078,6215343
2019-04-12,114.4124984741211,116.7750015258789,113.8125,116.36250305175781,79.04654693603516,9983645
2019-04-15,116.36250305175781,116.92500305175781,114.4124984741211,114.67500305175781,77.90019989013672,4023850
2019-04-16,115.42500305175781,115.5,111.9000015258789,112.8375015258789,76.6519775390625,5900182
2019-04-18,113.55000305175781,116.0250015258789,113.0625,114.9000015258789,78.05304718017578,10563599
2019-04-22,114.30000305175781,114.30000305175781,109.94999694824219,110.69999694824219,75.1999282836914,4251130
2019-04-23,111.5999984741211,112.125,109.1624984741211,110.4000015258789,74.99613952636719,4500286
2019-04-24,111.0,113.7750015258789,110.2125015258789,113.0250015258789,76.77932739257812,8167786
2019-04-25,113.55000305175781,115.5,111.44999694824219,111.9749984741211,76.06605529785156,16029783
2019-04-26,112.61250305175781,112.80000305175781,107.4749984741211,109.4625015258789,74.3592758178711,10585983
2019-04-30,109.875,110.92500305175781,107.73750305175781,110.6624984741211,75.17445373535156,6127743
2019-05-02,110.92500305175781,110.92500305175781,107.17500305175781,108.44999694824219,73.67147827148438,6491231
2019-05-03,109.3125,109.3125,106.61250305175781,106.875,72.60155487060547,5081115
2019-05-06,105.9375,107.625,105.375,106.38749694824219,72.27040100097656,5516334
2019-05-07,107.4000015258789,107.4000015258789,104.4375,104.7750015258789,71.17500305175781,4480954
2019-05-08,104.2125015258789,105.4124984741211,102.63749694824219,103.23750305175781,70.13056945800781,4277991
2019-05-09,102.9375,104.0250015258789,101.625,102.48750305175781,69.62107849121094,5422978
2019-05-10,102.48750305175781,103.1624984741211,100.94999694824219,102.1500015258789,69.39179992675781,6096902
2019-05-13,102.0,102.9375,100.80000305175781,101.0625,68.65304565429688,3277805
2019-05-14,100.875,102.5999984741211,99.44999694824219,101.4749984741211,68.93325805664062,8675697
2019-05-15,102.4124984741211,102.4124984741211,99.82499694824219,101.51249694824219,68.95874786376953,5455719
2019-05-16,101.32499694824219,102.30000305175781,100.6500015258789,101.6624984741211,69.06066131591797,3887522
2019-05-17,102.375,102.5250015258789,99.67500305175781,102.2249984741211,69.44275665283203,4823565
2019-05-20,105.0,110.0999984741211,104.4749984741211,109.1624984741211,74.1554946899414,6281083
2019-05-21,109.80000305175781,109.80000305175781,104.0625,105.26249694824219,71.50615692138672,6068371
2019-05-22,105.26249694824219,107.0250015258789,103.6500015258789,106.3499984741211,72.24491119384766,3419778
2019-05-23,107.8125,112.5,106.5,107.17500305175781,72.80536651611328,8283115
2019-05-24,107.8125,108.9749984741211,106.42500305175781,108.30000305175781,73.569580078125,4055685
2019-05-27,109.1624984741211,111.75,106.9124984741211,110.36250305175781,74.97067260742188,8012062
2019-05-28,110.32499694824219,111.5999984741211,107.4749984741211,108.11250305175781,73.44221496582031,7533375
2019-05-29,108.1500015258789,110.2125015258789,106.80000305175781,108.86250305175781,73.95169830322266,6840150
2019-05-30,108.86250305175781,109.9124984741211,106.6500015258789,107.7750015258789,73.21294403076172,11721089
2019-05-31,108.0,109.0875015258789,104.55000305175781,108.4124984741211,73.64599609375,10704338
2019-06-03,108.63749694824219,109.5,107.88749694824219,108.9375,74.00263977050781,6426497
2019-06-04,108.9000015258789,113.4000015258789,108.7125015258789,111.48750305175781,75.73489379882812,10699910
2019-06-06,111.44999694824219,114.5625,111.07499694824219,111.9375,76.04058074951172,12988691
2019-06-07,112.23750305175781,114.5625,110.4000015258789,113.7750015258789,77.28883361816406,8921647
2019-06-10,115.01249694824219,115.875,113.36250305175781,114.4124984741211,77.72188568115234,7282122
2019-06-11,114.75,117.375,112.8375015258789,116.88749694824219,79.40318298339844,7310670
2019-06-12,116.625,118.01249694824219,114.63749694824219,115.3499984741211,78.3587417602539,9371163
2019-06-13,115.2750015258789,116.92500305175781,114.07499694824219,116.51249694824219,79.14845275878906,5207363
2019-06-14,116.25,118.38749694824219,116.0625,117.48750305175781,79.8107681274414,6748353
2019-06-17,117.5999984741211,117.5999984741211,113.4749984741211,113.9625015258789,77.41619110107422,5234087
2019-06-18,114.7125015258789,117.0,113.8499984741211,115.875,78.71537780761719,4834357
2019-06-19,116.17500305175781,117.9749984741211,115.1624984741211,116.4000015258789,79.07201385498047,4365427
2019-06-20,116.4749984741211,117.7874984741211,114.48750305175781,117.1500015258789,79.58150482177734,4146663
2019-06-21,116.25,117.26249694824219,115.125,115.94999694824219,78.76632690429688,6839974
2019-06-24,115.05000305175781,117.5250015258789,115.05000305175781,116.8499984741211,79.37770080566406,4904241
2019-06-25,116.55000305175781,121.80000305175781,116.51249694824219,120.67500305175781,81.97608947753906,16093513
2019-06-26,120.0,123.5999984741211,120.0,123.0,83.55548858642578,10172495
2019-06-27,123.30000305175781,124.875,121.5374984741211,122.25,83.04600524902344,14663355
2019-06-28,122.2874984741211,125.8499984741211,122.13749694824219,123.5999984741211,83.96307373046875,8612647
2019-07-01,123.75,124.76249694824219,120.5625,121.6500015258789,82.63842010498047,5403458
2019-07-02,121.80000305175781,124.6500015258789,120.375,123.9000015258789,84.16685485839844,7716646
2019-07-03,123.0,126.2249984741211,123.0,125.625,85.33866882324219,8663315
2019-07-04,125.92500305175781,127.1624984741211,124.5374984741211,125.55000305175781,85.28773498535156,3813927
2019-07-05,125.55000305175781,127.1624984741211,124.2750015258789,124.98750305175781,84.90560913085938,4580401
2019-07-08,124.3499984741211,124.3499984741211,118.2750015258789,120.3375015258789,81.74681091308594,6670566
2019-07-09,114.26249694824219,114.26249694824219,100.94999694824219,102.9749984741211,69.9522476196289,44654563
2019-07-10,104.36250305175781,108.5625,103.875,107.32499694824219,72.9072494506836,32000589
2019-07-11,107.73750305175781,110.2125015258789,103.6500015258789,108.7125015258789,73.84980773925781,41345509
2019-07-12,108.26249694824219,113.7750015258789,106.9124984741211,111.5999984741211,75.81131744384766,81646781
2019-07-15,112.7249984741211,113.8499984741211,111.26249694824219,112.3125,76.29532623291016,8569086
2019-07-16,112.3125,116.4000015258789,112.125,115.61250305175781,78.53707122802734,9603458
2019-07-17,115.61250305175781,116.2874984741211,113.69999694824219,115.0875015258789,78.180419921875,9957673
2019-07-18,115.125,115.19999694824219,108.2249984741211,110.69999694824219,75.1999282836914,15371999
2019-07-19,111.75,112.5,109.42500305175781,110.73750305175781,75.22541046142578,11967871
2019-07-22,110.73750305175781,112.61250305175781,107.0625,112.19999694824219,76.21890258789062,11189630
2019-07-23,112.3125,113.55000305175781,109.5,110.625,75.14897918701172,7766282
2019-07-24,111.0,111.375,106.80000305175781,107.17500305175781,72.80536651611328,7633538
2019-07-25,107.92500305175781,110.2125015258789,107.4000015258789,109.875,74.63949584960938,7791774
2019-07-26,109.125,110.9625015258789,105.9000015258789,106.5,72.34681701660156,6813987
2019-07-29,106.5,107.88749694824219,104.69999694824219,105.9375,71.96471405029297,4669774
2019-07-30,106.5,106.80000305175781,100.98750305175781,101.4749984741211,68.93325805664062,5650378
2019-07-31,100.5374984741211,106.2750015258789,100.5374984741211,105.1875,71.4552230834961,6801838
2019-08-01,104.8499984741211,105.75,100.57499694824219,102.2249984741211,69.44275665283203,5771003
2019-08-02,101.25,102.82499694824219,98.92500305175781,100.9124984741211,68.55116271972656,10640982
2019-08-05,99.9000015258789,102.5250015258789,96.5250015258789,100.19999694824219,68.06714630126953,9228462
2019-08-06,99.5999984741211,104.8499984741211,99.2249984741211,103.8375015258789,70.53814697265625,7569119
2019-08-07,103.125,105.86250305175781,101.13749694824219,101.9625015258789,69.26443481445312,9806481
2019-08-08,102.3375015258789,106.19999694824219,102.3375015258789,105.75,71.83734893798828,8838266
2019-08-09,106.38749694824219,108.9749984741211,106.23750305175781,107.32499694824219,72.9072494506836,6894731
2019-08-13,107.7750015258789,109.5,104.9625015258789,105.5999984741211,71.73543548583984,7291482
2019-08-14,106.125,108.7125015258789,105.11250305175781,108.11250305175781,73.44221496582031,6741966
2019-08-16,108.0,111.7125015258789,107.4000015258789,111.1500015258789,75.50563049316406,8101881
2019-08-19,111.7874984741211,112.2750015258789,110.0250015258789,110.2874984741211,74.91971588134766,7254714
2019-08-20,111.1500015258789,111.1500015258789,108.26249694824219,108.7125015258789,73.84980773925781,7279243
2019-08-21,108.67500305175781,108.67500305175781,105.67500305175781,106.4625015258789,72.32133483886719,9822017
2019-08-22,106.4625015258789,106.4625015258789,102.9375,103.9124984741211,70.58909606933594,5485806
2019-08-23,103.6875,107.73750305175781,101.7750015258789,106.4625015258789,72.32133483886719,6650557
2019-08-26,108.07499694824219,108.63749694824219,103.2750015258789,107.25,72.85631561279297,6719334
2019-08-27,107.6624984741211,109.57499694824219,107.6624984741211,108.82499694824219,73.92621612548828,6033762
2019-08-28,108.82499694824219,109.3499984741211,105.11250305175781,105.67500305175781,71.786376953125,4380211
2019-08-29,104.88749694824219,105.30000305175781,102.5625,104.0999984741211,70.71647644042969,3188538
2019-08-30,104.5875015258789,108.75,103.7249984741211,108.1875,73.49315643310547,8580058
2019-09-03,107.13749694824219,108.30000305175781,104.4000015258789,104.8499984741211,71.22595977783203,5012075
2019-09-04,105.30000305175781,109.05000305175781,103.5,108.67500305175781,73.8243179321289,7602498
2019-09-05,108.67500305175781,109.875,106.1624984741211,106.94999694824219,72.65251159667969,6718594
2019-09-06,108.82499694824219,113.5875015258789,108.3375015258789,112.98750305175781,76.75386810302734,15616441
2019-09-09,113.6624984741211,113.7750015258789,111.5625,113.0625,76.80481719970703,9327233
2019-09-11,112.3125,114.0,110.625,111.82499694824219,75.96414947509766,10280194
2019-09-12,111.0,112.1624984741211,110.32499694824219,110.7750015258789,75.2508773803711,6209534
2019-09-13,111.67500305175781,112.01249694824219,108.0374984741211,110.25,74.89424133300781,9981889
2019-09-16,108.82499694824219,110.8499984741211,106.80000305175781,107.4375,72.98367309570312,6778559
2019-09-17,107.4375,107.5875015258789,102.1500015258789,102.5250015258789,69.64654541015625,8291947
2019-09-18,103.19999694824219,103.5,98.17500305175781,99.1875,67.37935638427734,11927226
2019-09-19,98.8499984741211,98.9625015258789,93.5625,94.4625015258789,64.16960144042969,17368755
2019-09-20,94.80000305175781,99.30000305175781,92.73750305175781,96.7874984741211,65.7490005493164,21422602
2019-09-23,98.625,99.375,93.4124984741211,98.5875015258789,66.97175598144531,15060867
2019-09-24,99.375,99.4124984741211,95.4375,96.7874984741211,65.7490005493164,7619614
2019-09-25,96.7874984741211,97.875,94.3499984741211,95.17500305175781,64.65360260009766,6167551
2019-09-26,95.0999984741211,97.23750305175781,94.125,96.44999694824219,65.51972198486328,7534742
2019-09-27,96.0,96.30000305175781,93.07499694824219,94.6875,64.32244110107422,8745433
2019-09-30,93.82499694824219,94.3499984741211,91.42500305175781,92.36250305175781,62.74303436279297,7667699
2019-10-01,92.55000305175781,94.23750305175781,90.82499694824219,92.69999694824219,62.9723014831543,8728431
2019-10-03,92.0625,94.23750305175781,91.3125,93.63749694824219,63.60916519165039,6814730
2019-10-04,94.125,95.5875015258789,92.2874984741211,93.7125015258789,63.66011047363281,9005261
2019-10-07,93.7125015258789,93.9749984741211,91.8375015258789,92.0999984741211,62.56471252441406,6074323
2019-10-09,92.0999984741211,94.38749694824219,89.5875015258789,93.7125015258789,63.66011047363281,8545129
2019-10-10,93.2249984741211,95.92500305175781,92.8499984741211,94.5374984741211,64.22054290771484,8408101
2019-10-11,94.05000305175781,94.61250305175781,91.5374984741211,92.2874984741211,62.69208908081055,8892262
2019-10-14,93.4124984741211,95.625,92.7750015258789,93.7125015258789,63.66011047363281,5107881
2019-10-15,94.19999694824219,94.19999694824219,92.0250015258789,92.4375,62.79398727416992,5002807
2019-10-16,92.5875015258789,94.3125,92.0625,94.0875015258789,63.914852142333984,7411549
2019-10-17,93.1875,94.42500305175781,91.76249694824219,93.375,63.43083572387695,6058394
2019-10-18,93.75,98.25,93.4124984741211,97.875,66.48774719238281,12058582
2019-10-22,97.7249984741211,101.55000305175781,96.86250305175781,100.3499984741211,68.16905212402344,9417658
2019-10-23,100.3499984741211,103.6500015258789,98.17500305175781,102.9000015258789,69.90129852294922,8269418
2019-10-24,103.125,103.5,99.9375,100.6500015258789,68.37283325195312,4054271
2019-10-25,100.94999694824219,102.5999984741211,99.5999984741211,102.26249694824219,69.46822357177734,3497951
2019-10-27,102.07499694824219,102.9375,101.32499694824219,101.88749694824219,69.21349334716797,394935
2019-10-29,101.32499694824219,103.42500305175781,100.5,102.2249984741211,69.44275665283203,6028054
2019-10-30,102.3375015258789,105.375,100.98750305175781,103.05000305175781,70.0031967163086,9840598
2019-10-31,103.5374984741211,105.26249694824219,103.1624984741211,104.8499984741211,71.22595977783203,7145237
2019-11-01,104.8499984741211,106.57499694824219,104.36250305175781,106.19999694824219,72.14302825927734,6585737
2019-11-04,106.19999694824219,107.2125015258789,104.51249694824219,105.67500305175781,71.786376953125,4739817
2019-11-05,105.5999984741211,106.3499984741211,102.11250305175781,103.05000305175781,70.0031967163086,5727295
2019-11-06,101.8499984741211,104.25,100.80000305175781,103.2750015258789,70.15603637695312,4945533
2019-11-07,104.2125015258789,108.0,103.5,107.0999984741211,72.7544174194336,10467925
2019-11-08,106.875,107.25,103.8375015258789,104.0625,70.69098663330078,6737582
2019-11-11,103.6875,105.82499694824219,103.05000305175781,105.375,71.58258819580078,3586910
2019-11-13,105.5625,106.3499984741211,103.23750305175781,103.4625015258789,70.28340911865234,4542086
2019-11-14,103.5,103.5,100.125,101.32499694824219,68.83136749267578,7928174
2019-11-15,101.4000015258789,102.1875,99.82499694824219,100.5374984741211,68.2964096069336,5257174
2019-11-18,100.7249984741211,106.98750305175781,99.82499694824219,105.26249694824219,71.50615692138672,10150279
2019-11-19,105.82499694824219,107.69999694824219,105.0,107.2125015258789,72.83082580566406,6683565
2019-11-20,107.9625015258789,110.0250015258789,107.36250305175781,108.75,73.87527465820312,9629186
2019-11-21,108.5250015258789,108.5250015258789,103.42500305175781,103.8375015258789,70.53814697265625,6127075
2019-11-22,104.0250015258789,106.2750015258789,103.61250305175781,104.7750015258789,71.17500305175781,4653487
2019-11-25,104.6624984741211,106.19999694824219,103.875,104.55000305175781,71.02216339111328,3918217
2019-11-26,104.55000305175781,105.1500015258789,102.86250305175781,103.4625015258789,70.28340911865234,5736401
2019-11-27,103.57499694824219,103.80000305175781,100.6875,102.07499694824219,69.34085845947266,4910142
2019-11-28,101.92500305175781,104.25,101.0625,103.875,70.5636215209961,3600478
2019-11-29,103.125,104.25,102.4124984741211,103.42500305175781,70.2579345703125,5055433
2019-12-02,103.4625015258789,104.13749694824219,102.0,103.42500305175781,70.2579345703125,3730237
2019-12-03,102.44999694824219,103.01249694824219,97.6875,98.0625,66.61511993408203,7176971
2019-12-04,97.19999694824219,100.23750305175781,96.7874984741211,99.82499694824219,67.81239318847656,4697335
2019-12-05,99.9375,102.0,99.48750305175781,100.61250305175781,68.34735870361328,4378298
2019-12-06,100.5,101.36250305175781,95.88749694824219,96.75,65.72351837158203,6792766
2019-12-09,97.19999694824219,98.7750015258789,96.2249984741211,97.2750015258789,66.08015441894531,3083441
2019-12-10,97.23750305175781,99.2249984741211,96.75,97.05000305175781,65.92732238769531,7689034
2019-12-11,97.61250305175781,100.4625015258789,97.2750015258789,100.19999694824219,68.06714630126953,4977290
2019-12-12,100.3499984741211,101.88749694824219,99.2249984741211,101.25,68.78042602539062,4902989
2019-12-13,101.32499694824219,102.5999984741211,100.61250305175781,102.11250305175781,69.3663330078125,3990045
2019-12-16,102.0374984741211,102.9375,101.25,101.9625015258789,69.26443481445312,2678031
2019-12-17,102.1500015258789,103.875,101.2874984741211,103.5,70.30888366699219,3878691
2019-12-18,103.6875,103.94999694824219,101.73750305175781,102.63749694824219,69.72296905517578,2453909
2019-12-19,102.7125015258789,104.0625,102.0374984741211,103.05000305175781,70.0031967163086,2152479
2019-12-20,102.75,103.42500305175781,101.69999694824219,102.9375,69.9267578125,3112073
2019-12-23,102.2249984741211,103.875,101.625,102.3375015258789,69.5191879272461,3235371
2019-12-24,102.2249984741211,103.42500305175781,102.0,103.01249694824219,69.97772216796875,2552435
2019-12-26,102.9000015258789,104.25,102.44999694824219,103.8375015258789,70.53814697265625,2210926
2019-12-27,104.0625,107.0625,103.98750305175781,106.1624984741211,72.1175537109375,6719591
2019-12-30,106.125,106.5374984741211,105.0,105.9375,71.96471405029297,1954747
2019-12-31,105.4124984741211,108.5250015258789,105.1500015258789,107.32499694824219,72.9072494506836,4770817
2020-01-01,107.4749984741211,108.2249984741211,106.1624984741211,107.9625015258789,73.3403091430664,2890349
2020-01-02,107.9625015258789,109.42500305175781,107.625,109.0875015258789,74.10453796386719,3444722
2020-01-03,108.75,109.4625015258789,106.7249984741211,107.25,72.85631561279297,3914475
2020-01-06,106.5,107.5875015258789,103.38749694824219,104.17500305175781,70.76741027832031,3722915
2020-01-07,105.07499694824219,107.92500305175781,104.0250015258789,105.5625,71.7099609375,5335773
2020-01-08,104.32499694824219,105.375,102.5250015258789,103.94999694824219,70.61457061767578,3418026
2020-01-09,104.88749694824219,107.2874984741211,104.88749694824219,106.8375015258789,72.57608795166016,3309451
2020-01-10,107.25,108.48750305175781,106.0875015258789,106.6875,72.47419738769531,4769207
2020-01-13,107.2874984741211,108.30000305175781,106.19999694824219,107.55000305175781,73.06010437011719,5338915
2020-01-14,108.0,108.26249694824219,106.23750305175781,106.6875,72.47419738769531,4207445
2020-01-15,106.5,107.25,104.2125015258789,106.80000305175781,72.55062103271484,6015735
2020-01-16,106.8375015258789,107.625,104.51249694824219,105.7874984741211,71.86280822753906,4434098
2020-01-17,105.63749694824219,106.5,104.51249694824219,105.75,71.83734893798828,3268230
2020-01-20,105.5999984741211,105.5999984741211,102.5250015258789,102.9000015258789,69.90129852294922,4389937
2020-01-21,102.0,103.5,100.5374984741211,100.80000305175781,68.47473907470703,4125210
2020-01-22,101.55000305175781,102.1500015258789,97.2750015258789,101.69999694824219,69.08611297607422,9429809
2020-01-23,101.8499984741211,104.8499984741211,101.25,104.17500305175781,70.76741027832031,5985386
2020-01-24,104.25,106.875,103.57499694824219,106.0875015258789,72.06660461425781,5654259
2020-01-27,105.63749694824219,109.6500015258789,105.44999694824219,108.07499694824219,73.41673278808594,7087981
2020-01-28,108.1500015258789,109.6500015258789,106.05000305175781,108.7125015258789,73.84980773925781,6845187
2020-01-29,108.9000015258789,110.92500305175781,108.7125015258789,110.2874984741211,74.91971588134766,6727885
2020-01-30,110.69999694824219,111.5999984741211,109.23750305175781,111.0,75.40373229980469,6855935
2020-01-31,111.75,111.9749984741211,106.76249694824219,107.7750015258789,73.21294403076172,9384174
2020-02-03,104.36250305175781,105.67500305175781,102.07499694824219,103.3499984741211,70.20698547363281,6234290
2020-02-04,103.7249984741211,107.0999984741211,103.7249984741211,106.6875,72.47419738769531,5918053
2020-02-05,110.55000305175781,115.125,107.4000015258789,113.2125015258789,76.90670776367188,29261334
2020-02-06,114.3375015258789,115.0875015258789,112.57499694824219,114.5250015258789,77.79830169677734,13756842
2020-02-07,115.125,116.625,113.4749984741211,116.2874984741211,78.99559020996094,8511051
2020-02-10,117.0,117.375,113.69999694824219,115.38749694824219,78.38421630859375,15533206
2020-02-11,107.51249694824219,109.125,105.9375,106.42500305175781,77.8629379272461,13928954
2020-02-12,106.0875015258789,107.0625,103.9124984741211,106.42500305175781,77.8629379272461,11201810
2020-02-13,106.1624984741211,106.7249984741211,104.92500305175781,105.5250015258789,77.20447540283203,3975770
2020-02-14,105.75,107.88749694824219,104.25,104.73750305175781,76.62832641601562,5602587
2020-02-17,104.88749694824219,105.9749984741211,103.2750015258789,103.57499694824219,75.7778091430664,3362370
2020-02-18,103.2750015258789,103.2750015258789,100.57499694824219,102.7125015258789,75.14678192138672,4285135
2020-02-19,103.01249694824219,104.0625,102.2249984741211,102.9000015258789,75.28396606445312,2678910
2020-02-20,102.67500305175781,106.05000305175781,102.1875,104.9625015258789,76.79293823242188,4946007
2020-02-24,103.76249694824219,105.7874984741211,101.92500305175781,102.1500015258789,74.73524475097656,4457902
2020-02-25,102.375,102.75,99.9749984741211,100.38749694824219,73.44575500488281,3532991
2020-02-26,99.375,100.3125,96.9749984741211,97.3125,71.1960220336914,5176909
2020-02-27,97.3125,97.76249694824219,94.0875015258789,94.7249984741211,69.30294036865234,5823579
2020-02-28,92.625,92.69999694824219,87.5250015258789,88.3499984741211,64.63885498046875,13012942
2020-03-02,90.7125015258789,93.44999694824219,87.07499694824219,88.3125,64.61141204833984,10295101
2020-03-03,89.7750015258789,91.05000305175781,87.3375015258789,89.8125,65.70884704589844,9949893
2020-03-04,90.48750305175781,90.48750305175781,86.32499694824219,88.01249694824219,64.39192962646484,8514579
2020-03-05,88.5,90.9000015258789,88.01249694824219,88.76249694824219,64.94064331054688,9690090
2020-03-06,86.625,87.9749984741211,84.75,86.4749984741211,63.267059326171875,8229369
2020-03-09,84.9000015258789,85.125,79.57499694824219,80.69999694824219,59.041934967041016,6345865
2020-03-11,80.69999694824219,81.9749984741211,78.2249984741211,78.63749694824219,57.532962799072266,6898994
2020-03-12,75.0,75.0,68.4375,69.82499694824219,51.08554458618164,19877978
2020-03-13,64.19999694824219,76.19999694824219,63.0,75.63749694824219,55.33810043334961,15697114
2020-03-16,72.0,74.13749694824219,70.38749694824219,70.98750305175781,51.93605422973633,7699275
2020-03-17,71.13749694824219,74.8125,69.11250305175781,69.75,51.03067398071289,8011462
2020-03-18,70.3125,73.3499984741211,68.8125,71.92500305175781,52.621952056884766,12084857
2020-03-19,68.92500305175781,69.9375,62.54999923706055,66.9000015258789,48.945552825927734,16222683
2020-03-20,67.3125,71.4000015258789,66.67500305175781,68.73750305175781,50.28990936279297,16880975
2020-03-23,64.5,75.48750305175781,60.337501525878906,60.86249923706055,44.52838134765625,7564993
2020-03-24,61.537498474121094,63.67499923706055,59.25,61.087501525878906,44.6929931640625,9947634
2020-03-25,61.125,64.3125,59.73749923706055,62.92499923706055,46.03734588623047,8968255
2020-03-26,63.375,67.7249984741211,59.0625,65.8125,48.14990997314453,17307209
2020-03-27,67.19999694824219,69.44999694824219,63.0,63.75,46.64093780517578,9757751
2020-03-30,62.25,65.73750305175781,60.48749923706055,63.787498474121094,46.66837692260742,7357602
2020-03-31,65.25,67.5374984741211,64.01249694824219,66.5625,48.69862747192383,9892277
2020-04-01,66.375,68.4000015258789,64.57499694824219,65.2125015258789,47.7109375,5575117
2020-04-03,66.1500015258789,66.1500015258789,63.48749923706055,63.787498474121094,46.66837692260742,4684849
2020-04-07,66.0,66.30000305175781,63.375,65.25,47.73836898803711,8809858
2020-04-08,65.25,68.73750305175781,64.5374984741211,65.69999694824219,48.06760025024414,11339715
2020-04-09,66.5999984741211,67.6500015258789,65.2874984741211,66.75,48.83580780029297,8691445
2020-04-13,66.75,67.6500015258789,64.19999694824219,65.92500305175781,48.23221969604492,6676491
2020-04-15,66.9000015258789,70.0875015258789,65.7750015258789,67.76249694824219,49.57657241821289,10608553
2020-04-16,66.9375,69.07499694824219,66.11250305175781,68.25,49.93324279785156,6359607
2020-04-17,70.125,74.25,69.375,71.625,52.402462005615234,13222425
2020-04-20,72.67500305175781,73.61250305175781,70.19999694824219,70.875,51.85374450683594,8433434
2020-04-21,69.375,69.63749694824219,67.1624984741211,68.5875015258789,50.1801643371582,6341829
2020-04-22,68.25,68.36250305175781,66.75,67.76249694824219,49.57657241821289,7073505
2020-04-23,68.25,70.23750305175781,67.875,68.88749694824219,50.39964294433594,5551178
2020-04-24,67.98750305175781,70.05000305175781,66.82499694824219,67.01249694824219,49.027854919433594,8047227
2020-04-27,67.76249694824219,68.2874984741211,66.26249694824219,66.5999984741211,48.7260627746582,7293275
2020-04-28,67.42500305175781,67.7249984741211,66.5999984741211,66.82499694824219,48.89067459106445,5673279
2020-04-29,68.25,70.7249984741211,67.6875,69.9375,51.167850494384766,13286783
2020-04-30,70.98750305175781,72.1875,69.9375,71.6624984741211,52.429901123046875,11517447
2020-05-04,69.7125015258789,69.7125015258789,66.75,67.5374984741211,49.41196060180664,16668974
2020-05-05,68.2125015258789,69.26249694824219,67.3125,67.61250305175781,49.466827392578125,6170067
2020-05-06,67.7249984741211,68.8125,66.375,68.625,50.20759963989258,9487758
2020-05-07,67.94999694824219,69.63749694824219,67.61250305175781,68.69999694824219,50.26246643066406,7641257
2020-05-08,69.5999984741211,69.5999984741211,65.17500305175781,65.6624984741211,48.0401611328125,7587482
2020-05-11,66.67500305175781,68.69999694824219,66.0374984741211,66.86250305175781,48.918113708496094,8354003
2020-05-12,66.375,67.9124984741211,65.4375,67.0875015258789,49.082725524902344,9651254
2020-05-13,70.125,76.875,68.92500305175781,75.44999694824219,55.20092010498047,36914577
2020-05-14,75.75,78.5999984741211,73.5374984741211,74.88749694824219,54.78939437866211,37554103
2020-05-15,74.73750305175781,76.76249694824219,72.9749984741211,73.42500305175781,53.719390869140625,13868047
2020-05-18,73.5,73.9124984741211,67.5,67.9124984741211,49.686317443847656,14475295
2020-05-19,69.26249694824219,69.7125015258789,65.17500305175781,65.51249694824219,47.930416107177734,12852354
2020-05-20,65.8125,66.5999984741211,65.0250015258789,65.69999694824219,48.06760025024414,6223477
2020-05-21,66.0,66.86250305175781,65.55000305175781,66.5625,48.69862747192383,6874841
2020-05-22,66.5250015258789,66.9749984741211,64.125,64.42500305175781,47.134788513183594,9834129
2020-05-26,63.787498474121094,64.76249694824219,62.73749923706055,63.150001525878906,46.20197296142578,8257919
2020-05-27,63.75,64.94999694824219,63.11249923706055,64.6875,47.32683563232422,8348841
2020-05-28,65.13749694824219,66.7125015258789,64.125,65.92500305175781,48.23221969604492,9060133
2020-05-29,65.25,68.69999694824219,64.76249694824219,66.4124984741211,48.5888786315918,20170285
2020-06-01,67.875,71.36250305175781,67.3499984741211,70.38749694824219,51.497074127197266,11405761
2020-06-02,70.3499984741211,72.11250305175781,69.82499694824219,70.7249984741211,51.74401092529297,6516937
2020-06-03,71.55000305175781,73.125,69.75,70.05000305175781,51.25016403198242,9981021
2020-06-04,70.5,71.8125,69.3375015258789,70.125,51.305030822753906,7041825
2020-06-05,70.5374984741211,76.5,70.5374984741211,74.8499984741211,54.7619514465332,21607255
2020-06-08,76.0875015258789,78.30000305175781,74.55000305175781,76.01249694824219,55.612457275390625,14904806
2020-06-09,76.4625015258789,76.98750305175781,72.07499694824219,72.5999984741211,53.11579513549805,35989633
2020-06-10,74.0999984741211,76.125,73.19999694824219,75.67500305175781,55.365535736083984,20118731
2020-06-11,75.75,79.6500015258789,74.7750015258789,76.3499984741211,55.85938262939453,20552397
2020-06-12,72.11250305175781,80.25,72.0,79.5374984741211,58.19142150878906,22707197
2020-06-15,79.42500305175781,80.69999694824219,77.7750015258789,78.5250015258789,57.45066452026367,12621054
2020-06-16,79.80000305175781,82.8375015258789,79.3499984741211,80.5875015258789,58.95964431762695,26312178
2020-06-17,80.55000305175781,82.3125,79.125,79.5374984741211,58.19142150878906,21076945
2020-06-18,78.0,80.92500305175781,76.61250305175781,80.4000015258789,58.822444915771484,20889405
2020-06-19,80.4000015258789,81.5250015258789,77.8499984741211,79.94999694824219,58.493221282958984,21534141
2020-06-22,80.625,86.92500305175781,80.51249694824219,85.80000305175781,62.77322769165039,27330507
2020-06-23,87.44999694824219,87.44999694824219,83.92500305175781,84.375,61.73067092895508,11929851
2020-06-24,84.67500305175781,86.625,83.25,84.67500305175781,61.95014190673828,9024779
2020-06-25,84.5625,88.05000305175781,84.1875,85.9124984741211,62.85551834106445,11941113
2020-06-26,86.55000305175781,87.0,84.07499694824219,84.48750305175781,61.812965393066406,6951867
2020-06-29,84.48750305175781,84.63749694824219,81.0,82.2750015258789,60.19424819946289,9623986
2020-06-30,83.13749694824219,84.0374984741211,80.6624984741211,81.07499694824219,59.31629943847656,7529197
2020-07-01,81.0,82.3125,79.94999694824219,81.44999694824219,59.590660095214844,9802978
2020-07-02,82.1624984741211,82.4625015258789,80.7750015258789,81.4124984741211,59.5632209777832,7372262
2020-07-03,81.82499694824219,82.61250305175781,80.625,81.2249984741211,59.42604064941406,6019863
2020-07-06,81.7125015258789,84.30000305175781,81.5250015258789,83.69999694824219,61.23680114746094,7780063
2020-07-07,84.0374984741211,84.26249694824219,81.0,81.3375015258789,59.50835037231445,8480553
2020-07-08,81.9000015258789,83.0625,80.4000015258789,80.8125,59.12424850463867,9177319
2020-07-09,81.5999984741211,81.5999984741211,79.3499984741211,80.0250015258789,58.548099517822266,6095787
2020-07-10,80.32499694824219,80.625,78.07499694824219,78.5625,57.47809600830078,5997141
2020-07-13,78.9375,79.19999694824219,77.25,78.375,57.34092330932617,5671739
2020-07-14,78.0,78.5999984741211,76.7249984741211,77.4749984741211,56.68246078491211,6248661
2020-07-15,77.7750015258789,78.82499694824219,75.7874984741211,76.1624984741211,55.722206115722656,5131511
2020-07-16,76.94999694824219,77.8125,74.8499984741211,77.32499694824219,56.572715759277344,5675011
2020-07-17,77.4000015258789,78.67500305175781,76.80000305175781,78.44999694824219,57.395790100097656,4978575
2020-07-20,78.75,80.69999694824219,78.48750305175781,79.38749694824219,58.081695556640625,6323470
2020-07-21,79.5,81.75,78.26249694824219,81.2249984741211,59.42604064941406,10874949
2020-07-22,81.7874984741211,82.6875,79.9124984741211,80.73750305175781,59.06937789916992,11600611
2020-07-23,81.0,81.67500305175781,80.0625,80.73750305175781,59.06937789916992,5279490
2020-07-24,80.625,80.92500305175781,78.2249984741211,79.8375015258789,58.410911560058594,7244794
2020-07-27,79.5,79.98750305175781,75.3375015258789,75.63749694824219,55.33810043334961,13150342
2020-07-28,75.75,76.80000305175781,74.8499984741211,75.2249984741211,55.03630828857422,8090287
2020-07-29,75.0,78.9000015258789,73.875,76.9124984741211,56.27091979980469,17561186
2020-07-30,77.32499694824219,77.92500305175781,75.30000305175781,75.67500305175781,55.365535736083984,7392393
2020-07-31,76.1624984741211,76.76249694824219,74.73750305175781,75.11250305175781,54.95400619506836,6337626
2020-08-03,75.48750305175781,76.98750305175781,74.51249694824219,75.3375015258789,55.11861801147461,6971046
2020-08-04,75.75,76.23750305175781,74.9625015258789,75.1500015258789,54.9814338684082,5181270
2020-08-05,76.0875015258789,77.13749694824219,75.44999694824219,76.0875015258789,55.66734313964844,8988699
2020-08-06,76.6875,80.8499984741211,76.125,80.0250015258789,58.548099517822266,22932846
2020-08-07,80.51249694824219,81.5250015258789,77.55000305175781,79.3125,58.02681350708008,15827627
2020-08-10,83.92500305175781,83.92500305175781,80.25,81.0,59.26142501831055,17257003
2020-08-11,81.67500305175781,81.75,79.125,79.3125,58.02681350708008,9903749
2020-08-12,78.7874984741211,82.125,78.44999694824219,81.3375015258789,59.50835037231445,15492859
2020-08-13,81.375,83.25,80.36250305175781,82.8375015258789,60.60578918457031,13282885
2020-08-14,82.8375015258789,83.55000305175781,80.6624984741211,81.0,59.26142501831055,10521530
2020-08-17,82.0875015258789,83.625,80.8499984741211,82.875,60.63322067260742,10858701
2020-08-18,82.9124984741211,83.4749984741211,82.05000305175781,83.0250015258789,60.74296951293945,7830641
2020-08-19,83.4000015258789,86.25,83.4000015258789,85.19999694824219,62.33423614501953,21636906
2020-08-20,84.5250015258789,87.375,83.5875015258789,85.94999694824219,62.882965087890625,22286415
2020-08-21,86.4000015258789,86.92500305175781,84.26249694824219,84.5250015258789,61.840396881103516,8055058
2020-08-24,84.75,85.3125,83.0999984741211,83.4000015258789,61.0173225402832,5493197
2020-08-25,83.625,85.4625015258789,83.32499694824219,84.5999984741211,61.89527130126953,11473681
2020-08-26,84.75,86.0250015258789,83.73750305175781,84.26249694824219,61.648353576660156,8864938
2020-08-27,84.4124984741211,84.9749984741211,82.875,83.0625,60.77040100097656,6572497
2020-08-28,82.7249984741211,85.23750305175781,81.9749984741211,83.6624984741211,61.2093620300293,11951886
2020-08-31,84.67500305175781,85.57499694824219,79.125,79.61250305175781,58.246299743652344,20359114
2020-09-01,80.5875015258789,84.1500015258789,80.32499694824219,83.55000305175781,61.12705993652344,16701383
2020-09-02,83.55000305175781,85.0875015258789,82.01249694824219,84.44999694824219,61.78553009033203,10200937
2020-09-03,83.88749694824219,85.42500305175781,83.4375,84.11250305175781,61.538597106933594,6357905
2020-09-04,83.25,83.73750305175781,81.75,82.4625015258789,60.33141326904297,13641749
2020-09-07,83.25,83.625,81.07499694824219,82.42500305175781,60.303993225097656,15426411
2020-09-08,82.42500305175781,82.98750305175781,80.4000015258789,80.92500305175781,59.20656204223633,5276887
2020-09-09,80.625,81.5250015258789,78.44999694824219,79.8375015258789,58.410911560058594,10021941
2020-09-10,80.25,81.4124984741211,79.125,80.4375,58.84989929199219,6536955
2020-09-11,80.4375,81.30000305175781,79.38749694824219,80.51249694824219,58.904762268066406,5996483
2020-09-14,81.67500305175781,82.5374984741211,80.0999984741211,80.4375,58.84989929199219,8792359
2020-09-15,80.7750015258789,82.05000305175781,79.875,81.5999984741211,59.70039367675781,6963769
2020-09-16,81.9749984741211,83.0625,80.92500305175781,81.63749694824219,59.727840423583984,9127097
2020-09-17,81.3375015258789,82.6500015258789,81.07499694824219,81.48750305175781,59.618099212646484,5989066
2020-09-18,81.86250305175781,81.9375,80.2125015258789,81.0,59.26142501831055,8668777
2020-09-21,80.8125,80.8125,76.5,76.9124984741211,56.27091979980469,6124519
2020-09-22,76.9124984741211,77.25,74.55000305175781,76.57499694824219,56.02399444580078,10199961
2020-09-23,76.875,77.2125015258789,74.0250015258789,75.0,54.87169647216797,8066502
2020-09-24,74.2125015258789,74.4749984741211,71.25,71.4749984741211,52.292724609375,7463959
2020-09-25,72.30000305175781,74.92500305175781,72.11250305175781,74.2874984741211,54.35041046142578,6961251
2020-09-28,74.9625015258789,77.0625,74.51249694824219,76.57499694824219,56.02399444580078,6068631
2020-09-29,77.0250015258789,77.2125015258789,74.88749694824219,75.11250305175781,54.95400619506836,7223074
2020-09-30,75.44999694824219,75.44999694824219,73.61250305175781,74.32499694824219,54.37784957885742,5585426
2020-10-01,74.9625015258789,77.32499694824219,74.73750305175781,76.8375015258789,56.21604919433594,5528279
2020-10-05,77.32499694824219,77.8499984741211,73.875,74.17500305175781,54.26810073852539,11651841
2020-10-06,74.55000305175781,75.9375,73.6500015258789,75.2249984741211,55.03630828857422,6533121
2020-10-07,75.375,75.44999694824219,73.94999694824219,74.36250305175781,54.40528106689453,6461787
2020-10-08,74.8499984741211,76.3499984741211,73.8375015258789,74.2874984741211,54.35041046142578,14916115
2020-10-09,74.55000305175781,75.44999694824219,73.1624984741211,73.5374984741211,53.80169677734375,7660217
2020-10-12,73.875,74.2874984741211,71.625,71.8499984741211,52.567073822021484,7783750
2020-10-13,72.0,72.2249984741211,68.8499984741211,69.44999694824219,50.811187744140625,13512169
2020-10-14,69.30000305175781,71.8125,68.9625015258789,71.5875015258789,52.37503433227539,11244289
2020-10-15,71.55000305175781,72.5999984741211,69.82499694824219,70.0875015258789,51.27759552001953,7198009
2020-10-16,70.2750015258789,71.13749694824219,69.9749984741211,70.5,51.57938766479492,4781086
2020-10-19,70.7249984741211,72.30000305175781,70.19999694824219,72.0,52.676822662353516,5280513
2020-10-20,71.8499984741211,73.38749694824219,71.17500305175781,73.0875015258789,53.47246551513672,6025965
2020-10-21,73.05000305175781,74.88749694824219,72.63749694824219,74.51249694824219,54.51503372192383,7319405
2020-10-22,73.76249694824219,76.42500305175781,73.6500015258789,76.01249694824219,55.612457275390625,9987778
2020-10-23,75.9000015258789,76.42500305175781,74.7750015258789,75.26249694824219,55.06373596191406,5853462
2020-10-26,75.0,75.63749694824219,73.6500015258789,74.0999984741211,54.213233947753906,8789866
2020-10-27,73.80000305175781,76.9124984741211,73.57499694824219,76.6500015258789,56.0788688659668,11456062
2020-10-28,76.3499984741211,77.17500305175781,75.1500015258789,75.5999984741211,55.310665130615234,6461711
2020-10-29,74.625,75.7125015258789,74.4749984741211,75.26249694824219,55.06373596191406,7758706
2020-10-30,75.75,79.0875015258789,75.44999694824219,77.13749694824219,56.4355354309082,16367433
2020-11-02,77.625,78.63749694824219,76.6500015258789,78.2249984741211,57.231170654296875,7974297
2020-11-03,78.67500305175781,79.23750305175781,77.73750305175781,78.5999984741211,57.50553512573242,4952010
2020-11-04,78.75,78.9749984741211,77.13749694824219,78.44999694824219,57.395790100097656,4658461
2020-11-05,79.19999694824219,82.3499984741211,78.63749694824219,81.44999694824219,59.590660095214844,10736899
2020-11-06,81.5999984741211,81.9375,80.17500305175781,81.11250305175781,59.34373092651367,8387701
2020-11-09,83.13749694824219,83.7750015258789,80.625,81.9375,59.94732666015625,12516621
2020-11-10,82.5,84.2249984741211,81.30000305175781,83.92500305175781,61.401424407958984,12143223
2020-11-11,84.26249694824219,87.67500305175781,83.92500305175781,87.375,63.9255256652832,18426701
2020-11-12,87.0374984741211,89.5875015258789,84.9000015258789,88.94999694824219,65.07781982421875,18960491
2020-11-13,85.5,87.0,83.51249694824219,86.55000305175781,66.69610595703125,16473946
2020-11-14,86.7750015258789,87.0,85.2750015258789,85.7249984741211,66.06036376953125,1334951
2020-11-17,85.7249984741211,86.88749694824219,84.0374984741211,86.625,66.75389862060547,10417371
2020-11-18,85.875,87.63749694824219,85.5,87.2249984741211,67.21627044677734,9910611
2020-11-19,86.25,88.5,84.9000015258789,85.80000305175781,66.11815643310547,14731539
2020-11-20,86.2125015258789,87.1875,84.30000305175781,85.1624984741211,65.62688446044922,12541334
2020-11-23,85.19999694824219,87.75,85.19999694824219,86.6624984741211,66.78279876708984,8155387
2020-11-24,87.2249984741211,88.23750305175781,86.51249694824219,87.7125015258789,67.59193420410156,9066191
2020-11-25,88.125,89.51249694824219,86.8499984741211,87.63749694824219,67.53413391113281,11048546
2020-11-26,88.38749694824219,91.9124984741211,88.2750015258789,91.42500305175781,70.45281982421875,21155693
2020-11-27,91.94999694824219,92.69999694824219,88.61250305175781,91.0875015258789,70.19274139404297,26353414
2020-12-01,91.125,91.4625015258789,89.25,90.5999984741211,69.81706237792969,10557455
2020-12-02,91.0875015258789,92.0999984741211,90.1875,91.19999694824219,70.27943420410156,7670309
2020-12-03,91.6500015258789,95.4000015258789,91.6500015258789,94.8375015258789,73.08251190185547,12115450
2020-12-04,95.6624984741211,96.1875,93.7874984741211,95.4375,73.54487609863281,12172490
2020-12-07,95.4375,98.17500305175781,95.17500305175781,97.80000305175781,75.36543273925781,7011409
2020-12-08,98.2125015258789,98.8125,95.2874984741211,95.9625015258789,73.94945526123047,8517454
2020-12-09,96.1875,103.76249694824219,96.1875,101.88749694824219,78.51530456542969,26954877
2020-12-10,100.4625015258789,100.4625015258789,94.125,98.9625015258789,76.26128387451172,23021454
2020-12-11,98.25,102.9749984741211,98.0250015258789,102.11250305175781,78.6886978149414,13396730
2020-12-14,102.1875,105.44999694824219,102.0,104.625,80.62484741210938,12616362
2020-12-15,104.5875015258789,107.17500305175781,102.5250015258789,106.3125,81.92523956298828,13873190
2020-12-16,106.5,107.625,105.44999694824219,106.01249694824219,81.69405364990234,8115225
2020-12-17,105.5999984741211,106.3499984741211,102.75,103.3125,79.61341094970703,8571951
2020-12-18,103.42500305175781,104.25,101.13749694824219,103.3125,79.61341094970703,10625821
2020-12-21,102.0374984741211,103.3125,94.6500015258789,97.4625015258789,75.10536193847656,7838854
2020-12-22,96.9000015258789,98.8499984741211,93.9749984741211,98.36250305175781,75.79891204833984,9535773
2020-12-23,99.3375015258789,100.23750305175781,96.75,98.9625015258789,76.26128387451172,5673831
2020-12-24,99.375,101.69999694824219,99.375,100.42500305175781,77.3882827758789,5291482
2020-12-28,101.25,102.48750305175781,100.76249694824219,101.625,78.3130111694336,4608702
2020-12-29,102.11250305175781,102.82499694824219,100.4625015258789,101.36250305175781,78.11073303222656,3553030
2020-12-30,101.32499694824219,101.5875015258789,98.51249694824219,99.44999694824219,76.63693237304688,6159635
2020-12-31,99.44999694824219,101.25,99.0,100.42500305175781,77.3882827758789,6206486
2021-01-01,100.5,101.625,100.5,101.0250015258789,77.85065460205078,2896781
2021-01-04,102.3375015258789,103.2750015258789,100.6500015258789,103.05000305175781,79.41114044189453,5187391
2021-01-05,102.2249984741211,104.73750305175781,101.7750015258789,104.32499694824219,80.39366149902344,7813811
2021-01-06,104.6624984741211,106.80000305175781,103.94999694824219,105.7874984741211,81.52066802978516,9539782
2021-01-07,106.875,108.48750305175781,106.42500305175781,107.2874984741211,82.67658996582031,6912098
2021-01-08,108.5999984741211,109.6500015258789,107.55000305175781,108.5625,83.65911102294922,8456626
2021-01-11,108.5999984741211,109.23750305175781,105.5999984741211,106.5374984741211,82.09862518310547,6668233
2021-01-12,105.9000015258789,108.5999984741211,105.7874984741211,108.30000305175781,83.45682525634766,7775655
2021-01-13,109.23750305175781,109.5,105.2249984741211,107.51249694824219,82.84996795654297,7355049
2021-01-14,107.7750015258789,109.19999694824219,106.5,107.6624984741211,82.96556091308594,4735299
2021-01-15,107.625,110.92500305175781,107.51249694824219,109.05000305175781,84.0347900390625,12191305
2021-01-18,108.75,109.125,104.51249694824219,105.67500305175781,81.43399047851562,8744059
2021-01-19,105.67500305175781,111.0,105.5250015258789,110.625,85.24847412109375,9159091
2021-01-20,110.51249694824219,110.55000305175781,108.0,109.5,84.38155364990234,5585629
2021-01-21,109.6500015258789,111.30000305175781,106.2750015258789,106.875,82.35871124267578,6535347
2021-01-22,107.0999984741211,108.0,104.0999984741211,105.07499694824219,80.97161102294922,5484174
2021-01-25,106.57499694824219,107.13749694824219,102.75,103.3499984741211,79.64231872558594,4522517
2021-01-27,103.05000305175781,104.4375,100.5374984741211,102.4124984741211,78.91987609863281,8409242
2021-01-28,99.11250305175781,104.2125015258789,99.11250305175781,103.6500015258789,79.87348937988281,9887235
2021-01-29,103.61250305175781,104.0250015258789,98.4375,99.375,76.57914733886719,8087543
2021-02-01,100.57499694824219,104.17500305175781,98.625,103.4625015258789,79.72901153564453,11068062
2021-02-02,104.32499694824219,108.3375015258789,104.32499694824219,107.7750015258789,83.05226135253906,7647873
2021-02-03,108.3375015258789,112.19999694824219,106.6875,111.30000305175781,85.7686538696289,9399401
2021-02-04,111.3375015258789,114.67500305175781,109.94999694824219,114.1500015258789,87.96488952636719,12474962
2021-02-05,115.875,116.25,109.9124984741211,110.69999694824219,85.30628204345703,9483531
2021-02-08,110.92500305175781,112.125,110.0250015258789,111.82499694824219,86.17321014404297,4491135
2021-02-09,110.73750305175781,112.7249984741211,109.19999694824219,109.9124984741211,84.69942474365234,8336106
2021-02-10,109.6500015258789,111.48750305175781,109.05000305175781,110.0999984741211,84.84392547607422,5329331
2021-02-11,110.0250015258789,110.9625015258789,109.125,109.5374984741211,84.41044616699219,2171102
2021-02-12,110.17500305175781,111.44999694824219,108.9000015258789,110.4749984741211,85.13288879394531,6075838
2021-02-15,111.1500015258789,115.42500305175781,111.0,114.5625,88.28275299072266,10226555
2021-02-16,115.4625015258789,117.2249984741211,114.375,115.2750015258789,88.8318099975586,7058930
2021-02-17,115.0875015258789,116.4375,113.36250305175781,113.7750015258789,87.67589569091797,6647854
2021-02-18,114.0,117.75,113.8499984741211,115.61250305175781,89.09188842773438,8863614
2021-02-19,115.4625015258789,115.61250305175781,107.625,109.2750015258789,84.20816040039062,10137479
2021-02-22,109.01249694824219,109.19999694824219,103.5374984741211,104.625,80.62484741210938,13106886
2021-02-23,105.0,106.80000305175781,103.94999694824219,104.73750305175781,80.7115478515625,9144262
2021-02-24,104.73750305175781,106.23750305175781,98.4749984741211,103.6875,79.90239715576172,5897313
2021-02-25,105.375,108.375,102.9000015258789,107.6624984741211,82.96556091308594,19742653
2021-02-26,106.76249694824219,106.76249694824219,100.80000305175781,101.625,78.3130111694336,13511854
2021-03-01,102.4124984741211,104.92500305175781,102.2249984741211,104.2125015258789,80.30695343017578,6590665
2021-03-02,104.69999694824219,106.7249984741211,103.80000305175781,105.0,80.91381072998047,10524489
2021-03-03,107.0999984741211,110.13749694824219,105.1500015258789,109.6875,84.52603912353516,18320162
2021-03-04,108.5625,113.0625,108.07499694824219,109.3125,84.23705291748047,20051770
2021-03-05,109.4625015258789,110.25,106.42500305175781,107.2874984741211,82.67658996582031,11641462
2021-03-08,108.3375015258789,110.6624984741211,107.7750015258789,109.8375015258789,84.64163970947266,4682339
2021-03-09,110.4000015258789,112.7249984741211,109.125,110.69999694824219,85.30628204345703,12257342
2021-03-10,111.375,113.8499984741211,111.375,113.4000015258789,87.38692474365234,14928127
2021-03-12,113.51249694824219,115.8375015258789,112.0875015258789,113.2874984741211,87.30022430419922,12750971
2021-03-15,113.8125,115.01249694824219,112.05000305175781,114.5250015258789,88.25385284423828,10226166
2021-03-16,115.3125,116.5875015258789,114.75,115.875,89.29417419433594,8816213
2021-03-17,115.57499694824219,115.875,112.875,113.36250305175781,87.3580322265625,7425175
2021-03-18,110.6624984741211,111.3375015258789,104.8499984741211,105.9375,84.42916107177734,11527619
2021-03-19,105.07499694824219,108.3375015258789,103.1624984741211,107.36250305175781,85.5648422241211,18132675
2021-03-22,105.75,107.0625,104.0625,104.4000015258789,83.20381927490234,6616306
2021-03-23,104.4749984741211,105.82499694824219,103.8375015258789,104.6624984741211,83.41301727294922,8543250
2021-03-24,103.875,105.0374984741211,101.2125015258789,101.4000015258789,80.81289672851562,5751695
2021-03-25,101.4375,101.625,96.7874984741211,98.0625,78.15301513671875,7541933
2021-03-26,98.9625015258789,100.19999694824219,97.98750305175781,98.4749984741211,78.48175811767578,4180362
2021-03-30,99.0,99.82499694824219,95.8499984741211,96.4124984741211,76.8380126953125,6930230
2021-03-31,96.75,99.1875,96.5250015258789,98.36250305175781,78.39209747314453,6047163
2021-04-01,99.1500015258789,99.82499694824219,98.32499694824219,99.5625,79.34847259521484,4777317
2021-04-05,99.63749694824219,99.63749694824219,96.1500015258789,97.6500015258789,77.82425689697266,6240833
2021-04-06,98.36250305175781,100.19999694824219,97.42500305175781,98.92500305175781,78.84039306640625,5397027
2021-04-07,99.0374984741211,100.6875,98.4000015258789,100.42500305175781,80.03585052490234,4770471
2021-04-08,101.13749694824219,101.625,98.69999694824219,99.1875,79.04960632324219,4603399
2021-04-09,99.0,100.19999694824219,98.25,99.07499694824219,78.95993041992188,2847083
2021-04-12,97.8375015258789,97.8375015258789,91.61250305175781,93.7874984741211,74.74596405029297,12192874
2021-04-13,94.23750305175781,98.8125,94.0875015258789,98.25,78.30243682861328,9417731
2021-04-15,98.0625,99.07499694824219,94.875,96.07499694824219,76.56901550292969,8427582
2021-04-16,96.0,96.75,95.0250015258789,95.32499694824219,75.97129821777344,3341110
2021-04-19,93.75,94.5,93.07499694824219,94.1624984741211,75.04481506347656,6921966
2021-04-20,95.25,96.0,93.7125015258789,94.19999694824219,75.07469940185547,4404886
2021-04-22,93.63749694824219,94.3499984741211,93.0374984741211,94.01249694824219,74.92527770996094,4143543
2021-04-23,93.75,95.4000015258789,93.75,94.76249694824219,75.52298736572266,3347490
2021-04-26,94.5374984741211,96.5250015258789,94.5374984741211,96.2249984741211,76.68856048583984,3400381
2021-04-27,96.0,96.5625,94.875,96.07499694824219,76.56901550292969,3374749
2021-04-28,96.67500305175781,97.2750015258789,96.0374984741211,96.4124984741211,76.8380126953125,2983185
2021-04-29,97.19999694824219,99.7125015258789,95.55000305175781,95.88749694824219,76.41959381103516,7664217
2021-04-30,94.6875,98.25,94.57499694824219,96.07499694824219,76.56901550292969,5363241
2021-05-03,95.625,96.86250305175781,94.57499694824219,95.51249694824219,76.12071990966797,3549053
2021-05-04,96.0,99.3375015258789,96.0,96.9000015258789,77.22652435302734,5822227
2021-05-05,97.5,98.17500305175781,96.5999984741211,97.5374984741211,77.7345962524414,2473310
2021-05-06,97.61250305175781,98.4000015258789,97.23750305175781,97.94999694824219,78.06334686279297,3265194
2021-05-07,98.8499984741211,99.30000305175781,97.6500015258789,98.4000015258789,78.42198944091797,3224213
2021-05-10,99.0,102.2249984741211,98.7750015258789,101.625,80.9922103881836,6290865
2021-05-11,101.2125015258789,106.875,100.6500015258789,106.05000305175781,84.51882934570312,13385611
2021-05-12,106.61250305175781,108.67500305175781,103.94999694824219,104.69999694824219,83.44290924072266,7197162
2021-05-14,105.1500015258789,106.3499984741211,103.38749694824219,104.25,83.08426666259766,5703522
2021-05-17,104.9625015258789,106.5,104.0999984741211,106.1624984741211,84.60847473144531,4477087
2021-05-18,107.17500305175781,108.26249694824219,105.86250305175781,106.6875,85.02688598632812,4300410
2021-05-19,106.57499694824219,108.48750305175781,105.75,106.3499984741211,84.75789642333984,4196443
2021-05-20,106.8375015258789,106.8375015258789,104.625,105.63749694824219,84.19005584716797,3467543
2021-05-21,106.38749694824219,109.23750305175781,105.63749694824219,108.1500015258789,86.19246673583984,6560429
2021-05-24,108.30000305175781,109.61250305175781,107.13749694824219,108.44999694824219,86.43154907226562,4465123
2021-05-25,108.75,109.23750305175781,107.0625,107.32499694824219,85.53495025634766,4073778
2021-05-26,107.625,107.8499984741211,105.9000015258789,106.05000305175781,84.51882934570312,2903771
2021-05-27,106.5,107.625,105.0,107.13749694824219,85.38552856445312,6979478
2021-05-28,106.7249984741211,110.51249694824219,106.6500015258789,109.61250305175781,87.3580322265625,7638201
2021-05-31,111.0,111.0,108.2249984741211,109.42500305175781,87.20858764648438,9579194
2021-06-01,109.42500305175781,110.625,107.7750015258789,109.0875015258789,86.93961334228516,3494014
2021-06-02,109.3499984741211,111.48750305175781,109.05000305175781,111.2249984741211,88.64315032958984,4559409
2021-06-03,111.4124984741211,112.125,110.4749984741211,111.11250305175781,88.5534896850586,2979169
2021-06-04,110.69999694824219,114.48750305175781,110.69999694824219,112.98750305175781,90.04780578613281,6386461
2021-06-07,113.73750305175781,115.6500015258789,113.0999984741211,115.19999694824219,91.81109619140625,4852483
2021-06-08,116.0999984741211,117.5250015258789,114.9375,115.98750305175781,92.438720703125,9926473
2021-06-09,115.98750305175781,125.8499984741211,114.5625,122.9625015258789,97.99758911132812,32299617
2021-06-10,123.7125015258789,123.7125015258789,120.30000305175781,122.4749984741211,97.60906982421875,11713290
2021-06-11,123.1500015258789,123.44999694824219,120.63749694824219,121.05000305175781,96.473388671875,6754807
2021-06-14,120.7874984741211,120.9000015258789,115.80000305175781,118.80000305175781,94.68020629882812,7924445
2021-06-15,119.0250015258789,119.32499694824219,117.0,117.30000305175781,93.4847412109375,7790191
2021-06-16,117.7125015258789,119.9625015258789,116.55000305175781,117.0374984741211,93.27554321289062,8444833
2021-06-17,115.875,116.51249694824219,111.9375,112.7249984741211,89.8386001586914,6013909
2021-06-18,113.25,114.07499694824219,108.75,110.2874984741211,87.8959732055664,7562706
2021-06-21,108.75,111.63749694824219,108.63749694824219,110.7750015258789,88.28450775146484,2608525
2021-06-22,111.30000305175781,111.75,108.5999984741211,108.75,86.67064666748047,3751027
2021-06-23,109.4625015258789,109.80000305175781,108.11250305175781,108.7125015258789,86.64075469970703,4077458
2021-06-24,108.86250305175781,109.125,105.375,106.01249694824219,84.48892211914062,9371995
2021-06-25,107.0625,108.44999694824219,106.42500305175781,107.51249694824219,85.68437957763672,4993877
2021-06-28,107.88749694824219,108.82499694824219,106.7249984741211,106.9124984741211,85.2061996459961,3869739
2021-06-29,107.0625,108.375,106.6875,107.25,85.47518920898438,4610966
2021-06-30,107.4375,113.2125015258789,106.5374984741211,111.4124984741211,88.79257202148438,27242699
2021-07-01,112.5,112.5,108.1875,109.1624984741211,86.99938201904297,12489001
2021-07-02,109.1624984741211,109.875,108.2249984741211,108.3375015258789,86.34188079833984,3857093
2021-07-05,108.67500305175781,109.7249984741211,108.44999694824219,109.38749694824219,87.17869567871094,2480899
2021-07-06,109.1624984741211,110.17500305175781,108.1500015258789,108.4124984741211,86.40165710449219,2660337
2021-07-07,108.3375015258789,108.75,107.0625,108.0,86.07290649414062,3463845
2021-07-08,108.1500015258789,110.5875015258789,107.25,107.5875015258789,85.7441635131836,5846198
2021-07-09,107.69999694824219,109.23750305175781,107.25,109.01249694824219,86.87983703613281,3435153
2021-07-12,109.76249694824219,111.1500015258789,109.1624984741211,110.36250305175781,87.95575714111328,5852854
2021-07-13,110.6624984741211,111.75,110.36250305175781,111.48750305175781,88.85234832763672,3294939
2021-07-14,111.67500305175781,111.7125015258789,110.17500305175781,110.9625015258789,88.43392944335938,3504709
2021-07-15,111.0,114.75,111.0,113.0625,90.10758209228516,8312401
2021-07-16,113.5875015258789,114.5250015258789,112.76249694824219,113.73750305175781,90.64553833007812,3110625
2021-07-19,113.0625,115.875,112.80000305175781,113.55000305175781,90.49610137939453,5061299
2021-07-20,114.30000305175781,115.05000305175781,111.7874984741211,113.55000305175781,90.49610137939453,3731926
2021-07-22,114.63749694824219,115.875,114.0,114.48750305175781,91.2432632446289,3992983
2021-07-23,114.9000015258789,116.0999984741211,114.4124984741211,114.67500305175781,91.39269256591797,3626146
2021-07-26,114.5625,115.23750305175781,112.7249984741211,113.0625,90.10758209228516,3089465
2021-07-27,113.17500305175781,113.36250305175781,108.75,108.86250305175781,86.76029968261719,3147193
2021-07-28,108.9000015258789,110.7750015258789,107.4375,108.9375,86.820068359375,8597631
2021-07-29,109.6875,114.0,108.4124984741211,113.55000305175781,90.49610137939453,8150298
2021-07-30,112.94999694824219,114.86250305175781,112.125,113.32499694824219,90.3167724609375,4935599
2021-08-02,114.30000305175781,117.9000015258789,113.51249694824219,117.48750305175781,93.63418579101562,8128066
2021-08-03,117.9749984741211,118.3499984741211,115.9124984741211,116.625,92.94679260253906,3467566
2021-08-04,116.8499984741211,117.75,115.01249694824219,115.80000305175781,92.28929138183594,2590577
2021-08-05,116.4000015258789,118.125,114.3375015258789,116.32499694824219,92.70768737792969,9024491
2021-08-06,116.0625,120.375,115.94999694824219,117.3375015258789,93.51463317871094,9855658
2021-08-09,117.3375015258789,117.9749984741211,114.2249984741211,115.01249694824219,91.66166687011719,4103937
2021-08-10,115.5,115.5,110.625,111.30000305175781,88.70292663574219,3714406
2021-08-11,111.30000305175781,112.3125,109.3125,111.48750305175781,88.85234832763672,5826506
2021-08-12,111.5625,113.69999694824219,111.1500015258789,113.25,90.25701141357422,5839975
2021-08-13,111.7125015258789,113.25,109.80000305175781,110.13749694824219,88.95463562011719,4478833
2021-08-16,110.2125015258789,114.1875,109.5374984741211,113.88749694824219,91.9833984375,6124230
2021-08-17,113.88749694824219,114.1875,110.0625,110.69999694824219,89.40896606445312,3796070
2021-08-18,110.7750015258789,112.42500305175781,110.51249694824219,111.0374984741211,89.6815414428711,4720377
2021-08-20,111.07499694824219,111.75,107.25,107.9625015258789,87.19796752929688,10165571
2021-08-23,108.75,109.05000305175781,105.07499694824219,105.4124984741211,85.13841247558594,4154245
2021-08-24,105.26249694824219,108.5999984741211,104.4375,108.30000305175781,87.47055053710938,5507139
2021-08-25,108.0374984741211,109.42500305175781,107.55000305175781,108.9375,87.98544311523438,3448527
2021-08-26,108.75,109.5374984741211,107.625,108.07499694824219,87.28882598876953,3077809
2021-08-27,108.75,110.32499694824219,108.1875,109.7249984741211,88.6214828491211,3732019
2021-08-30,110.55000305175781,112.98750305175781,110.51249694824219,112.38749694824219,90.77190399169922,4734422
2021-08-31,112.23750305175781,114.07499694824219,111.9375,113.7750015258789,91.89253997802734,5838105
2021-09-01,114.3375015258789,115.5,113.2874984741211,114.44999694824219,92.4377212524414,3974318
2021-09-02,114.0374984741211,115.4625015258789,113.7750015258789,114.7125015258789,92.64973449707031,2280681
2021-09-03,114.9375,116.8499984741211,114.5625,115.6875,93.43720245361328,3434655
2021-09-06,115.6875,116.4000015258789,114.3375015258789,114.5625,92.52857971191406,2725558
2021-09-07,114.0,114.5625,112.19999694824219,113.13749694824219,91.37765502929688,3020761
2021-09-08,113.0250015258789,118.6875,112.80000305175781,118.1624984741211,95.43618774414062,8887327
2021-09-09,117.1500015258789,119.8125,117.1500015258789,117.9749984741211,95.28475952148438,6018682
2021-09-13,117.9375,118.98750305175781,115.57499694824219,118.5374984741211,95.73906707763672,5911625
2021-09-14,119.4375,119.625,117.5625,118.0875015258789,95.37561798095703,3988073
2021-09-15,117.375,123.26249694824219,117.2249984741211,120.9749984741211,97.70774841308594,12412889
2021-09-16,119.4000015258789,119.6624984741211,116.73750305175781,117.2249984741211,95.69347381591797,3948801
2021-09-17,117.4124984741211,118.3499984741211,114.30000305175781,117.7874984741211,96.15264892578125,9419281
2021-09-20,116.25,117.26249694824219,113.25,113.4749984741211,92.63226318359375,2638633
2021-09-21,113.55000305175781,114.9375,112.19999694824219,113.92500305175781,92.9996109008789,1850957
2021-09-22,114.0374984741211,115.80000305175781,113.7750015258789,114.44999694824219,93.42818450927734,1816095
2021-09-23,115.0875015258789,117.2249984741211,114.48750305175781,116.55000305175781,95.14247131347656,3532363
2021-09-24,116.69999694824219,117.9375,113.7750015258789,114.44999694824219,93.42818450927734,4412819
2021-09-27,115.19999694824219,116.4375,113.17500305175781,113.69999694824219,92.8159408569336,4286771
2021-09-28,114.3375015258789,121.5,113.7750015258789,119.4749984741211,97.53021240234375,14143965
2021-09-29,119.69999694824219,124.5,117.5999984741211,121.76249694824219,99.39754486083984,12576163
2021-09-30,121.76249694824219,122.9625015258789,117.75,118.38749694824219,96.6424560546875,11558010
2021-10-01,118.42500305175781,118.61250305175781,115.125,117.07499694824219,95.57102966308594,7635189
2021-10-04,117.44999694824219,119.7750015258789,117.375,119.13749694824219,97.25469207763672,3260442
2021-10-05,119.51249694824219,122.625,119.13749694824219,121.23750305175781,98.96896362304688,8279009
2021-10-06,122.4375,122.4375,117.0,117.9749984741211,96.30573272705078,6735775
2021-10-07,118.7249984741211,120.07499694824219,118.1624984741211,118.61250305175781,96.82612609863281,3415690
2021-10-08,119.17500305175781,119.4375,117.2249984741211,118.3125,96.58123016357422,3286333
2021-10-11,120.2249984741211,121.9124984741211,119.0250015258789,119.4000015258789,97.46897888183594,5005618
2021-10-12,119.36250305175781,120.26249694824219,117.75,119.73750305175781,97.74449157714844,5129422
2021-10-13,120.5625,122.0625,119.6624984741211,120.0,97.95877838134766,6888073
2021-10-14,120.75,126.63749694824219,119.7750015258789,123.5625,100.86691284179688,28658122
2021-10-18,125.9625015258789,126.1500015258789,122.8499984741211,123.82499694824219,101.08121490478516,10446510
2021-10-19,124.5,124.76249694824219,117.30000305175781,118.05000305175781,96.366943359375,9119558
2021-10-20,116.69999694824219,118.875,114.1500015258789,115.19999694824219,94.04042053222656,6240486
2021-10-21,116.32499694824219,117.375,114.9000015258789,115.94999694824219,94.65267181396484,8089525
2021-10-22,116.625,117.0,112.01249694824219,113.2125015258789,92.41798400878906,7939197
2021-10-25,113.73750305175781,114.0374984741211,110.32499694824219,111.4124984741211,90.94860076904297,6899531
2021-10-26,111.9000015258789,115.0875015258789,111.0,113.7750015258789,92.87716674804688,9404410
2021-10-27,113.9625015258789,118.875,113.88749694824219,117.11250305175781,95.60164642333984,8728597
2021-10-28,117.0,117.48750305175781,111.63749694824219,112.5374984741211,91.86695861816406,6381133
2021-10-29,112.7249984741211,114.0374984741211,109.98750305175781,111.48750305175781,91.00983428955078,9355967
2021-11-01,113.0999984741211,113.9625015258789,110.32499694824219,112.6500015258789,91.95880126953125,9074795
2021-11-02,113.2874984741211,114.86250305175781,113.0250015258789,113.4000015258789,92.57103729248047,5231263
2021-11-03,114.375,116.69999694824219,113.25,114.5999984741211,93.55062103271484,5571269
2021-11-04,115.42500305175781,115.4625015258789,114.63749694824219,114.9749984741211,93.85675048828125,595251
2021-11-08,115.19999694824219,116.73750305175781,115.05000305175781,116.0250015258789,94.71389770507812,4271967
2021-11-09,116.0625,116.4749984741211,114.07499694824219,114.5625,93.52001190185547,4084763
2021-11-10,114.07499694824219,116.0625,113.625,115.4625015258789,94.25470733642578,4604093
2021-11-11,113.4749984741211,113.7750015258789,110.32499694824219,112.3499984741211,93.22783660888672,5676507
2021-11-12,113.17500305175781,113.17500305175781,108.5999984741211,109.23750305175781,90.64509582519531,8843363
2021-11-15,109.42500305175781,109.42500305175781,106.3499984741211,106.57499694824219,88.43573760986328,6113538
2021-11-16,106.875,107.0250015258789,104.55000305175781,105.0,87.12881469726562,7735005
2021-11-17,105.0,106.6875,103.57499694824219,103.80000305175781,86.133056640625,5783695
2021-11-18,104.0999984741211,104.55000305175781,102.07499694824219,102.1875,84.79500579833984,4693974
2021-11-22,102.5625,102.7125015258789,99.3375015258789,100.05000305175781,83.02131652832031,10634843
2021-11-23,99.67500305175781,102.48750305175781,99.11250305175781,101.2874984741211,84.0481948852539,8809554
2021-11-24,102.07499694824219,102.5999984741211,100.5,100.98750305175781,83.79925537109375,7746349
2021-11-25,100.94999694824219,101.0999984741211,98.73750305175781,100.2750015258789,83.2080307006836,6366957
2021-11-26,99.375,99.67500305175781,97.05000305175781,97.5374984741211,80.93645477294922,10451838
2021-11-29,97.19999694824219,98.25,94.61250305175781,96.67500305175781,80.22074890136719,6847174
2021-11-30,97.5,106.05000305175781,95.88749694824219,100.9124984741211,83.73700714111328,148766733
2021-12-01,101.8499984741211,102.4124984741211,99.9749984741211,100.8375015258789,83.67478942871094,5770227
2021-12-02,100.94999694824219,102.3375015258789,100.1624984741211,100.875,83.70589447021484,8193455
2021-12-03,100.42500305175781,101.4375,99.07499694824219,99.4124984741211,82.4923095703125,16718095
2021-12-06,99.44999694824219,101.0625,98.8125,99.5999984741211,82.64790344238281,9322681
2021-12-07,99.9375,101.5875015258789,99.375,100.9124984741211,83.73700714111328,12173799
2021-12-08,101.2874984741211,102.375,100.9124984741211,102.11250305175781,84.73277282714844,10525678
2021-12-09,102.375,103.19999694824219,101.2874984741211,102.5625,85.10618591308594,10422967
2021-12-10,101.36250305175781,102.7125015258789,100.6500015258789,102.1875,84.79500579833984,12160343
2021-12-13,102.1875,104.0250015258789,101.7750015258789,102.67500305175781,85.19953918457031,10149927
2021-12-14,101.73750305175781,103.3499984741211,101.32499694824219,102.63749694824219,85.16841125488281,8731150
2021-12-15,102.9000015258789,103.125,100.875,101.2874984741211,84.0481948852539,5701374
2021-12-16,101.2874984741211,101.9625015258789,99.63749694824219,100.3499984741211,83.27025604248047,9325779
2021-12-17,100.9124984741211,100.94999694824219,97.2750015258789,98.4749984741211,81.7143783569336,15167111
2021-12-20,97.1624984741211,97.42500305175781,93.86250305175781,94.8375015258789,78.69599151611328,9841995
2021-12-21,95.51249694824219,97.0875015258789,94.9124984741211,95.4000015258789,79.16275787353516,4785247
2021-12-22,95.625,97.19999694824219,94.94999694824219,96.9000015258789,80.40745544433594,6478953
2021-12-23,97.57499694824219,99.9375,97.0875015258789,99.4124984741211,82.4923095703125,5549313
2021-12-24,100.05000305175781,100.05000305175781,98.32499694824219,98.55000305175781,81.77661895751953,4010054
2021-12-27,98.0625,99.3375015258789,97.05000305175781,98.69999694824219,81.90108489990234,3032223
2021-12-28,99.0,99.48750305175781,98.4749984741211,99.1500015258789,82.27449798583984,3245167
2021-12-29,99.5999984741211,100.125,98.6624984741211,98.9625015258789,82.1189193725586,3249737
2021-12-30,99.11250305175781,99.44999694824219,97.6500015258789,98.2874984741211,81.55879211425781,3531202
2021-12-31,98.32499694824219,100.875,98.32499694824219,100.3499984741211,83.27025604248047,3185170
2022-01-03,100.80000305175781,101.88749694824219,99.9749984741211,101.4749984741211,84.20377349853516,5494089
2022-01-04,101.8499984741211,103.01249694824219,101.51249694824219,102.1500015258789,84.7638931274414,4885165
2022-01-05,102.5999984741211,102.9000015258789,101.9625015258789,102.3375015258789,84.91947174072266,2491817
2022-01-06,102.67500305175781,102.82499694824219,101.0625,102.63749694824219,85.16841125488281,3340823
2022-01-07,102.75,103.6500015258789,101.4749984741211,102.30000305175781,84.88837432861328,4452871
2022-01-10,102.48750305175781,105.375,102.48750305175781,105.07499694824219,87.19104766845703,6685729
2022-01-11,105.5625,105.5999984741211,103.0875015258789,103.5,85.88412475585938,4069530
2022-01-12,104.0625,104.73750305175781,103.19999694824219,104.36250305175781,86.59981536865234,2879038
2022-01-13,104.25,106.125,104.0250015258789,105.0374984741211,87.1599349975586,4413423
2022-01-14,105.0374984741211,105.375,104.13749694824219,104.4000015258789,86.63093566894531,2828831
2022-01-17,104.4000015258789,105.3375015258789,104.17500305175781,104.8499984741211,87.00434875488281,2211889
2022-01-18,105.0,105.9000015258789,102.0,102.30000305175781,84.88837432861328,3664375
2022-01-19,102.63749694824219,103.875,101.55000305175781,103.38749694824219,85.790771484375,3162527
2022-01-20,103.42500305175781,104.625,102.7874984741211,103.5374984741211,85.91522979736328,2926350
2022-01-21,103.2750015258789,103.5,99.11250305175781,99.67500305175781,82.71014404296875,3844671
2022-01-24,100.2750015258789,100.2750015258789,96.1500015258789,96.9375,80.4385757446289,5594007
2022-01-25,97.125,99.0,95.88749694824219,98.6624984741211,81.86996459960938,6732153
2022-01-27,98.625,101.0999984741211,97.94999694824219,100.80000305175781,83.64366149902344,6043766
2022-01-28,101.7750015258789,103.4625015258789,101.0999984741211,101.4000015258789,84.14154052734375,4826314
2022-01-31,102.82499694824219,104.51249694824219,100.875,103.98750305175781,86.28865814208984,10509363
2022-02-01,104.5875015258789,105.11250305175781,102.9000015258789,104.6624984741211,86.8487548828125,9770014
2022-02-02,105.0,106.9124984741211,104.73750305175781,106.5374984741211,88.40463256835938,5238479
2022-02-03,107.17500305175781,107.4749984741211,104.9625015258789,105.44999694824219,87.50222778320312,5476739
2022-02-04,106.125,106.5374984741211,103.05000305175781,105.44999694824219,87.50222778320312,28956586
2022-02-07,105.75,105.9749984741211,102.3375015258789,102.9000015258789,85.38623809814453,10684595
2022-02-08,102.9000015258789,103.19999694824219,100.05000305175781,101.4749984741211,84.20377349853516,8497857
2022-02-09,102.0,103.98750305175781,101.4000015258789,103.76249694824219,86.10194396972656,5328593
2022-02-10,104.0625,105.9000015258789,103.76249694824219,105.63749694824219,87.6578140258789,6287827
2022-02-11,105.1875,105.75,103.98750305175781,104.2125015258789,86.47535705566406,5977837
2022-02-14,103.0875015258789,103.2750015258789,99.82499694824219,100.3125,83.2391357421875,8892293
2022-02-15,97.3499984741211,97.3499984741211,94.3499984741211,97.05000305175781,84.31424713134766,9860857
2022-02-16,97.5,99.375,97.19999694824219,97.5,84.70518493652344,5442447
2022-02-17,98.13749694824219,98.13749694824219,94.875,95.13749694824219,82.6527099609375,5808171
2022-02-18,94.38749694824219,95.5875015258789,93.7874984741211,94.6875,82.26177215576172,6130407
2022-02-21,94.5,95.5875015258789,93.26249694824219,94.125,81.7730941772461,3556129
2022-02-22,93.0374984741211,93.5250015258789,91.19999694824219,92.8125,80.63282012939453,5583067
2022-02-23,93.375,94.875,93.1500015258789,93.7125015258789,81.41471862792969,3587586
2022-02-24,92.0625,92.13749694824219,87.44999694824219,87.75,76.23467254638672,8936817
2022-02-25,89.5875015258789,92.2125015258789,89.4000015258789,90.4124984741211,78.54776763916016,5895191
2022-02-28,88.5,92.4749984741211,88.42500305175781,91.9124984741211,79.8509292602539,7189902
2022-03-02,91.5,93.0,90.75,91.6500015258789,79.62287902832031,4452767
2022-03-03,92.0625,93.5250015258789,91.6500015258789,92.0625,79.98125457763672,3089573
2022-03-04,91.42500305175781,93.75,91.2750015258789,92.6624984741211,80.50251770019531,3459053
2022-03-07,91.5,91.80000305175781,89.36250305175781,90.5250015258789,78.6455078125,5249878
2022-03-08,90.5250015258789,92.9625015258789,90.11250305175781,92.32499694824219,80.20929718017578,5603921
2022-03-09,92.8499984741211,93.67500305175781,92.13749694824219,93.0374984741211,80.82830047607422,4744151
2022-03-10,93.9375,94.57499694824219,92.2874984741211,92.92500305175781,80.7305679321289,5451014
2022-03-11,92.25,94.5,92.25,94.2750015258789,81.90339660644531,4285499
2022-03-14,94.5,94.6500015258789,91.7249984741211,92.8125,80.63282012939453,4368282
2022-03-15,92.7750015258789,93.5250015258789,91.05000305175781,91.5374984741211,79.525146484375,5331370
2022-03-16,92.2125015258789,92.8125,91.9124984741211,92.55000305175781,80.40477752685547,5318215
2022-03-17,93.0374984741211,95.2125015258789,93.0,94.3125,81.93598175048828,6844035
2022-03-21,94.5,94.8375015258789,93.30000305175781,93.44999694824219,81.1866683959961,3176026
2022-03-22,93.63749694824219,94.42500305175781,92.69999694824219,94.19999694824219,81.8382339477539,2676033
2022-03-23,94.4625015258789,95.17500305175781,94.01249694824219,94.7249984741211,82.29434967041016,3128263
2022-03-24,94.3499984741211,95.17500305175781,93.5999984741211,93.82499694824219,81.512451171875,3695230
2022-03-25,94.5,94.5,93.0,93.1875,80.9586181640625,2973326
2022-03-28,93.1875,93.5250015258789,91.42500305175781,92.2874984741211,80.17671966552734,4240135
2022-03-29,92.5875015258789,93.3375015258789,91.61250305175781,92.0625,79.98125457763672,3056973
2022-03-30,92.92500305175781,92.92500305175781,92.0625,92.5875015258789,80.4373550415039,5702629
2022-03-31,92.9625015258789,92.9625015258789,91.94999694824219,92.2874984741211,80.17671966552734,6672771
2022-04-01,92.32499694824219,95.4000015258789,92.17500305175781,95.13749694824219,82.6527099609375,9326033
2022-04-04,95.32499694824219,98.69999694824219,95.32499694824219,98.4749984741211,85.55224609375,8676633
2022-04-05,99.1875,99.7125015258789,97.80000305175781,99.30000305175781,86.26898193359375,4920641
2022-04-06,98.9625015258789,101.0999984741211,98.69999694824219,100.125,86.9857177734375,7099523
2022-04-07,100.125,101.8499984741211,99.07499694824219,99.7874984741211,86.6925048828125,5871309
2022-04-08,99.75,100.6875,99.44999694824219,100.3499984741211,87.18118286132812,3423786
2022-04-11,100.42500305175781,100.94999694824219,99.7125015258789,100.42500305175781,87.24634552001953,2657746
2022-04-12,100.3125,100.3125,97.42500305175781,98.0999984741211,85.22644805908203,4456422
2022-04-13,98.25,98.88749694824219,97.57499694824219,97.875,85.0309829711914,3122287
2022-04-18,98.13749694824219,98.51249694824219,96.5625,98.0999984741211,85.22644805908203,3012578
2022-04-19,98.69999694824219,99.5999984741211,96.0,97.0875015258789,84.34681701660156,3609411
2022-04-20,97.3499984741211,97.6875,95.88749694824219,96.4124984741211,83.76040649414062,3108583
2022-04-21,96.9749984741211,97.76249694824219,96.7125015258789,97.5,84.70518493652344,2994037
2022-04-22,96.9000015258789,97.57499694824219,96.1500015258789,96.375,83.72782135009766,2006563
2022-04-25,96.0,96.26249694824219,94.125,94.5,82.098876953125,3879475
2022-04-26,95.32499694824219,96.75,94.9124984741211,96.1500015258789,83.53235626220703,3406898
2022-04-27,95.9625015258789,96.1500015258789,94.94999694824219,95.2874984741211,82.78303527832031,2476378
2022-04-28,95.92500305175781,96.1500015258789,94.76249694824219,95.625,83.07624053955078,2480205
2022-04-29,96.7125015258789,97.2750015258789,94.94999694824219,95.25,82.75045013427734,3700807
2022-05-02,94.4625015258789,95.2125015258789,93.86250305175781,94.875,82.4246597290039,2118795
2022-05-04,95.55000305175781,95.73750305175781,92.25,92.5875015258789,80.4373550415039,3894841
2022-05-05,93.0374984741211,94.80000305175781,92.2874984741211,92.4749984741211,80.33961486816406,2863121
2022-05-06,92.0250015258789,92.2874984741211,90.26249694824219,91.9124984741211,79.8509292602539,3720034
2022-05-09,91.875,92.4749984741211,89.625,91.4625015258789,79.4599838256836,4999449
2022-05-10,91.5,93.07499694824219,90.11250305175781,90.26249694824219,78.41744995117188,3026913
2022-05-11,90.75,91.1624984741211,87.30000305175781,88.94999694824219,77.27719116210938,6323694
2022-05-12,88.5374984741211,88.94999694824219,85.9124984741211,86.92500305175781,75.51793670654297,6555770
2022-05-13,87.7874984741211,88.7249984741211,85.125,85.5,74.2799301147461,8043958
2022-05-16,86.4375,87.3375015258789,84.9375,86.6624984741211,75.28988647460938,4935810
2022-05-17,87.375,89.32499694824219,86.55000305175781,89.0999984741211,77.40751647949219,4148009
2022-05-18,89.6624984741211,90.0374984741211,88.125,88.5374984741211,76.9188232421875,4295745
2022-05-19,87.44999694824219,87.67500305175781,86.4000015258789,87.1500015258789,75.71340942382812,3615695
2022-05-20,87.9749984741211,88.6875,87.5999984741211,88.3125,76.72335815429688,2532203
2022-05-23,89.2125015258789,90.1500015258789,88.42500305175781,89.25,77.53782653808594,3728799
2022-05-24,89.69999694824219,89.8499984741211,88.0875015258789,88.57499694824219,76.95140838623047,2890658
2022-05-25,88.80000305175781,89.17500305175781,87.07499694824219,87.3375015258789,75.87629699707031,2374086
2022-05-26,88.3499984741211,89.5875015258789,86.0625,89.0250015258789,77.34235382080078,5252889
2022-05-27,89.4749984741211,90.48750305175781,88.875,89.9625015258789,78.1568374633789,4043779
2022-05-30,90.75,90.75,89.4000015258789,90.0374984741211,78.22198486328125,4712957
2022-05-31,90.0,90.3375015258789,88.875,89.36250305175781,77.63557434082031,12336197
2022-06-01,89.55000305175781,90.3375015258789,88.9124984741211,89.25,77.53782653808594,3812158
2022-06-02,89.2125015258789,91.0875015258789,89.0625,90.63749694824219,78.74324035644531,5179774
2022-06-03,91.3499984741211,91.3499984741211,89.25,89.36250305175781,77.63557434082031,4255277
2022-06-06,88.76249694824219,89.0999984741211,85.98750305175781,86.6624984741211,75.28988647460938,8843911
2022-06-07,86.25,87.5999984741211,85.98750305175781,87.1875,75.74598693847656,3482814
2022-06-08,87.7125015258789,89.5875015258789,87.1500015258789,89.0625,77.37493133544922,4443819
2022-06-09,88.7249984741211,88.98750305175781,88.1624984741211,88.5,76.8862533569336,2006634
2022-06-10,88.125,88.875,87.48750305175781,88.3499984741211,76.75592803955078,2495693
2022-06-13,87.26249694824219,87.5625,85.61250305175781,85.76249694824219,74.50798034667969,4884247
2022-06-14,85.5,86.8125,84.7125015258789,85.125,73.95414733886719,3772003
2022-06-15,85.3125,85.6500015258789,84.5250015258789,85.2750015258789,74.08446502685547,2848885
2022-06-16,85.8375015258789,86.0999984741211,83.6624984741211,84.0374984741211,73.00934600830078,4167937
2022-06-17,84.0,85.57499694824219,82.5,84.5999984741211,73.49803924560547,6852998
2022-06-20,85.5,85.5,82.23750305175781,83.4000015258789,72.45551300048828,6389374
2022-06-21,83.92500305175781,87.2249984741211,83.88749694824219,86.88749694824219,75.4853515625,5000902
2022-06-22,86.92500305175781,87.44999694824219,85.875,86.4749984741211,75.12698364257812,3914105
2022-06-23,86.6624984741211,87.9000015258789,86.0999984741211,87.67500305175781,76.16951751708984,3784051
2022-06-24,88.3499984741211,89.0250015258789,87.9000015258789,88.4625015258789,76.85366821289062,3955377
2022-06-27,89.69999694824219,90.0,89.0250015258789,89.51249694824219,77.76587677001953,3023646
2022-06-28,89.4749984741211,90.5999984741211,89.2874984741211,90.1500015258789,78.31971740722656,4964942
2022-06-29,89.5875015258789,90.26249694824219,88.9124984741211,90.0,78.18940734863281,2959094
2022-06-30,90.9000015258789,93.0,90.44999694824219,92.8125,80.63282012939453,10286142
2022-07-01,92.0999984741211,94.5,90.07499694824219,94.2750015258789,81.90339660644531,25435899
2022-07-04,94.8375015258789,97.19999694824219,94.23750305175781,96.7874984741211,84.08618927001953,8936519
2022-07-05,97.3499984741211,97.875,95.25,96.1875,83.56493377685547,35671303
2022-07-06,95.92500305175781,97.3499984741211,95.55000305175781,97.23750305175781,84.47713470458984,3545326
2022-07-07,97.875,98.0625,96.7874984741211,97.4625015258789,84.672607421875,3349231
2022-07-08,97.98750305175781,98.4375,97.3499984741211,98.0999984741211,85.22644805908203,4014009
2022-07-11,97.94999694824219,98.625,97.3125,97.875,85.0309829711914,6949966
2022-07-12,94.0875015258789,94.38749694824219,92.92500305175781,93.11250305175781,83.98246765136719,5494322
2022-07-13,93.2249984741211,93.30000305175781,91.19999694824219,91.61250305175781,82.62954711914062,4113181
2022-07-14,91.5,92.17500305175781,90.44999694824219,90.9749984741211,82.05455017089844,4283942
2022-07-15,91.05000305175781,91.38749694824219,90.07499694824219,91.19999694824219,82.25749969482422,2430447
2022-07-18,91.875,93.0374984741211,91.23750305175781,92.73750305175781,83.64423370361328,3435763
2022-07-19,92.625,94.7249984741211,92.2125015258789,94.5,85.23391723632812,2864850
2022-07-20,95.25,95.25,93.44999694824219,93.82499694824219,84.6250991821289,4035749
2022-07-21,93.9000015258789,94.57499694824219,93.375,94.42500305175781,85.16627502441406,4781237
2022-07-22,94.6875,94.9124984741211,94.3125,94.61250305175781,85.33539581298828,2891418
2022-07-25,94.80000305175781,96.5250015258789,94.7249984741211,96.07499694824219,86.65447998046875,4189914
2022-07-26,96.5625,96.67500305175781,94.80000305175781,94.9124984741211,85.60596466064453,2964979
2022-07-27,94.98750305175781,97.0875015258789,94.98750305175781,96.9749984741211,87.46623229980469,4694373
2022-07-28,97.5374984741211,97.80000305175781,96.63749694824219,97.125,87.60152435302734,3612602
2022-07-29,97.61250305175781,98.6624984741211,97.3125,98.25,88.6162109375,4047243
2022-08-01,99.0,99.75,98.625,99.63749694824219,89.86766052246094,3930194
2022-08-02,99.75,101.13749694824219,99.1500015258789,100.76249694824219,90.88235473632812,4258578
2022-08-03,100.80000305175781,101.13749694824219,99.0,100.3125,90.47647857666016,3081570
2022-08-04,100.8375015258789,100.8375015258789,98.5875015258789,99.5250015258789,89.76619720458984,3071194
2022-08-05,99.75,100.6875,99.5999984741211,100.125,90.30735778808594,3529711
2022-08-08,100.80000305175781,100.80000305175781,99.4124984741211,100.0875015258789,90.27354431152344,3878742
2022-08-10,100.125,100.5,99.2249984741211,100.19999694824219,90.37500762939453,3712661
2022-08-11,100.5,101.8125,99.86250305175781,101.5875015258789,91.62645721435547,4575851
2022-08-12,102.0,103.38749694824219,101.5875015258789,102.82499694824219,92.74261474609375,6812255
2022-08-16,103.9124984741211,103.9124984741211,102.11250305175781,103.05000305175781,92.945556640625,6514294
2022-08-17,103.55000305175781,106.0,102.80000305175781,105.5,95.15533447265625,11144403
2022-08-18,105.80000305175781,106.44999694824219,104.80000305175781,105.44999694824219,95.1102294921875,5286338
2022-08-19,105.69999694824219,105.69999694824219,104.4000015258789,104.9000015258789,94.61416625976562,3209778
2022-08-22,104.80000305175781,104.80000305175781,103.19999694824219,103.3499984741211,93.21614074707031,3119733
2022-08-23,102.6500015258789,105.6500015258789,102.5,105.4000015258789,95.06513214111328,3954118
2022-08-24,105.3499984741211,105.8499984741211,104.30000305175781,105.5999984741211,95.24551391601562,2277452
2022-08-25,106.0,108.69999694824219,105.8499984741211,107.80000305175781,97.22980499267578,4611081
2022-08-26,108.9000015258789,109.69999694824219,108.30000305175781,108.5999984741211,97.95136260986328,6251906
2022-08-29,106.25,107.69999694824219,106.0,107.25,96.73373413085938,7070586
2022-08-30,108.0,109.44999694824219,107.0,108.75,98.0866470336914,7042420
2022-09-01,108.0,108.4000015258789,106.9000015258789,107.4000015258789,96.86902618408203,6817616
2022-09-02,108.1500015258789,108.30000305175781,106.8499984741211,107.1500015258789,96.64353942871094,3236786
2022-09-05,107.6500015258789,108.05000305175781,106.0,106.25,95.83177947998047,3723607
2022-09-06,106.9000015258789,109.25,105.5999984741211,107.94999694824219,97.3650894165039,5284384
2022-09-07,107.6500015258789,108.8499984741211,107.5,107.8499984741211,97.27489471435547,4119501
2022-09-08,108.44999694824219,108.44999694824219,105.94999694824219,106.44999694824219,96.01216888427734,4552160
2022-09-09,107.0,107.0,104.94999694824219,105.3499984741211,95.02003479003906,3424316
2022-09-12,105.5,106.5999984741211,105.3499984741211,106.0,95.6063003540039,3073061
2022-09-13,106.69999694824219,106.9000015258789,106.0,106.05000305175781,95.65140533447266,3262485
2022-09-14,105.0,106.0999984741211,104.75,105.1500015258789,94.83964538574219,3184879
2022-09-15,105.5,106.9000015258789,104.94999694824219,106.4000015258789,95.96707153320312,4457007
2022-09-16,106.9000015258789,107.6500015258789,102.69999694824219,104.05000305175781,93.8475112915039,14638356
2022-09-19,104.4000015258789,104.75,102.80000305175781,103.0999984741211,92.99065399169922,2917515
2022-09-20,104.19999694824219,104.19999694824219,103.1500015258789,103.55000305175781,93.39653778076172,2623827
2022-09-21,103.55000305175781,104.0999984741211,102.44999694824219,102.8499984741211,92.76517486572266,3635123
2022-09-22,102.80000305175781,104.0,102.19999694824219,103.6500015258789,93.48672485351562,4735736
2022-09-23,102.94999694824219,103.5,101.0,101.30000305175781,91.36715698242188,4448206
2022-09-26,100.0,100.9000015258789,97.5999984741211,97.8499984741211,88.25543212890625,6219141
2022-09-27,97.94999694824219,99.19999694824219,96.5,96.8499984741211,87.35348510742188,9330496
2022-09-28,96.0999984741211,96.80000305175781,95.5,95.6500015258789,86.27115631103516,6793224
2022-09-29,96.0999984741211,96.5999984741211,93.30000305175781,94.25,85.00843048095703,8961792
2022-09-30,94.25,94.69999694824219,92.8499984741211,94.0,84.78294372558594,13253472
2022-10-03,94.1500015258789,94.1500015258789,91.4000015258789,91.80000305175781,82.79866790771484,9460434
2022-10-04,92.9000015258789,94.0,92.5,93.6500015258789,84.4672622680664,6252237
2022-10-06,94.80000305175781,95.75,94.0999984741211,95.5,86.1358642578125,6223294
2022-10-07,95.5,95.5,94.4000015258789,95.1500015258789,85.82018280029297,3603038
2022-10-10,94.0,94.44999694824219,92.80000305175781,93.0,83.88099670410156,7257911
2022-10-11,93.25,93.4000015258789,91.9000015258789,92.05000305175781,83.02415466308594,4162842
2022-10-12,92.1500015258789,92.8499984741211,91.5999984741211,92.4000015258789,83.33983612060547,4886498
2022-10-13,92.69999694824219,92.69999694824219,91.4000015258789,91.94999694824219,82.93395233154297,6193522
2022-10-14,93.0999984741211,93.19999694824219,91.6500015258789,91.9000015258789,82.88886260986328,5376042
2022-10-17,91.9000015258789,92.0999984741211,91.05000305175781,91.6500015258789,82.66336822509766,5555192
2022-10-18,92.1500015258789,94.30000305175781,91.8499984741211,93.9000015258789,84.69274139404297,8152180
2022-10-19,94.5999984741211,94.69999694824219,93.4000015258789,93.69999694824219,84.51235961914062,7192398
2022-10-20,93.5,93.9000015258789,92.5999984741211,93.6500015258789,84.4672622680664,4971659
2022-10-21,94.0,94.3499984741211,93.3499984741211,93.6500015258789,84.4672622680664,4485275
2022-10-24,94.94999694824219,94.94999694824219,94.19999694824219,94.6500015258789,85.36920928955078,1462832
2022-10-25,94.94999694824219,95.0999984741211,93.1500015258789,94.4000015258789,85.14373016357422,9001250
2022-10-27,95.19999694824219,97.0,94.30000305175781,96.5,87.03780364990234,17893756
2022-10-28,97.4000015258789,100.30000305175781,96.75,99.8499984741211,90.059326171875,23243795
2022-10-31,101.25,103.0999984741211,99.69999694824219,102.55000305175781,92.49459075927734,18175401
2022-11-01,103.0,103.69999694824219,102.5,103.1500015258789,93.03575134277344,9274933
2022-11-02,104.0,104.25,102.75,103.4000015258789,93.26124572753906,8339979
2022-11-03,103.0,104.30000305175781,102.75,104.1500015258789,93.93769836425781,13117383
2022-11-04,104.19999694824219,104.6500015258789,103.5999984741211,104.0,93.80240631103516,12081873
2022-11-07,100.19999694824219,101.8499984741211,99.4000015258789,101.55000305175781,96.2185287475586,13065969
2022-11-09,101.55000305175781,101.9000015258789,100.19999694824219,100.8499984741211,95.55528259277344,6004697
2022-11-10,100.4000015258789,100.4000015258789,99.0,99.6500015258789,94.41828155517578,10072926
2022-11-11,100.4000015258789,101.1500015258789,99.1500015258789,99.9000015258789,94.6551513671875,10433369
2022-11-14,100.25,100.5999984741211,99.30000305175781,100.0999984741211,94.84465789794922,3900469
2022-11-15,100.55000305175781,100.80000305175781,99.80000305175781,100.25,94.98677825927734,4061038
2022-11-16,100.25,100.8499984741211,99.25,99.69999694824219,94.46565246582031,4992320
2022-11-17,99.6500015258789,101.75,99.1500015258789,100.30000305175781,95.03416442871094,10292615
2022-11-18,100.5,101.25,99.5,100.05000305175781,94.79728698730469,7268505
2022-11-21,100.0999984741211,100.30000305175781,99.05000305175781,99.6500015258789,94.41828155517578,5618444
2022-11-22,100.1500015258789,100.19999694824219,99.44999694824219,99.69999694824219,94.46565246582031,7762721
2022-11-23,100.0999984741211,100.3499984741211,99.44999694824219,99.5999984741211,94.37090301513672,7302106
2022-11-24,99.94999694824219,103.75,99.69999694824219,103.30000305175781,97.87665557861328,18875982
2022-11-25,103.5,109.94999694824219,103.0999984741211,109.05000305175781,103.32477569580078,29877176
2022-11-28,109.75,113.80000305175781,109.44999694824219,110.25,104.4617691040039,29859790
2022-11-29,110.80000305175781,111.30000305175781,109.0999984741211,109.44999694824219,103.70377349853516,8830643
2022-11-30,109.8499984741211,111.0,109.44999694824219,110.3499984741211,104.55652618408203,11415274
2022-12-01,112.0,112.0,109.6500015258789,110.94999694824219,105.12501525878906,9937044
2022-12-02,111.5,111.5,110.19999694824219,111.0,105.17240142822266,6129727
2022-12-05,111.4000015258789,113.05000305175781,110.5,111.8499984741211,105.97776794433594,11813355
2022-12-06,111.80000305175781,112.1500015258789,110.5,110.9000015258789,105.07764434814453,6283354
2022-12-07,110.80000305175781,113.5,110.6500015258789,113.05000305175781,107.11477661132812,16848824
2022-12-08,113.6500015258789,115.0,113.19999694824219,114.30000305175781,108.29914855957031,13925336
2022-12-09,114.94999694824219,115.69999694824219,109.6500015258789,111.6500015258789,105.78826904296875,10866022
2022-12-12,111.3499984741211,112.69999694824219,110.55000305175781,112.55000305175781,106.64102172851562,7912674
2022-12-13,112.69999694824219,113.0,111.1500015258789,111.94999694824219,106.07251739501953,9509178
2022-12-14,112.30000305175781,114.05000305175781,112.05000305175781,113.30000305175781,107.35164642333984,7451278
2022-12-15,113.5,115.5999984741211,112.8499984741211,114.19999694824219,108.20439147949219,14198423
2022-12-16,113.94999694824219,114.3499984741211,110.6500015258789,110.9000015258789,105.07764434814453,9252067
2022-12-19,111.0,113.80000305175781,111.0,113.30000305175781,107.35164642333984,7003000
2022-12-20,113.30000305175781,113.30000305175781,111.0,112.25,106.35677337646484,5323451
2022-12-21,112.80000305175781,112.94999694824219,109.80000305175781,110.05000305175781,104.27227020263672,9464490
2022-12-22,111.5999984741211,113.44999694824219,110.1500015258789,112.5,106.59364318847656,17816529
2022-12-23,112.0,112.44999694824219,108.25,108.75,103.04051971435547,12678874
2022-12-26,108.80000305175781,114.5999984741211,108.0,114.0,108.014892578125,11744504
2022-12-27,114.5,115.44999694824219,112.30000305175781,113.44999694824219,107.49376678466797,7594964
2022-12-28,113.44999694824219,114.80000305175781,112.80000305175781,113.3499984741211,107.39901733398438,5763285
2022-12-29,113.0,114.05000305175781,111.5,113.8499984741211,107.87276458740234,6321264
2022-12-30,114.0999984741211,118.5,113.5999984741211,116.5,110.3836441040039,16350601
2023-01-02,117.80000305175781,120.75,117.0,120.4000015258789,114.07888793945312,19310744
2023-01-03,121.25,123.9000015258789,119.75,123.0,116.5423812866211,27524213
2023-01-04,122.8499984741211,123.8499984741211,119.94999694824219,122.19999694824219,115.78438568115234,14375149
2023-01-05,122.9000015258789,124.25,121.05000305175781,123.8499984741211,117.3477554321289,9774790
2023-01-06,124.3499984741211,126.0999984741211,122.5999984741211,123.69999694824219,117.20563507080078,15575269
2023-01-09,124.94999694824219,126.25,124.30000305175781,125.55000305175781,118.95851135253906,8916789
2023-01-10,125.6500015258789,125.80000305175781,122.0999984741211,123.1500015258789,116.68450927734375,8123881
2023-01-11,123.5999984741211,123.69999694824219,121.0,121.75,115.3580093383789,7187284
2023-01-12,122.0,122.1500015258789,119.3499984741211,120.6500015258789,114.31576538085938,6547602
2023-01-13,121.0,123.44999694824219,120.30000305175781,122.80000305175781,116.3528823852539,5902262
2023-01-16,123.0,124.4000015258789,122.25,123.44999694824219,116.96875762939453,6285534
2023-01-17,123.69999694824219,124.25,121.25,123.0999984741211,116.63713073730469,6968664
2023-01-18,123.5,124.3499984741211,122.94999694824219,123.69999694824219,117.20563507080078,7636685
2023-01-19,123.5,123.80000305175781,122.5,123.55000305175781,117.06350708007812,3815492
2023-01-20,123.94999694824219,125.5,123.3499984741211,124.0999984741211,117.58463287353516,9653692
2023-01-23,124.94999694824219,124.94999694824219,123.80000305175781,124.3499984741211,117.8215103149414,3611592
2023-01-24,124.75,124.8499984741211,122.3499984741211,122.9000015258789,116.4476318359375,3929827
2023-01-25,122.9000015258789,123.19999694824219,119.5999984741211,120.5,114.17362976074219,10632753
2023-01-27,120.5,120.94999694824219,112.05000305175781,115.1500015258789,109.1045150756836,17188911
2023-01-30,115.30000305175781,118.55000305175781,114.75,115.94999694824219,109.86251831054688,7768757
2023-01-31,116.1500015258789,122.0999984741211,114.0,121.75,115.3580093383789,13672983
2023-02-01,122.9000015258789,123.0,115.94999694824219,117.44999694824219,111.28376007080078,14504365
2023-02-02,117.4000015258789,120.25,116.25,117.75,111.5680160522461,7459937
2023-02-03,118.25,119.0,115.5,118.75,112.51551818847656,6938807
2023-02-06,119.3499984741211,121.5,119.0,121.0999984741211,114.74213409423828,8742504
2023-02-07,121.44999694824219,123.3499984741211,120.19999694824219,120.5999984741211,114.26838684082031,9355097
2023-02-08,121.25,121.5,119.75,120.8499984741211,114.50525665283203,7409779
2023-02-09,117.55000305175781,118.55000305175781,115.94999694824219,117.30000305175781,114.2131576538086,6545269
2023-02-10,117.0,118.19999694824219,116.5,117.0,113.92105102539062,3526586
2023-02-13,116.80000305175781,117.25,113.3499984741211,114.05000305175781,111.0486831665039,5926426
2023-02-14,114.30000305175781,114.30000305175781,110.44999694824219,113.55000305175781,110.56184387207031,11217322
2023-02-15,113.30000305175781,116.25,113.0999984741211,115.8499984741211,112.80131530761719,5573008
2023-02-16,116.5,117.0999984741211,115.5999984741211,116.44999694824219,113.3855209350586,4019208
2023-02-17,115.8499984741211,116.55000305175781,114.8499984741211,115.5999984741211,112.55789184570312,3000421
2023-02-20,115.94999694824219,116.0,113.25,113.55000305175781,110.56184387207031,7418836
2023-02-21,113.55000305175781,115.4000015258789,112.5999984741211,113.94999694824219,110.95130920410156,4220675
2023-02-22,113.0,113.44999694824219,111.5,112.05000305175781,109.101318359375,5557791
2023-02-23,112.0,113.1500015258789,111.25,112.80000305175781,109.83158111572266,3623161
2023-02-24,113.4000015258789,113.80000305175781,112.4000015258789,113.0,110.02631378173828,3476646
2023-02-27,112.9000015258789,113.0,110.75,111.9000015258789,108.95526123046875,4467937
2023-02-28,112.19999694824219,115.0,111.94999694824219,114.30000305175781,111.29210662841797,9034566
2023-03-01,114.75,115.55000305175781,113.8499984741211,115.05000305175781,112.02236938476562,7363118
2023-03-02,115.25,116.0999984741211,114.8499984741211,115.75,112.70394897460938,3413410
2023-03-03,116.5,118.9000015258789,116.5,118.1500015258789,115.04078674316406,7553470
2023-03-06,118.75,122.25,118.25,121.44999694824219,118.25394439697266,9315446
2023-03-08,120.80000305175781,125.19999694824219,120.1500015258789,124.6500015258789,121.36973571777344,12807032
2023-03-09,124.94999694824219,128.4499969482422,124.69999694824219,126.05000305175781,122.73289489746094,13020658
2023-03-10,126.05000305175781,126.05000305175781,121.25,122.4000015258789,119.17894744873047,10105366
2023-03-13,123.19999694824219,123.44999694824219,119.0,119.6500015258789,116.50131225585938,7017652
2023-03-14,119.55000305175781,119.6500015258789,116.75,117.05000305175781,113.96973419189453,7954918
2023-03-15,117.5999984741211,119.5999984741211,116.4000015258789,116.75,113.67762756347656,6316701
2023-03-16,116.80000305175781,117.8499984741211,114.9000015258789,117.19999694824219,114.11578369140625,8218711
2023-03-17,118.0,118.94999694824219,115.6500015258789,118.3499984741211,115.23551940917969,17093755
2023-03-20,118.9000015258789,118.9000015258789,115.05000305175781,116.1500015258789,113.09342193603516,4336995
2023-03-21,116.94999694824219,118.8499984741211,116.19999694824219,118.6500015258789,115.52763366699219,6321736
2023-03-22,118.9000015258789,120.0999984741211,118.19999694824219,118.5,115.38157653808594,4909359
2023-03-23,118.0,118.9000015258789,117.05000305175781,117.4000015258789,114.3105239868164,4117362
2023-03-24,117.4000015258789,117.5,114.80000305175781,115.1500015258789,112.11973571777344,4063763
2023-03-27,115.1500015258789,115.9000015258789,113.80000305175781,115.05000305175781,112.02236938476562,4746510
2023-03-28,115.44999694824219,115.5,113.19999694824219,114.0999984741211,111.09736633300781,3499631
2023-03-29,114.05000305175781,116.0,113.80000305175781,115.75,112.70394897460938,3240893
2023-03-31,116.0,117.1500015258789,115.05000305175781,115.44999694824219,112.41183471679688,7157701
2023-04-03,116.1500015258789,117.30000305175781,115.6500015258789,117.0999984741211,114.01841735839844,3774391
2023-04-05,117.1500015258789,118.0999984741211,116.0,117.69999694824219,114.60262298583984,4746533
2023-04-06,117.19999694824219,119.6500015258789,116.69999694824219,118.75,115.625,5950739
2023-04-10,119.0999984741211,124.44999694824219,118.55000305175781,124.05000305175781,120.78553009033203,13996876
2023-04-11,124.30000305175781,125.5999984741211,122.5999984741211,124.3499984741211,121.07762908935547,6856892
2023-04-12,124.05000305175781,124.6500015258789,123.0,123.30000305175781,120.05526733398438,3505826
2023-04-13,123.4000015258789,123.4000015258789,120.0,121.3499984741211,118.15657806396484,5447261
2023-04-17,121.25,123.5999984741211,120.5,122.9000015258789,119.66578674316406,6166859
2023-04-18,123.4000015258789,124.4000015258789,121.80000305175781,123.25,120.00657653808594,8159668
2023-04-19,123.25,124.3499984741211,122.55000305175781,122.8499984741211,119.61710357666016,2394983
2023-04-20,122.8499984741211,123.55000305175781,122.25,122.69999694824219,119.4710464477539,2099290
2023-04-21,122.69999694824219,123.25,121.55000305175781,121.9000015258789,118.69210815429688,3961253
2023-04-24,122.05000305175781,124.1500015258789,121.05000305175781,123.94999694824219,120.68815612792969,4726202
2023-04-25,124.4000015258789,127.44999694824219,124.0,125.05000305175781,121.75920867919922,9397015
2023-04-26,125.0,126.0,124.3499984741211,125.30000305175781,122.00263214111328,4179866
2023-04-27,125.19999694824219,125.80000305175781,124.44999694824219,125.0999984741211,121.80789184570312,3724514
2023-04-28,125.44999694824219,132.39999389648438,125.1500015258789,132.14999389648438,128.67236328125,24029372
2023-05-02,133.89999389648438,138.39999389648438,133.0500030517578,136.4499969482422,132.8592071533203,20740058
2023-05-03,136.1999969482422,138.60000610351562,135.75,136.14999389648438,132.5670928955078,10032855
2023-05-04,136.6999969482422,140.8000030517578,136.25,136.89999389648438,133.29736328125,12035888
2023-05-05,137.0500030517578,137.6999969482422,132.10000610351562,132.3000030517578,128.81842041015625,12581014
2023-05-08,132.89999389648438,135.25,132.5,133.60000610351562,130.08421325683594,8158248
2023-05-09,133.6999969482422,135.4499969482422,131.5,131.9499969482422,128.47763061523438,6029220
2023-05-10,132.10000610351562,132.4499969482422,130.6999969482422,131.4499969482422,127.99078369140625,5728123
2023-05-11,132.35000610351562,133.60000610351562,131.35000610351562,131.60000610351562,128.1368408203125,7647215
2023-05-12,131.39999389648438,133.35000610351562,130.35000610351562,132.85000610351562,129.3539581298828,6697676
2023-05-15,133.4499969482422,136.8000030517578,131.6999969482422,136.35000610351562,132.7618408203125,8845743
2023-05-16,136.9499969482422,137.5500030517578,132.25,132.64999389648438,129.15919494628906,18848790
2023-05-17,133.39999389648438,134.25,131.35000610351562,133.10000610351562,129.5973663330078,9026909
2023-05-18,133.10000610351562,134.35000610351562,129.0500030517578,129.5,126.09210205078125,11351018
2023-05-19,130.25,130.5500030517578,127.4000015258789,129.8000030517578,126.38420867919922,7924933
2023-05-22,129.8000030517578,130.39999389648438,128.8000030517578,129.0,125.60526275634766,7575592
2023-05-23,129.5,131.5,128.35000610351562,130.5,127.06578826904297,9958429
2023-05-24,130.5,131.4499969482422,129.8000030517578,130.89999389648438,127.45525360107422,4991702
2023-05-25,130.8000030517578,133.35000610351562,130.5,133.0,129.5,7354404
2023-05-26,133.0,133.85000610351562,132.0500030517578,133.4499969482422,129.9381561279297,6649980
2023-05-29,134.5,137.8000030517578,134.0,135.85000610351562,132.27500915527344,11395309
2023-05-30,136.0,141.0,135.1999969482422,140.35000610351562,136.65658569335938,15899557
2023-05-31,140.4499969482422,142.64999389648438,139.75,141.5500030517578,137.8249969482422,13591196
2023-06-01,142.14999389648438,142.4499969482422,140.39999389648438,140.60000610351562,136.90000915527344,6036123
2023-06-02,141.75,145.1999969482422,141.4499969482422,144.25,140.45394897460938,11032233
2023-06-05,145.0,147.1999969482422,144.64999389648438,145.25,141.42762756347656,10772251
2023-06-06,145.5,146.39999389648438,142.89999389648438,146.14999389648438,142.30393981933594,5730697
2023-06-07,146.60000610351562,147.35000610351562,146.14999389648438,146.5500030517578,142.69342041015625,3927043
2023-06-08,146.60000610351562,147.5,145.0,145.8000030517578,141.96316528320312,6645263
2023-06-09,145.89999389648438,149.4499969482422,145.1999969482422,149.0500030517578,145.12762451171875,8270232
2023-06-12,149.60000610351562,155.10000610351562,148.8000030517578,154.60000610351562,150.53158569335938,14649620
2023-06-13,155.14999389648438,156.1999969482422,151.8000030517578,154.89999389648438,150.82366943359375,12418368
2023-06-14,155.39999389648438,155.9499969482422,152.9499969482422,153.6999969482422,149.65525817871094,7737722
2023-06-15,154.64999389648438,155.14999389648438,151.0,151.5500030517578,147.5618438720703,7666988
2023-06-16,151.75,153.64999389648438,150.5500030517578,152.60000610351562,148.58421325683594,7403920
2023-06-19,153.0,154.60000610351562,152.0500030517578,153.85000610351562,149.8013153076172,7123074
2023-06-20,153.9499969482422,161.0,153.3000030517578,159.8000030517578,155.59474182128906,15061901
2023-06-21,161.10000610351562,168.85000610351562,160.60000610351562,163.85000610351562,159.5381622314453,24747224
2023-06-22,163.89999389648438,163.89999389648438,156.5,159.0500030517578,154.86447143554688,14009571
2023-06-23,160.0,160.89999389648438,155.4499969482422,156.0,151.8947296142578,8520782
2023-06-26,157.0,159.39999389648438,155.1999969482422,156.25,152.13815307617188,10223521
2023-06-27,157.0,161.60000610351562,156.60000610351562,161.0,156.76315307617188,13863522
2023-06-28,161.0,161.0,161.0,161.0,156.76315307617188,0
2023-06-30,169.0,169.5,164.0,164.64999389648438,160.3170928955078,15082058
2023-07-03,166.1999969482422,168.0,163.64999389648438,166.25,161.875,9381695
2023-07-04,167.89999389648438,167.89999389648438,164.0,164.64999389648438,160.3170928955078,10877690
2023-07-05,165.10000610351562,167.0,164.39999389648438,166.5,162.11842346191406,5621375
2023-07-06,166.39999389648438,168.0,165.3000030517578,165.64999389648438,161.29078674316406,7090232
2023-07-07,166.39999389648438,166.8000030517578,164.3000030517578,165.89999389648438,161.53419494628906,6167119
2023-07-10,166.0,168.6999969482422,165.25,166.89999389648438,162.5078887939453,10949947
2023-07-11,167.9499969482422,171.14999389648438,166.5,169.39999389648438,164.9420928955078,17100113
2023-07-12,170.4499969482422,170.4499969482422,168.0,169.0,164.55262756347656,6928972
2023-07-13,169.60000610351562,169.60000610351562,163.75,165.3000030517578,160.9499969482422,10748152
2023-07-14,161.8000030517578,162.3000030517578,159.5,160.3000030517578,160.3000030517578,10445961
2023-07-17,160.6999969482422,161.89999389648438,159.85000610351562,161.1999969482422,161.1999969482422,5152924
2023-07-18,161.25,162.39999389648438,159.14999389648438,160.10000610351562,160.10000610351562,8351483
2023-07-19,160.10000610351562,163.3000030517578,160.0,162.35000610351562,162.35000610351562,5377036
2023-07-20,162.85000610351562,163.14999389648438,161.5500030517578,161.75,161.75,2955365
2023-07-21,161.14999389648438,162.8000030517578,160.39999389648438,161.85000610351562,161.85000610351562,6078651
2023-07-24,163.10000610351562,175.64999389648438,162.35000610351562,172.9499969482422,172.9499969482422,37880425
2023-07-25,174.25,174.25,171.0,172.14999389648438,172.14999389648438,12870386
2023-07-26,172.9499969482422,175.5500030517578,171.3000030517578,173.5500030517578,173.5500030517578,11027961
2023-07-27,173.75,188.9499969482422,173.3000030517578,188.1999969482422,188.1999969482422,59887084
2023-07-28,189.8000030517578,196.9499969482422,188.0,194.25,194.25,35054688
2023-07-31,194.6999969482422,203.85000610351562,193.0500030517578,202.9499969482422,202.9499969482422,28733969
2023-08-01,203.0,204.5500030517578,198.0,200.0,200.0,16275497
2023-08-02,199.0,202.60000610351562,191.4499969482422,196.3000030517578,196.3000030517578,20258835
2023-08-03,195.0,200.89999389648438,193.64999389648438,199.5500030517578,199.5500030517578,17437906
2023-08-04,200.3000030517578,202.4499969482422,197.39999389648438,199.39999389648438,199.39999389648438,8719652
2023-08-07,199.39999389648438,213.0,198.35000610351562,212.0500030517578,212.0500030517578,43892393
2023-08-08,213.14999389648438,220.6999969482422,208.0,217.0,217.0,52486221
